name,nickname,weight_class,wins,losses,draws,height_cm,reach_cm,stance,sig_strikes_landed_per_min,sig_strikes_absorbed_per_min,striking_accuracy,striking_defense,takedown_avg_per_fight,takedown_accuracy,takedown_defense,submission_avg_per_fight
Jessica Aguilar,,Strawweight,20,8,0,160.02,160.02,Orthodox,,7.19,50,53,0.94,,50,0.2
Deron Winn,,Strawweight,7,3,0,167.64,177.8,Orthodox,,6.21,44,46,4.28,,40,0.0
Gegard Mousasi,,Strawweight,42,6,2,187.96,193.04,Orthodox,,1.21,50,68,1.59,,59,1.1
Mike Pierce,,Strawweight,17,7,0,172.72,180.34,Orthodox,,2.36,42,62,3.08,,71,0.2
Hyun Gyu Lim,,Strawweight,13,7,1,190.5,195.58,Orthodox,,5.07,41,51,0.23,,73,0.2
Bo Nickal,,Strawweight,7,1,0,185.42,193.04,Southpaw,,2.11,59,58,3.34,,100,2.9
Phil Harris,,Strawweight,22,12,0,162.56,165.1,Orthodox,,3.16,26,68,1.76,,60,0.0
Jamie Varner,,Strawweight,21,11,1,172.72,180.34,Orthodox,,2.55,34,58,3.49,,66,0.8
Tom Gallicchio,,Strawweight,19,10,0,177.8,,Southpaw,,7.07,26,43,1.0,,0,0.0
Papy Abedi,,Strawweight,10,4,0,180.34,,Southpaw,,3.15,55,48,3.47,,50,1.3
Adriano Martins,,Strawweight,28,9,0,177.8,182.88,Southpaw,,2.14,38,65,0.83,,81,0.4
David Branch,,Strawweight,22,6,0,185.42,198.12,Orthodox,,1.91,39,56,2.55,,43,0.0
Matt Dwyer,,Strawweight,9,4,0,193.04,193.04,Orthodox,,3.24,34,54,0.44,,60,0.0
Murilo Bustamante,,Strawweight,15,8,1,187.96,,Orthodox,,1.9,32,60,2.46,,54,1.2
Jason High,,Strawweight,21,6,0,172.72,185.42,Southpaw,,1.56,42,48,2.36,,37,2.8
Hannah Goldy,,Strawweight,6,4,0,162.56,154.94,Orthodox,,4.67,47,50,0.66,,54,0.2
Nate Diaz,,Strawweight,22,13,0,182.88,193.04,Southpaw,,3.77,45,52,1.05,,41,1.3
Rick Davis,,Strawweight,3,1,1,175.26,,Orthodox,,6.19,50,64,0.0,,0,0.0
Matt Sayles,,Strawweight,8,4,0,170.18,172.72,Orthodox,,2.81,41,61,0.36,,81,0.7
Paulo Santos,,,0,3,0,,,,,0.0,0,0,0.0,,0,0.0
Marnic Mann,,Strawweight,6,3,0,152.4,162.56,Southpaw,,5.08,41,31,1.9,,25,0.4
Damir Ismagulov,,Strawweight,24,3,0,177.8,187.96,Orthodox,,2.44,42,61,1.0,,70,0.0
Ramiro Hernandez,,Strawweight,19,9,0,175.26,,Orthodox,,5.51,28,64,0.0,,0,0.0
Sanae Kikuta,,Strawweight,31,9,3,175.26,,Orthodox,,0.9,45,52,1.6,,25,1.8
Nadia Kassem,,Strawweight,5,2,0,165.1,167.64,Southpaw,,4.48,41,48,0.46,,40,2.8
Kevin Jackson,,Strawweight,4,2,0,177.8,,Switch,,0.0,0,0,0.0,,0,0.0
Ji Yeon Kim,,Strawweight,9,7,2,170.18,182.88,Orthodox,,5.41,36,56,0.0,,50,0.1
Leslie Smith,,Strawweight,10,7,1,175.26,167.64,Orthodox,,8.41,40,51,0.0,,62,0.0
Ryan Madigan,,Strawweight,5,3,0,182.88,,Orthodox,,3.35,0,47,0.0,,0,0.0
Jenel Lausa,,Strawweight,7,5,0,165.1,172.72,Orthodox,,3.53,42,53,0.55,,51,0.8
William Knight,,Strawweight,11,5,0,177.8,185.42,Orthodox,,3.3,56,35,1.78,,48,0.4
Dan Moret,,Strawweight,13,6,0,182.88,185.42,Southpaw,,3.56,43,43,1.25,,45,0.4
Chris Saunders,,Strawweight,16,8,0,172.72,,,,2.96,22,75,3.7,,0,0.0
Humberto Brown Morrison,,Strawweight,4,6,0,177.8,,,,2.19,50,62,1.43,,0,0.0
Vinicius Queiroz,,Strawweight,8,4,0,200.66,,Orthodox,,4.1,51,41,5.07,,100,0.7
Boston Salmon,,Strawweight,6,3,0,175.26,175.26,Southpaw,,7.75,37,59,0.0,,100,0.0
Loik Radzhabov,,Strawweight,18,6,1,180.34,175.26,Orthodox,,3.76,44,46,4.65,,42,0.0
Larry Cureton,,Strawweight,0,2,0,187.96,,Orthodox,,0.0,0,0,0.0,,0,0.0
Fabio Gurgel,,Strawweight,3,2,0,182.88,,Orthodox,,0.0,0,0,0.0,,0,0.0
Dhiego Lima,,Strawweight,17,9,0,187.96,190.5,Orthodox,,3.88,39,58,1.26,,73,0.6
Shinsho Anzai,,Strawweight,10,3,0,170.18,177.8,Orthodox,,3.75,58,45,1.83,,75,0.0
Jesse Strader,,Strawweight,5,3,0,170.18,177.8,Orthodox,,5.28,51,47,3.87,,100,0.0
Roy Nelson,,Flyweight,22,14,0,182.88,185.42,Orthodox,,4.79,36,46,1.14,,65,0.1
Javid Basharat,,Strawweight,14,2,0,175.26,175.26,Orthodox,,2.96,53,61,1.62,,83,0.2
Kris Moutinho,,Strawweight,14,7,0,170.18,172.72,Southpaw,,14.68,31,29,0.0,,0,0.0
Drew Dober,,Strawweight,27,15,0,172.72,177.8,Southpaw,,4.33,40,51,0.66,,56,0.1
Jake Matthews,,Strawweight,22,7,0,180.34,185.42,Orthodox,,2.63,43,60,1.51,,67,0.6
War Machine,,Strawweight,14,5,0,180.34,,Orthodox,,3.17,60,43,1.16,,40,0.0
Quang Le,,Strawweight,9,2,0,167.64,177.8,Orthodox,,4.53,37,47,3.15,,100,0.5
Bruno Korea,,Strawweight,7,3,0,167.64,165.1,,,3.96,34,42,0.0,,25,0.0
Yuri Vaulin,,Strawweight,0,1,0,193.04,,Southpaw,,0.0,0,0,0.0,,0,0.0
Diego Nunes,,Strawweight,19,7,0,167.64,170.18,Orthodox,,2.59,43,58,1.18,,65,0.6
Ryan Loder,,Strawweight,8,2,0,187.96,193.04,Southpaw,,2.51,71,50,1.57,,100,1.6
Jesse Forbes,,Strawweight,15,5,0,187.96,190.5,Southpaw,,4.06,24,53,1.79,,66,1.2
Brian Cobb,,Strawweight,20,9,0,180.34,,Orthodox,,3.68,0,55,5.81,,0,0.0
Don Frye,,Strawweight,20,9,1,185.42,,Orthodox,,3.57,64,37,0.91,,45,0.7
Hatsu Hioki,,Strawweight,29,10,2,180.34,185.42,Orthodox,,2.12,42,65,2.55,,54,0.6
James Hammortree,,Strawweight,6,3,0,190.5,,Orthodox,,4.13,30,44,2.0,,100,1.0
Thomas Gifford,,Strawweight,14,9,0,185.42,190.5,Orthodox,,6.45,37,37,0.5,,33,0.0
Dominic Waters,,Strawweight,9,5,0,185.42,200.66,Orthodox,,2.53,23,39,4.07,,28,0.0
Brandon Wolff,,Strawweight,7,5,0,175.26,,Orthodox,,10.91,33,19,0.0,,0,0.0
Dan Bobish,,Welterweight,17,9,0,187.96,,Southpaw,,1.74,44,34,2.44,,0,1.6
Gray Maynard,,Strawweight,13,7,1,175.26,177.8,Orthodox,,2.64,32,66,2.91,,81,0.7
Christian Wellisch,,Strawweight,8,5,0,187.96,195.58,Orthodox,,3.04,27,56,1.22,,45,1.2
Sarah Frota,,Strawweight,9,2,0,167.64,175.26,Southpaw,,2.57,52,55,0.0,,53,0.0
Tomasz Drwal,,Strawweight,21,5,1,185.42,193.04,Orthodox,,2.26,38,57,3.55,,82,0.4
Mackens Semerzier,,Strawweight,8,4,0,175.26,182.88,Orthodox,,3.48,45,46,2.14,,50,2.1
Sarah Moras,,Strawweight,6,8,0,170.18,170.18,Orthodox,,3.58,34,50,0.67,,33,0.8
Manny Bermudez,,Strawweight,14,2,0,177.8,180.34,Orthodox,,2.68,61,46,3.06,,0,3.1
Jeff Molina,,Strawweight,11,2,0,167.64,175.26,Orthodox,,5.04,48,55,0.0,,66,0.0
Matheus Camilo,,Strawweight,9,3,0,177.8,175.26,Orthodox,,1.38,48,55,3.44,,0,1.7
Anthony Macias,,Strawweight,26,18,0,175.26,,Switch,,0.0,0,0,0.0,,0,0.0
Fabiano Scherner,,Flyweight,11,10,0,190.5,,Orthodox,,3.2,31,38,1.09,,40,0.0
Maheshate,,Strawweight,10,5,0,182.88,180.34,Orthodox,,5.96,31,51,0.0,,47,0.0
JC Cottrell,,Strawweight,17,5,0,175.26,,Orthodox,,2.75,25,45,0.79,,50,0.0
Aisling Daly,,Strawweight,16,6,0,157.48,162.56,Orthodox,,1.4,52,55,2.15,,33,0.9
Corey Hill,,Strawweight,6,9,0,193.04,203.2,Orthodox,,1.61,46,70,3.02,,100,0.0
Sione Latu,,Strawweight,1,0,0,182.88,,,,0.0,0,0,0.0,,0,0.0
Rodolfo Bellato,,Strawweight,12,2,1,190.5,190.5,Orthodox,,6.0,61,45,1.26,,100,0.3
Magomed Ankalaev,,Strawweight,21,1,1,190.5,190.5,Orthodox,,2.46,52,57,0.8,,87,0.0
Andy Ogle,,Strawweight,9,6,0,172.72,175.26,Orthodox,,2.23,44,50,1.44,,58,0.0
Gilbert Melendez,,Strawweight,22,8,0,175.26,185.42,Orthodox,,2.53,33,63,1.64,,71,0.2
Yanis Ghemmouri,,Strawweight,12,3,0,175.26,175.26,Orthodox,,5.14,38,35,0.0,,0,0.0
Santiago Ponzinibbio,,Strawweight,31,9,0,182.88,185.42,Orthodox,,4.68,41,61,0.6,,71,0.0
Roland Delorme,,Strawweight,9,5,0,175.26,180.34,Orthodox,,4.32,44,40,2.51,,42,1.6
Josh Samman,,Strawweight,13,4,0,190.5,200.66,Orthodox,,2.47,52,34,1.09,,33,0.4
Antonio Braga Neto,,Strawweight,9,3,0,190.5,195.58,Orthodox,,3.92,33,45,3.07,,0,0.5
Isaac Vallie-Flagg,,Strawweight,16,7,1,172.72,177.8,Orthodox,,5.6,47,45,0.2,,58,0.0
Nate Landwehr,,Strawweight,18,7,0,175.26,182.88,Orthodox,,5.83,45,52,0.76,,71,0.8
Andreas Gustafsson,,Strawweight,12,3,0,185.42,185.42,Orthodox,,3.63,71,45,6.19,,100,0.0
Jake O'Brien,,Strawweight,15,4,0,190.5,193.04,Orthodox,,1.92,31,69,6.39,,25,0.2
Javier Vazquez,,Strawweight,16,5,0,170.18,175.26,Southpaw,,1.99,36,72,2.56,,57,1.5
Mike Wessel,,Flyweight,15,8,0,182.88,,Orthodox,,6.43,56,22,6.29,,0,0.0
Trevor Smith,,Strawweight,15,10,0,190.5,190.5,Orthodox,,3.31,55,51,1.7,,60,0.7
Ben Sosoli,,Flyweight,7,3,0,182.88,182.88,Southpaw,,4.3,31,47,0.0,,0,0.0
Alex Nicholson,,Strawweight,7,4,0,193.04,195.58,Orthodox,,4.65,43,47,0.0,,50,0.5
Fatima Kline,,Strawweight,8,1,0,167.64,170.18,Orthodox,,2.29,49,59,1.21,,50,0.0
Tim Elliott,,Strawweight,22,13,1,170.18,167.64,Southpaw,,2.65,44,57,3.71,,59,1.1
Miguel Torres,,Strawweight,44,9,0,175.26,193.04,Orthodox,,1.86,43,74,0.0,,17,1.6
Gadzhi Omargadzhiev,,Strawweight,13,2,0,185.42,180.34,Switch,,2.2,39,39,1.35,,60,0.5
Roger Hollett,,Strawweight,13,5,0,180.34,,Orthodox,,6.47,47,34,1.0,,30,0.0
KB Bhullar,,Strawweight,8,2,0,193.04,198.12,Switch,,5.39,49,45,0.0,,0,0.0
Ovince Saint Preux,,Strawweight,27,18,0,190.5,203.2,Southpaw,,3.33,47,47,1.09,,67,0.5
Charlie Brenneman,,Strawweight,19,8,0,177.8,177.8,Orthodox,,1.55,56,46,4.23,,72,0.0
Islam Dulatov,,Strawweight,12,1,0,190.5,190.5,Orthodox,,4.24,54,50,2.2,,100,0.0
John Howard,,Strawweight,24,13,0,170.18,182.88,Orthodox,,3.08,50,51,2.7,,53,0.4
Yohan Lainesse,,Strawweight,9,3,0,185.42,193.04,Orthodox,,3.38,41,58,0.94,,72,0.5
Clay Guida,,Strawweight,38,22,0,170.18,177.8,Orthodox,,3.0,33,61,3.1,,66,0.6
Dan Ige,,Strawweight,19,10,0,170.18,180.34,Orthodox,,3.56,45,56,0.89,,56,0.2
Alejandro Perez,,Strawweight,23,9,1,167.64,170.18,Orthodox,,3.18,35,61,0.54,,70,0.3
TJ Waldburger,,Strawweight,16,9,0,180.34,190.5,Orthodox,,2.39,51,40,3.03,,40,4.8
Cristiane Justino,,Strawweight,21,2,0,172.72,172.72,Orthodox,,2.25,52,64,0.66,,94,0.4
Adriano Santos,,,0,1,0,,,,,0.0,0,0,0.0,,0,0.0
Baergeng Jieleyisi,,Strawweight,18,7,0,175.26,180.34,Orthodox,,2.62,35,52,1.73,,78,0.2
Lewis Gonzalez,,Strawweight,11,3,0,177.8,,Orthodox,,1.87,37,41,2.0,,62,0.0
Niklas Backstrom,,Strawweight,11,3,0,185.42,,Orthodox,,3.65,41,40,2.92,,72,2.2
Kaynan Kruschewsky,,Strawweight,15,3,0,182.88,185.42,Orthodox,,5.71,50,46,2.74,,75,2.1
Dmitrii Smoliakov,,Strawweight,9,3,0,187.96,187.96,Switch,,3.81,42,55,0.0,,75,0.0
Ruan Potts,,Strawweight,11,6,0,187.96,190.5,Orthodox,,5.92,37,22,0.75,,33,2.3
Brock Larson,,Strawweight,42,10,0,180.34,180.34,Southpaw,,1.5,46,55,2.67,,43,2.0
Adrian Yanez,,Strawweight,17,6,0,170.18,177.8,Orthodox,,5.75,41,54,0.0,,81,0.0
Gloria de Paula,,Strawweight,6,5,0,165.1,170.18,Orthodox,,3.77,53,66,0.74,,65,0.5
Krzysztof Jotko,,Strawweight,24,6,0,185.42,195.58,Southpaw,,2.23,42,57,1.33,,82,0.1
Vladimir Matyushenko,,Strawweight,27,8,0,182.88,187.96,Orthodox,,1.62,44,59,3.25,,70,0.1
Elizabeth Phillips,,Strawweight,6,6,0,167.64,165.1,Orthodox,,3.07,33,58,0.75,,53,0.2
Lucas Alexander,,Strawweight,8,5,0,180.34,185.42,Orthodox,,2.87,57,56,0.0,,60,0.0
Daniel Spohn,,Strawweight,15,6,0,193.04,200.66,Southpaw,,1.6,49,53,0.0,,28,2.5
Jesus Pinedo,,Strawweight,16,5,1,177.8,,Southpaw,,4.37,38,52,2.5,,100,0.0
Angel Pacheco,,Strawweight,7,3,0,172.72,177.8,Orthodox,,11.47,39,41,0.0,,28,0.0
Carlos Hernandez,,Strawweight,10,5,0,172.72,170.18,Orthodox,,3.5,45,50,1.56,,65,0.2
Amaury Bitetti,,Strawweight,5,2,0,175.26,,Orthodox,,0.0,0,0,0.0,,0,0.0
Myktybek Orolbai,,Strawweight,14,2,1,177.8,187.96,Orthodox,,3.08,48,50,5.82,,40,0.7
He-Man Gipson,,,1,2,0,,,,,0.0,0,0,0.0,,0,0.0
Gabriel Bonfim,,Strawweight,18,1,0,185.42,182.88,Orthodox,,3.53,45,63,4.03,,76,1.6
Leonardo Morales,,Strawweight,6,2,0,172.72,,Southpaw,,2.05,47,58,0.0,,62,0.0
JJ Aldrich,,Strawweight,14,7,0,165.1,170.18,Southpaw,,4.32,47,61,0.75,,67,0.0
Khama Worthy,,Strawweight,16,9,0,180.34,187.96,Orthodox,,4.45,48,46,0.0,,57,0.7
Lukasz Brzeski,,Strawweight,9,7,1,190.5,198.12,Orthodox,,3.65,50,54,0.41,,35,0.4
Minoki Ichihara,,Strawweight,0,1,0,170.18,,Orthodox,,0.0,0,0,0.0,,0,0.0
Yuneisy Duben,,Strawweight,6,1,0,162.56,165.1,Orthodox,,10.75,48,53,0.0,,0,0.0
Ross Pointon,,Strawweight,6,17,0,172.72,,Orthodox,,2.77,23,58,1.19,,0,0.0
Saeed Hosseini,,,0,1,0,,,,,0.0,0,0,0.0,,0,0.0
Junie Browning,,Strawweight,5,6,0,175.26,,Orthodox,,1.76,48,66,3.53,,0,3.5
Fabio Cherant,,Strawweight,7,4,0,185.42,187.96,Southpaw,,4.89,40,38,0.0,,0,0.0
Yosdenis Cedeno,,Strawweight,10,6,1,172.72,175.26,Orthodox,,1.6,29,67,0.0,,31,0.3
John Albert,,Strawweight,6,5,0,172.72,172.72,Orthodox,,2.82,49,35,0.0,,50,6.1
Din Thomas,,Strawweight,26,9,0,175.26,,Orthodox,,2.6,37,59,1.38,,76,1.2
Mike Rhodes,,Strawweight,10,5,0,185.42,187.96,Orthodox,,4.13,39,64,0.96,,75,0.5
Artem Lobov,,Strawweight,13,15,1,175.26,165.1,Southpaw,,4.82,41,50,0.39,,52,0.0
Kyle Bradley,,Strawweight,19,12,0,175.26,180.34,Orthodox,,3.45,40,58,0.65,,40,0.0
Pete Rodriguez,,Strawweight,5,2,0,175.26,180.34,Switch,,12.83,43,42,0.0,,100,0.0
Zachary Reese,,Strawweight,9,2,0,193.04,195.58,Switch,,2.99,54,43,2.88,,57,1.2
Houston Alexander,,Strawweight,17,15,1,182.88,182.88,Orthodox,,3.2,54,52,1.19,,33,0.0
Tom DeBlass,,Strawweight,9,2,0,182.88,,Orthodox,,4.43,35,37,1.0,,28,0.5
Wade Shipp,,Strawweight,11,5,0,190.5,,Orthodox,,2.14,86,0,0.0,,75,0.0
Sean Soriano,,Strawweight,14,8,0,175.26,177.8,Orthodox,,2.14,61,56,1.33,,52,0.0
Kelly Faszholz,,Strawweight,4,2,0,172.72,,Orthodox,,3.61,48,52,0.0,,44,0.0
Bryan Barberena,,Strawweight,18,12,0,182.88,182.88,Southpaw,,4.59,48,44,0.13,,50,0.3
Kazushi Sakuraba,,Strawweight,26,17,1,182.88,,Southpaw,,2.03,41,51,1.26,,48,1.7
Jonathan Martinez,,Strawweight,19,6,0,172.72,177.8,Southpaw,,4.09,49,56,0.38,,68,0.1
Chris Holdsworth,,Strawweight,6,0,0,180.34,,,,1.94,29,58,3.38,,100,2.0
Will Chope,,Strawweight,34,13,0,193.04,,Switch,,9.93,27,46,0.0,,0,0.0
Miles Johns,,Strawweight,15,4,0,170.18,172.72,Orthodox,,2.99,44,66,1.29,,83,0.0
Waylon Lowe,,Strawweight,16,7,0,170.18,,Southpaw,,2.4,55,53,4.47,,83,0.3
Kiichi Kunimoto,,Strawweight,18,7,2,177.8,180.34,Orthodox,,3.92,44,41,1.59,,28,0.3
James Bochnovic,,Strawweight,8,3,0,193.04,205.74,Orthodox,,3.64,26,21,0.0,,0,0.0
Tamires Vidal,,Strawweight,7,4,0,167.64,172.72,Orthodox,,4.46,53,49,0.0,,35,0.7
David Abbott,,Flyweight,10,15,0,182.88,,Switch,,3.55,30,38,1.07,,66,0.0
Daniel Cormier,,Strawweight,22,3,0,180.34,182.88,Orthodox,,2.92,52,54,1.83,,80,0.4
Richie Hightower,,Strawweight,8,4,0,172.72,,Orthodox,,6.92,35,21,3.46,,100,0.0
Timothy Johnson,,Flyweight,12,4,0,190.5,195.58,Southpaw,,3.08,45,44,1.09,,69,0.0
David Bielkheden,,Strawweight,24,12,0,177.8,180.34,Orthodox,,1.64,57,54,2.65,,14,0.0
Amar Suloev,,Strawweight,24,7,0,175.26,,Orthodox,,2.19,37,70,0.27,,88,0.3
Nam Phan,,Strawweight,21,17,0,167.64,177.8,Orthodox,,6.55,37,59,0.18,,60,0.2
Sean Pierson,,Strawweight,14,6,0,182.88,193.04,Southpaw,,3.73,39,64,0.39,,66,0.4
Arman Tsarukyan,,Strawweight,22,3,0,170.18,182.88,Orthodox,,1.84,48,53,3.25,,75,0.0
Terrence Mitchell,,Strawweight,14,4,0,177.8,187.96,Orthodox,,8.85,34,41,3.69,,0,0.0
Noad Lahat,,Strawweight,11,2,0,175.26,175.26,Orthodox,,1.47,46,63,2.37,,16,2.4
Tony Gravely,,Strawweight,23,9,0,165.1,175.26,Orthodox,,4.47,48,44,5.4,,52,0.3
Xavier Foupa-Pokam,,Strawweight,32,22,0,185.42,,Open Stance,,2.5,43,49,0.0,,16,0.0
Tristan Connelly,,Strawweight,14,8,0,177.8,172.72,Orthodox,,2.96,51,50,0.33,,60,0.3
Vinicius Oliveira,,Strawweight,23,3,0,175.26,177.8,Switch,,2.89,43,57,1.67,,80,0.2
Paul Varelans,,Featherweight,9,9,0,203.2,,Orthodox,,0.0,0,0,0.0,,0,0.0
Jorge Lopez,,Strawweight,11,5,0,177.8,,Orthodox,,2.57,59,50,3.5,,81,0.0
Maurice Smith,,Strawweight,12,14,0,187.96,,Orthodox,,0.47,46,60,0.89,,20,0.9
Mostapha Al-Turk,,Strawweight,6,6,0,187.96,195.58,Orthodox,,3.61,19,53,0.0,,0,0.0
Jorge Gurgel,,Strawweight,14,10,0,170.18,175.26,Orthodox,,3.62,32,62,0.81,,60,0.5
Lance Benoist,,Strawweight,7,2,0,180.34,182.88,Southpaw,,2.7,51,56,1.5,,61,0.0
Ramona Pascual,,Strawweight,6,5,0,170.18,167.64,Southpaw,,8.43,57,46,1.81,,100,0.0
Steve Steinbeiss,,Strawweight,9,4,0,190.5,190.5,Orthodox,,1.86,55,49,0.44,,58,0.0
Macy Chiasson,,Strawweight,11,4,0,180.34,182.88,Orthodox,,2.68,46,45,2.08,,71,0.4
Joe Pardo,,Strawweight,4,6,0,185.42,,Southpaw,,0.0,0,0,0.0,,0,0.0
Shamar Bailey,,Strawweight,16,11,0,175.26,190.5,Southpaw,,3.91,20,69,1.5,,37,0.0
Wes Albritton,,Strawweight,0,1,0,177.8,,Orthodox,,0.0,0,0,0.0,,0,0.0
Marcin Prachnio,,Strawweight,17,9,0,190.5,185.42,Orthodox,,3.15,54,54,0.14,,53,0.0
Edgar Garcia,,Strawweight,14,5,0,177.8,180.34,Orthodox,,4.23,29,60,2.21,,50,0.6
Martin Buday,,Flyweight,16,2,0,193.04,195.58,Orthodox,,4.49,53,55,0.15,,93,0.1
Mark Holst,,Strawweight,12,6,0,182.88,,Orthodox,,1.67,19,47,0.76,,60,2.3
John Campetella,,Strawweight,0,1,0,175.26,,Orthodox,,0.0,0,0,0.0,,0,0.0
Angela Magana,,Strawweight,11,9,0,154.94,165.1,Orthodox,,4.92,28,42,0.4,,28,0.4
Brad Tavares,,Strawweight,21,12,0,185.42,187.96,Orthodox,,3.36,43,54,0.73,,81,0.0
Micheal Gillmore,,Strawweight,6,5,0,180.34,182.88,Orthodox,,3.02,57,43,0.0,,50,0.0
James Mulheron,,Strawweight,11,2,0,177.8,185.42,Orthodox,,3.47,31,42,0.0,,25,0.0
Danny Martinez,,Strawweight,21,8,0,167.64,170.18,Orthodox,,3.77,28,63,3.0,,36,0.0
Dustin Kimura,,Strawweight,11,3,0,170.18,180.34,Orthodox,,3.82,21,51,0.93,,50,2.2
Loopy Godinez,,Strawweight,14,5,0,157.48,154.94,Orthodox,,4.03,49,62,2.96,,81,0.9
Alan Patrick,,Strawweight,15,4,0,180.34,187.96,Southpaw,,2.95,40,43,3.01,,43,0.3
Alexis Dufresne,,Strawweight,6,3,0,175.26,,Orthodox,,3.33,27,60,1.5,,50,0.0
Mark De La Rosa,,Strawweight,11,5,0,167.64,165.1,Orthodox,,5.0,35,48,0.54,,40,0.2
Eric Nolan,,Strawweight,8,4,0,187.96,187.96,Orthodox,,5.13,39,41,0.0,,71,0.0
MarQuel Mederos,,Strawweight,11,1,0,177.8,175.26,Orthodox,,2.99,56,58,0.0,,83,0.0
Stephen Thompson,,Strawweight,17,9,1,182.88,190.5,Orthodox,,3.0,46,54,0.23,,63,0.0
Nandor Guelmino,,Strawweight,11,5,1,190.5,,,,3.16,56,33,0.0,,42,0.0
Mac Danzig,,Strawweight,21,12,1,172.72,177.8,Orthodox,,3.44,48,57,1.2,,46,0.6
Bobby Southworth,,Strawweight,10,6,0,187.96,,Orthodox,,1.38,39,65,3.98,,64,1.3
Michael Morales,,Strawweight,18,0,0,182.88,200.66,Orthodox,,3.31,49,53,1.09,,89,0.0
Myles Jury,,Strawweight,17,4,0,177.8,185.42,Orthodox,,2.16,42,66,2.16,,50,0.3
Alex Torres,,Strawweight,5,4,0,177.8,,Orthodox,,2.73,37,69,2.0,,50,0.0
Josh Grispi,,Strawweight,14,5,0,180.34,187.96,Orthodox,,3.71,41,50,1.97,,16,2.2
Mike Lullo,,Strawweight,8,3,0,172.72,,Orthodox,,4.84,36,40,1.18,,0,0.6
Alessio Di Chirico,,Strawweight,13,7,0,182.88,187.96,Orthodox,,3.44,39,61,1.46,,83,0.0
Blood Diamond,,Strawweight,3,3,0,180.34,193.04,Switch,,2.17,55,48,0.0,,73,0.0
Brian Houston,,Strawweight,4,6,0,187.96,,Orthodox,,3.67,35,53,0.95,,87,0.0
Genki Sudo,,Strawweight,15,4,2,175.26,,Orthodox,,2.23,39,33,3.58,,50,4.2
Chad Anheliger,,Strawweight,13,8,0,167.64,162.56,Orthodox,,2.76,46,53,0.68,,38,0.5
Duda Santana,,Strawweight,3,1,0,170.18,185.42,Orthodox,,2.72,39,73,6.44,,0,0.0
Diego Sanchez,,Strawweight,31,13,0,177.8,182.88,Southpaw,,3.02,37,56,1.51,,46,0.8
Journey Newson,,Strawweight,10,5,0,165.1,170.18,Orthodox,,2.57,32,64,0.56,,43,0.3
Sheymon Moraes,,Strawweight,11,4,0,172.72,182.88,Orthodox,,3.64,42,63,0.0,,53,0.0
Junior Dos Santos,,Strawweight,21,9,0,193.04,195.58,Orthodox,,3.33,47,56,0.3,,81,0.1
Mike Ricci,,Strawweight,11,5,0,182.88,193.04,Southpaw,,1.64,32,65,0.67,,54,0.0
Will Campuzano,,Strawweight,14,6,0,175.26,177.8,Orthodox,,3.82,31,57,0.88,,48,0.2
Erick Gonzalez,,Strawweight,14,8,0,180.34,190.5,Orthodox,,8.08,36,40,6.0,,50,0.0
Eugenio Tadeu,,Strawweight,2,3,0,172.72,,Orthodox,,0.0,0,0,0.0,,0,0.0
Liana Jojua,,Strawweight,8,5,0,162.56,157.48,Orthodox,,5.32,30,54,1.71,,50,1.3
Tatiana Suarez,,Strawweight,11,1,0,165.1,167.64,Southpaw,,1.58,61,47,4.65,,80,0.7
Ivan Jorge,,Strawweight,27,7,0,175.26,185.42,Orthodox,,2.91,49,59,1.56,,75,0.6
Frank Hamaker,,,1,0,0,,,,,0.0,0,0,0.0,,0,0.0
Tiki Ghosn,,Strawweight,10,7,1,177.8,,Orthodox,,2.94,46,58,0.41,,61,0.0
Johnny Bedford,,Strawweight,21,13,1,177.8,180.34,Orthodox,,1.75,50,63,1.83,,62,0.0
Amir Albazi,,Strawweight,17,2,0,165.1,172.72,Orthodox,,3.71,34,61,1.39,,50,0.5
Ramon Taveras,,Strawweight,10,3,0,172.72,177.8,Southpaw,,7.41,44,57,0.0,,100,0.0
Mark Schultz,,Strawweight,1,1,0,175.26,,Orthodox,,0.0,0,0,0.0,,0,0.0
Nick Klein,,Strawweight,6,3,0,185.42,195.58,Orthodox,,3.41,56,39,5.79,,66,1.9
Edgar Chairez,,Strawweight,12,6,0,170.18,180.34,Orthodox,,5.08,44,42,0.0,,33,1.7
Tito Ortiz,,Strawweight,19,12,1,190.5,187.96,Orthodox,,2.88,46,60,2.47,,54,0.6
Augusto Mendes,,Strawweight,6,2,0,167.64,165.1,Orthodox,,3.91,34,56,1.75,,80,0.0
Cody Stamann,,Strawweight,21,8,1,167.64,162.56,Orthodox,,3.91,46,60,2.17,,76,0.0
Stewart Nicoll,,Strawweight,8,1,0,165.1,165.1,Orthodox,,1.13,47,40,5.66,,0,0.0
Dmitri Stepanov,,Strawweight,0,1,0,190.5,,Orthodox,,0.0,0,0,0.0,,0,0.0
Mike Swick,,Strawweight,15,6,0,185.42,195.58,Orthodox,,2.29,37,54,1.06,,61,0.6
Dusko Todorovic,,Strawweight,12,6,0,185.42,187.96,Orthodox,,4.53,57,47,1.5,,42,0.2
Jermaine Andre,,Strawweight,14,4,0,170.18,,Orthodox,,0.0,0,0,0.0,,0,0.0
Jessica Rakoczy,,Strawweight,1,5,0,170.18,,Orthodox,,3.55,44,64,0.75,,0,0.8
Joshua Van,,Strawweight,15,2,0,165.1,165.1,Orthodox,,6.36,56,57,0.85,,81,0.0
Simeon Thoresen,,Strawweight,17,6,1,185.42,200.66,Orthodox,,3.85,43,64,1.12,,50,1.7
Rhys McKee,,Strawweight,14,7,1,187.96,198.12,Orthodox,,7.15,40,47,0.0,,47,0.0
Dakota Bush,,Strawweight,8,4,0,177.8,185.42,Orthodox,,4.42,38,41,2.4,,0,0.0
Thomas Petersen,,Flyweight,10,3,0,185.42,187.96,Southpaw,,2.94,59,57,4.42,,100,0.6
Luiz Dutra,,Strawweight,13,6,1,180.34,,Orthodox,,4.8,50,41,0.0,,100,0.0
Matt Bessette,,Strawweight,22,9,0,177.8,177.8,Orthodox,,4.45,41,58,0.64,,61,0.3
Carlo Pedersoli Jr.,,Strawweight,11,3,0,180.34,190.5,Southpaw,,4.12,37,61,2.91,,0,0.0
Allen Berube,,Strawweight,4,3,0,172.72,,Orthodox,,0.92,80,33,6.87,,0,3.4
Cristiano Marcello,,Strawweight,13,6,0,175.26,182.88,Orthodox,,3.61,33,58,0.44,,20,0.9
Aleksandra Albu,,Strawweight,3,2,0,157.48,160.02,Orthodox,,5.56,47,38,2.27,,77,0.4
Zarah Fairn,,Strawweight,6,6,0,172.72,182.88,Orthodox,,7.4,31,45,0.0,,60,0.0
Levan Makashvili,,Strawweight,15,2,1,172.72,172.72,Orthodox,,2.07,54,61,3.67,,85,0.0
Karo Parisyan,,Strawweight,24,11,0,177.8,182.88,Orthodox,,2.19,41,58,5.27,,59,1.0
Vanessa Melo,,Strawweight,11,8,0,165.1,165.1,Orthodox,,6.13,30,59,0.0,,71,0.0
Shamil Gamzatov,,Strawweight,14,1,0,187.96,193.04,Orthodox,,3.46,48,51,0.0,,50,0.0
Brandon Royval,,Strawweight,17,8,0,175.26,172.72,Southpaw,,4.23,41,43,0.67,,45,1.1
Yoshiki Takahashi,,Strawweight,30,27,3,180.34,,Southpaw,,6.47,51,44,0.0,,66,2.3
Joe Stevenson,,Strawweight,33,16,0,170.18,177.8,Orthodox,,2.44,44,60,2.75,,39,2.2
Brian Camozzi,,Strawweight,7,5,0,187.96,198.12,Orthodox,,6.39,26,54,0.0,,0,0.7
Daniel Frunza,,Strawweight,9,3,0,185.42,185.42,Orthodox,,6.67,40,56,0.0,,60,0.0
Patrick Cote,,Strawweight,23,11,0,180.34,190.5,Orthodox,,3.21,48,48,0.68,,43,0.2
Henry Cejudo,,Strawweight,16,5,0,162.56,162.56,Orthodox,,3.46,47,59,1.84,,76,0.1
Carlos Condit,,Strawweight,32,14,0,187.96,190.5,Orthodox,,2.67,39,55,0.59,,38,1.0
Colby Thicknesse,,Strawweight,7,1,0,170.18,175.26,Orthodox,,2.73,29,48,0.0,,50,0.0
Dieusel Berto,,Strawweight,0,3,0,175.26,,,,0.0,0,0,0.0,,0,0.0
Caio Borralho,,Strawweight,17,2,0,185.42,190.5,Southpaw,,2.5,56,60,1.28,,76,0.4
Jason Witt,,Strawweight,19,9,0,177.8,177.8,Orthodox,,2.54,44,52,6.9,,100,0.9
Gilbert Aldana,,Strawweight,6,2,0,185.42,,Orthodox,,6.26,54,26,2.57,,33,0.0
Alexia Thainara,,Strawweight,12,1,0,162.56,170.18,Orthodox,,2.82,40,70,3.07,,0,2.3
Lucio Linhares,,Strawweight,19,8,0,187.96,,Orthodox,,3.47,22,34,1.86,,50,1.9
Andre Lima,,Strawweight,11,0,0,170.18,170.18,Orthodox,,2.49,60,57,1.36,,75,1.1
James Zikic,,Strawweight,21,10,2,187.96,,Orthodox,,1.6,35,44,0.5,,74,0.5
Emmanuel Yarborough,,Heavyweight,1,2,0,203.2,,Open Stance,,0.0,0,0,0.0,,0,0.0
Denis Tiuliulin,,Strawweight,10,10,0,185.42,195.58,Orthodox,,5.23,41,38,0.96,,72,0.0
Adam Fugitt,,Strawweight,10,5,0,185.42,195.58,Southpaw,,4.54,46,51,1.83,,50,0.0
Jeff Cox,,Strawweight,10,7,0,177.8,,Orthodox,,1.69,25,33,4.23,,80,0.0
Roger Bowling,,Strawweight,12,6,0,175.26,172.72,Orthodox,,3.86,47,51,3.09,,27,0.9
Tyson Griffin,,Strawweight,16,8,0,167.64,172.72,Orthodox,,2.3,41,65,1.87,,59,0.9
Nyamjargal Tumendemberel,,Strawweight,9,1,0,170.18,180.34,Orthodox,,3.33,39,52,3.1,,54,2.6
Felipe Colares,,Strawweight,10,4,0,172.72,175.26,Orthodox,,4.65,45,36,1.88,,43,0.5
Drew McFedries,,Strawweight,12,7,0,182.88,182.88,Southpaw,,4.56,51,52,1.42,,56,0.7
Brian Johnston,,Strawweight,5,5,0,190.5,,Orthodox,,0.0,0,0,0.0,,0,0.0
Liz Carmouche,,Strawweight,13,7,0,167.64,167.64,Orthodox,,2.51,54,61,2.57,,65,0.3
Veronica Hardy,,Strawweight,9,5,1,162.56,162.56,Southpaw,,3.48,45,49,0.93,,55,0.3
Natalia Silva,,Strawweight,19,5,1,162.56,165.1,Southpaw,,2.46,46,65,0.34,,92,0.0
Geraldo de Freitas,,Strawweight,12,6,0,170.18,182.88,Orthodox,,2.62,52,50,3.0,,59,0.0
Lauren Murphy,,Strawweight,16,7,0,165.1,170.18,Orthodox,,5.19,38,56,1.09,,67,0.2
Frank Lester,,Strawweight,11,6,0,180.34,,Orthodox,,3.82,36,53,0.0,,0,0.0
William Macario,,Strawweight,9,3,0,180.34,190.5,Orthodox,,3.96,54,65,1.85,,78,0.0
Josh Koscheck,,Strawweight,17,11,0,177.8,185.42,Orthodox,,2.27,36,63,2.46,,64,0.4
Rolando Dy,,Strawweight,9,7,1,172.72,175.26,Orthodox,,4.47,37,52,0.3,,68,0.0
Nordine Taleb,,Strawweight,15,7,0,185.42,187.96,Orthodox,,2.62,51,66,1.94,,73,0.0
Justin Lawrence,,Strawweight,10,4,0,172.72,170.18,Orthodox,,2.83,35,67,0.72,,73,0.0
Kurt Holobaugh,,Strawweight,22,10,0,180.34,177.8,Orthodox,,4.24,44,49,0.65,,38,0.8
Alptekin Ozkilic,,Strawweight,9,5,0,165.1,165.1,Orthodox,,5.72,32,59,4.21,,75,0.0
Tony Fryklund,,Strawweight,14,9,1,182.88,,Orthodox,,6.5,39,43,0.0,,66,0.5
Victor Martinez,,Strawweight,13,6,0,172.72,177.8,Orthodox,,7.66,51,53,0.7,,80,0.0
Jerry Bohlander,,Strawweight,11,4,0,180.34,,Orthodox,,0.0,0,0,0.0,,0,0.0
Chris Fishgold,,Strawweight,18,4,1,172.72,172.72,Orthodox,,2.7,32,46,2.59,,44,1.3
Antonio Silva,,Flyweight,19,12,1,193.04,208.28,Orthodox,,3.09,45,50,0.82,,66,0.8
Christian Colombo,,Flyweight,8,3,1,195.58,,Orthodox,,4.02,44,42,0.0,,33,0.0
Mitch Ramirez,,Strawweight,8,3,0,180.34,180.34,Orthodox,,3.98,44,37,0.59,,25,0.0
Frank Caracci,,,2,3,0,,,,,0.0,0,0,0.0,,0,0.0
Andrei Arlovski,,Strawweight,34,24,0,190.5,195.58,Orthodox,,3.22,45,57,0.37,,76,0.2
Jon Hess,,Bantamweight,1,1,0,200.66,,,,0.0,0,0,0.0,,0,0.0
Felix Lee Mitchell,,,2,7,0,,,Orthodox,,0.0,0,0,0.0,,0,0.0
Jon Delos Reyes,,Strawweight,8,5,0,167.64,170.18,Orthodox,,4.14,38,51,3.2,,55,1.9
Alexander Gustafsson,,Strawweight,18,8,0,195.58,200.66,Orthodox,,3.53,40,51,1.53,,83,0.4
Aleksei Kunchenko,,Strawweight,20,2,0,172.72,177.8,Orthodox,,2.83,44,63,0.25,,80,0.0
Kailin Curran,,Strawweight,4,5,0,162.56,165.1,Orthodox,,4.75,43,53,2.0,,61,0.6
Dustin Hazelett,,Strawweight,12,7,0,185.42,193.04,Orthodox,,3.51,40,46,0.55,,25,4.1
Mateus Mendonca,,Strawweight,10,3,0,167.64,180.34,Orthodox,,4.14,40,30,2.54,,55,0.4
Stanislav Nedkov,,Strawweight,12,2,0,180.34,180.34,Orthodox,,5.39,43,43,2.77,,0,0.0
AJ Dobson,,Strawweight,7,3,0,185.42,193.04,Orthodox,,5.31,46,46,1.67,,65,0.3
Tor Troeng,,Strawweight,16,7,1,187.96,,Orthodox,,3.26,46,32,0.62,,66,0.3
Sirwan Kakai,,Strawweight,12,5,0,165.1,,Orthodox,,4.63,41,62,4.0,,83,0.0
Marina Rodriguez,,Strawweight,17,6,2,167.64,165.1,Orthodox,,3.01,46,55,0.27,,61,0.3
Brok Weaver,,Strawweight,15,6,0,182.88,185.42,Southpaw,,4.35,64,46,0.41,,66,0.4
Daniel Sarafian,,Strawweight,10,6,0,175.26,185.42,Orthodox,,3.1,46,58,0.36,,53,0.7
Mike Ciesnolevicz,,Strawweight,19,4,0,182.88,,Orthodox,,4.62,50,57,0.0,,20,5.1
Zabit Magomedsharipov,,Strawweight,18,1,0,185.42,185.42,Orthodox,,3.0,48,64,5.22,,77,0.8
Brian Ebersole,,Strawweight,51,18,1,182.88,185.42,Southpaw,,2.14,49,56,1.7,,61,0.1
Charalampos Grigoriou,,Strawweight,8,5,0,170.18,170.18,Orthodox,,3.97,48,46,2.62,,90,0.0
Victor Hugo,,Strawweight,25,5,0,170.18,180.34,Orthodox,,2.95,44,56,0.81,,73,1.2
Felice Herrig,,Strawweight,14,10,0,162.56,165.1,Orthodox,,5.19,37,48,1.08,,75,0.8
Tonya Evinger,,Strawweight,19,8,0,170.18,177.8,Orthodox,,4.02,42,38,0.93,,33,0.9
Pearl Gonzalez,,Strawweight,6,3,0,162.56,,Orthodox,,4.07,37,57,1.04,,0,0.5
Mike Davis,,Strawweight,12,3,0,182.88,182.88,Orthodox,,5.23,53,54,2.4,,60,0.8
Pat Audinwood,,Strawweight,11,2,1,182.88,,Orthodox,,4.31,12,41,0.8,,0,0.0
Aaron Phillips,,Strawweight,12,5,0,175.26,180.34,Southpaw,,3.66,53,43,0.86,,44,0.6
Luke Barnatt,,Strawweight,13,4,0,198.12,195.58,Orthodox,,3.87,36,59,0.63,,63,0.4
Thibault Gouti,,Strawweight,12,5,0,177.8,182.88,Orthodox,,5.64,34,50,1.23,,83,0.3
Sara McMann,,Strawweight,13,6,0,167.64,167.64,Orthodox,,1.92,46,47,4.38,,50,0.5
Keith Wisniewski,,Strawweight,28,15,1,182.88,,Orthodox,,4.86,52,42,1.57,,78,0.3
Axel Sola,,Strawweight,11,0,1,187.96,187.96,Southpaw,,2.74,42,75,1.25,,0,0.0
Keith Rockel,,Strawweight,12,4,1,182.88,,Orthodox,,0.21,73,66,4.63,,100,4.6
Rin Nakai,,Strawweight,19,2,1,154.94,,Orthodox,,3.9,33,60,3.0,,75,0.5
Mirko Filipovic,,Strawweight,35,11,2,187.96,185.42,Southpaw,,1.89,50,63,0.19,,78,0.3
Michael Trizano,,Strawweight,11,3,0,180.34,180.34,Orthodox,,4.4,53,50,0.36,,72,0.5
Mariya Agapova,,Strawweight,10,5,0,167.64,172.72,Southpaw,,3.62,54,52,0.55,,45,0.8
Marcelo Aguiar,,Strawweight,2,3,1,177.8,,Orthodox,,0.0,0,0,0.0,,0,0.0
Joao Zeferino,,Strawweight,21,9,0,180.34,,Orthodox,,2.6,36,48,0.5,,50,1.0
Rashad Coulter,,Strawweight,9,4,0,180.34,193.04,Orthodox,,6.68,56,50,0.0,,62,0.0
Hector Aldana,,Strawweight,4,3,0,180.34,182.88,Orthodox,,5.08,38,59,0.93,,0,0.0
John Allan,,Strawweight,13,7,0,185.42,190.5,Orthodox,,5.74,42,52,1.4,,50,0.8
Danny Roberts,,Strawweight,18,8,0,185.42,187.96,Southpaw,,3.73,39,50,0.24,,57,0.2
Nick Osipczak,,Strawweight,6,3,0,187.96,193.04,Orthodox,,3.77,50,50,1.2,,71,1.0
Fabiano Iha,,Strawweight,9,5,0,172.72,,Orthodox,,2.49,47,42,2.88,,50,2.9
Jai Herbert,,Strawweight,13,6,1,185.42,195.58,Orthodox,,3.26,40,53,0.43,,66,0.0
BJ Penn,,Strawweight,16,14,2,175.26,177.8,Orthodox,,3.2,48,56,1.19,,74,0.5
Ion Cutelaba,,Strawweight,19,11,1,185.42,190.5,Southpaw,,3.34,43,47,3.77,,75,0.1
Jason Gilliam,,Strawweight,14,9,0,182.88,,Orthodox,,3.14,33,42,0.0,,0,0.0
Joe Riggs,,Strawweight,44,17,0,182.88,177.8,Southpaw,,1.69,51,57,2.45,,62,0.6
Martin Sano,,Strawweight,4,3,1,180.34,190.5,Orthodox,,12.0,33,40,0.0,,0,0.0
Mario Bautista,,Strawweight,16,2,0,175.26,175.26,Switch,,4.45,49,55,1.67,,67,0.8
Olivier Aubin-Mercier,,Strawweight,11,5,0,175.26,177.8,Southpaw,,2.97,51,55,2.36,,70,0.5
Mairbek Taisumov,,Strawweight,27,6,0,175.26,185.42,Orthodox,,3.03,39,64,1.34,,88,0.0
Chris Gutierrez,,Strawweight,22,6,2,175.26,170.18,Orthodox,,2.65,58,63,0.24,,70,0.1
Brendon Marotte,,Strawweight,8,3,0,175.26,177.8,Orthodox,,5.7,50,28,0.0,,0,0.0
HyunSung Park,,Strawweight,10,1,0,170.18,167.64,Orthodox,,2.94,46,59,1.59,,50,2.4
Adam Cella,,Strawweight,6,8,0,187.96,,,,2.61,42,51,3.92,,50,1.3
Jorge de Oliveira,,Strawweight,9,2,0,172.72,,Orthodox,,4.84,31,48,0.0,,22,0.0
Abdul-Kerim Edilov,,Strawweight,17,4,0,187.96,,Orthodox,,0.13,61,92,3.98,,0,2.0
Nate Loughran,,Strawweight,11,2,0,187.96,,Orthodox,,4.11,40,59,0.0,,0,2.1
Jorge Patino,,Strawweight,38,19,2,172.72,,Orthodox,,3.14,30,53,0.54,,50,0.0
Goran Reljic,,Strawweight,15,8,0,190.5,205.74,Southpaw,,2.69,37,59,1.69,,33,1.1
Ramazan Emeev,,Strawweight,20,6,0,177.8,193.04,Southpaw,,2.14,45,65,2.37,,66,0.7
Robert McDaniel,,Strawweight,28,10,0,190.5,190.5,Southpaw,,1.98,44,56,0.93,,50,1.4
Caio Magalhaes,,Strawweight,10,3,0,185.42,185.42,Orthodox,,2.78,40,56,1.05,,58,1.6
Doug Evans,,Strawweight,13,10,0,175.26,,Orthodox,,2.55,35,55,3.19,,69,0.6
Kevin Jousset,,Strawweight,10,4,0,187.96,190.5,Orthodox,,6.49,51,50,0.69,,100,0.3
Evan Tanner,,Strawweight,32,8,0,182.88,187.96,Orthodox,,2.64,59,56,2.55,,25,1.3
Aljamain Sterling,,Strawweight,25,5,0,170.18,180.34,Orthodox,,2.21,52,59,2.45,,44,0.6
Robert Valentin,,Strawweight,11,6,0,187.96,195.58,Orthodox,,2.83,56,32,0.0,,55,1.3
Kalindra Faria,,Strawweight,18,8,1,170.18,,Switch,,1.44,56,45,1.31,,20,0.7
Jason Godsey,,Strawweight,16,16,0,187.96,,Orthodox,,0.0,0,0,0.0,,0,0.0
Justin Edwards,,Strawweight,9,5,0,177.8,177.8,Orthodox,,3.32,42,51,2.14,,27,1.0
Jens Pulver,,Strawweight,27,19,1,170.18,177.8,Southpaw,,3.13,37,56,0.22,,63,0.3
Charles Radtke,,Strawweight,10,5,0,175.26,182.88,Orthodox,,3.66,49,52,0.49,,100,0.0
Tom Duquesnoy,,Strawweight,16,2,0,170.18,172.72,Orthodox,,5.3,45,62,0.42,,46,0.0
Tony DeSouza,,Strawweight,11,4,0,182.88,177.8,Southpaw,,1.57,52,41,2.25,,40,1.5
Bethe Correia,,Strawweight,11,6,1,165.1,162.56,Orthodox,,4.93,43,56,0.39,,85,0.0
Eduardo Garagorri,,Strawweight,13,2,0,175.26,177.8,Orthodox,,2.36,51,58,0.48,,61,0.0
Daichi Abe,,Strawweight,6,2,0,180.34,180.34,Orthodox,,4.49,33,56,0.33,,0,0.0
Gerald Harris,,Strawweight,23,5,0,180.34,195.58,Southpaw,,1.58,29,62,2.96,,72,0.0
Elvis Sinosic,,Strawweight,7,11,2,190.5,195.58,Orthodox,,4.6,37,53,0.0,,0,1.2
Daniel Lacerda,,Strawweight,11,6,0,167.64,177.8,Switch,,8.28,45,34,2.32,,0,1.2
Anthony Hernandez,,Strawweight,15,2,0,182.88,190.5,Orthodox,,2.53,62,49,6.46,,68,1.8
Chris Duncan,,Strawweight,14,2,0,177.8,180.34,Orthodox,,4.53,44,51,3.17,,50,0.5
Georges St-Pierre,,Strawweight,26,2,0,180.34,193.04,Orthodox,,1.4,53,72,4.16,,83,1.1
Julian Erosa,,Strawweight,31,13,0,185.42,187.96,Southpaw,,6.27,48,48,1.78,,61,0.7
Ariel Beck,,Strawweight,4,5,0,167.64,167.64,Southpaw,,4.31,34,64,0.0,,0,0.0
Pingyuan Liu,,Strawweight,13,7,0,167.64,182.88,Orthodox,,2.99,33,54,0.25,,56,1.0
Jailton Almeida,,Strawweight,22,3,0,190.5,200.66,Orthodox,,0.89,65,41,6.58,,60,2.4
Kleydson Rodrigues,,Strawweight,8,4,0,165.1,170.18,Orthodox,,2.29,57,53,0.6,,53,0.6
Matt Brown,,Strawweight,26,19,0,182.88,190.5,Orthodox,,2.92,55,55,1.68,,63,1.3
Pannie Kianzad,,Strawweight,17,9,0,170.18,167.64,Orthodox,,4.09,49,51,0.41,,65,0.1
Jorge Masvidal,,Strawweight,35,17,0,180.34,187.96,Orthodox,,3.05,47,64,1.38,,72,0.3
Joe Brammer,,Strawweight,7,3,1,172.72,,Orthodox,,2.8,31,56,0.81,,50,0.0
Tim Sylvia,,Flyweight,31,10,0,203.2,203.2,Orthodox,,2.61,41,61,0.11,,75,0.1
Scott Fiedler,,Strawweight,0,1,0,193.04,,Orthodox,,0.0,0,0,0.0,,0,0.0
Manvel Gamburyan,,Strawweight,15,10,0,165.1,170.18,Orthodox,,2.83,41,55,3.26,,69,0.7
Dricus Du Plessis,,Strawweight,23,3,0,185.42,193.04,Switch,,4.33,48,52,2.22,,34,0.7
Sean O'Connell,,Strawweight,17,9,0,185.42,187.96,Orthodox,,6.77,48,45,0.0,,30,0.5
Andrew Craig,,Strawweight,9,4,0,185.42,193.04,Orthodox,,3.01,40,50,0.53,,72,0.0
Darrel Gholar,,Strawweight,5,6,0,172.72,,Orthodox,,0.0,0,0,0.0,,0,0.0
Leon Edwards,,Strawweight,22,5,0,187.96,187.96,Southpaw,,2.42,54,53,1.18,,63,0.4
Mark Munoz,,Strawweight,14,6,0,182.88,180.34,Orthodox,,2.26,51,57,3.17,,57,0.6
Paul Daley,,Strawweight,39,15,2,175.26,193.04,Orthodox,,2.37,47,60,0.91,,64,0.0
Lowell Anderson,,Strawweight,0,1,0,167.64,,Orthodox,,0.0,0,0,0.0,,0,0.0
Trent Jenkins,,Strawweight,0,4,0,187.96,,,,0.0,0,0,0.0,,0,0.0
Sabah Homasi,,Strawweight,11,8,0,182.88,182.88,Orthodox,,6.91,48,47,2.8,,66,0.0
Kuniyoshi Hironaka,,Strawweight,23,9,0,177.8,177.8,Orthodox,,3.01,40,54,1.91,,25,0.6
Jacqueline Cavalcanti,,Strawweight,9,1,0,172.72,177.8,Orthodox,,3.32,46,70,0.0,,84,0.0
Kit Cope,,Strawweight,6,7,0,182.88,,Orthodox,,2.12,52,35,0.0,,50,3.5
Benito Lopez,,Strawweight,10,2,0,177.8,185.42,Switch,,5.18,45,56,0.0,,73,0.3
Thales Leites,,Strawweight,28,9,0,185.42,198.12,Orthodox,,2.99,40,52,2.1,,30,1.1
Tim Gorman,,Strawweight,9,4,0,165.1,,Southpaw,,5.57,31,46,1.0,,33,0.0
Peter Barrett,,Strawweight,11,5,0,177.8,185.42,Southpaw,,4.32,61,42,1.39,,66,0.0
Vernon Ramos Ho,,Strawweight,3,1,0,167.64,,Orthodox,,8.0,25,55,0.0,,0,0.0
Delson Heleno,,Strawweight,29,10,0,180.34,,Orthodox,,4.83,75,19,0.0,,0,0.0
Ciryl Gane,,Strawweight,13,2,0,193.04,205.74,Orthodox,,2.23,61,61,0.7,,43,0.6
Valentina Shevchenko,,Strawweight,25,4,1,165.1,167.64,Southpaw,,2.06,52,63,2.62,,75,0.3
Niko Price,,Strawweight,16,9,0,182.88,193.04,Orthodox,,5.55,43,48,0.98,,50,0.6
Michael Bisping,,Strawweight,30,9,0,185.42,190.5,Orthodox,,2.71,38,65,1.05,,63,0.3
Malcolm Gordon,,Strawweight,14,8,0,170.18,180.34,Switch,,2.0,45,43,1.72,,26,1.0
Christian Aguilera,,Strawweight,14,8,0,175.26,182.88,Switch,,4.04,37,48,0.0,,60,0.0
Luke Zachrich,,Strawweight,14,4,0,187.96,187.96,Orthodox,,4.46,32,62,0.74,,80,0.0
Abus Magomedov,,Strawweight,28,6,1,187.96,198.12,Orthodox,,3.68,48,56,2.65,,100,0.2
Darrill Schoonover,,Strawweight,14,8,0,187.96,,Orthodox,,4.35,33,38,0.0,,50,1.1
Greg Stott,,Strawweight,0,1,0,170.18,,Southpaw,,0.0,0,0,0.0,,0,0.0
Paul Kelly,,Strawweight,14,5,0,175.26,177.8,Orthodox,,2.61,37,59,1.34,,30,1.5
Jacare Souza,,Strawweight,26,10,0,185.42,182.88,Orthodox,,2.83,47,62,2.57,,57,1.3
Scott Ferrozzo,,Lightweight,4,2,0,180.34,,Orthodox,,0.0,0,0,0.0,,0,0.0
Domingo Pilarte,,Strawweight,8,3,0,182.88,185.42,Southpaw,,2.96,47,40,1.2,,54,0.8
Mohammed Usman,,Strawweight,12,4,0,187.96,200.66,Orthodox,,4.27,39,51,0.56,,66,0.0
Rob Wilkinson,,Strawweight,11,2,0,190.5,203.2,Orthodox,,5.66,50,39,4.47,,0,0.0
Nick Thompson,,Strawweight,38,14,1,185.42,187.96,Orthodox,,1.8,42,49,1.06,,35,2.6
Eric Spicely,,Strawweight,12,6,0,185.42,185.42,Orthodox,,5.72,45,55,1.31,,75,1.0
Larissa Pacheco,,Strawweight,10,2,0,170.18,,Orthodox,,4.14,19,55,0.0,,0,0.0
Victoria Leonardo,,Strawweight,9,7,0,165.1,162.56,Orthodox,,4.81,38,47,1.57,,71,0.0
Gadzhimurad Antigulov,,Strawweight,20,8,0,180.34,177.8,Orthodox,,4.21,55,40,5.08,,0,1.4
Melsik Baghdasaryan,,Strawweight,8,3,0,175.26,177.8,Southpaw,,3.14,59,56,0.0,,72,0.0
Mark Weir,,Strawweight,21,18,1,187.96,,Southpaw,,2.5,56,38,0.8,,25,2.4
Wilson Reis,,Strawweight,23,10,0,162.56,165.1,Southpaw,,3.04,29,55,5.15,,47,0.6
Shane Carwin,,Flyweight,12,2,0,187.96,203.2,Orthodox,,3.53,47,53,1.42,,42,0.0
Ian Entwistle,,Strawweight,9,3,0,165.1,,Orthodox,,7.36,7,31,0.0,,0,12.1
John Gunther,,Strawweight,5,1,0,175.26,182.88,Orthodox,,3.72,37,46,7.08,,0,0.0
Joseph Morales,,Strawweight,14,2,0,167.64,175.26,Switch,,2.11,40,57,1.23,,28,2.9
Uriah Hall,,Strawweight,18,11,0,182.88,200.66,Orthodox,,3.85,48,54,0.54,,64,0.1
Sean McCorkle,,Flyweight,17,7,0,200.66,205.74,Orthodox,,2.48,44,52,2.12,,33,4.2
Enrique Marin,,Strawweight,10,4,0,177.8,,,,3.0,33,50,2.5,,60,1.0
Renato Verissimo,,Strawweight,7,5,0,185.42,,Orthodox,,1.87,48,47,1.46,,50,2.5
Rafael Alves,,Strawweight,20,12,0,172.72,172.72,Orthodox,,3.3,48,58,0.29,,44,1.5
Chris Condo,,Lightweight,0,1,0,182.88,,Orthodox,,0.0,0,0,0.0,,0,0.0
Bart Palaszewski,,Strawweight,36,17,0,175.26,177.8,Orthodox,,3.97,32,57,0.65,,53,0.5
Danny Henry,,Strawweight,12,4,0,182.88,185.42,Orthodox,,4.16,51,45,0.74,,50,2.2
Curtis Stout,,Strawweight,11,12,1,185.42,,Southpaw,,3.2,67,29,0.0,,20,0.0
Hannah Cifers,,Strawweight,10,7,0,154.94,157.48,Orthodox,,5.39,44,52,0.26,,64,0.3
Shauna Bannon,,Strawweight,7,2,0,165.1,165.1,Switch,,3.75,43,45,0.0,,40,0.7
Chris Haseman,,Strawweight,20,17,0,180.34,,Orthodox,,4.67,70,28,0.0,,40,2.0
Michal Figlak,,Strawweight,8,2,0,177.8,177.8,Orthodox,,4.93,39,52,0.5,,57,0.0
Brunno Ferreira,,Strawweight,14,2,0,177.8,182.88,Orthodox,,3.34,50,51,1.39,,57,1.0
Danillo Villefort,,Strawweight,15,5,0,185.42,,Orthodox,,2.4,37,68,1.71,,33,1.7
Remco Pardoel,,Flyweight,9,6,1,190.5,,Southpaw,,0.0,0,0,0.0,,0,0.0
Henry Martinez,,Strawweight,9,4,0,170.18,175.26,Southpaw,,4.01,25,60,0.0,,80,0.0
Jeremiah Wells,,Strawweight,12,4,1,175.26,187.96,Switch,,1.31,43,48,3.08,,80,0.8
Forrest Griffin,,Strawweight,19,7,0,190.5,195.58,Orthodox,,2.81,36,61,1.05,,57,0.7
Ashlee Evans-Smith,,Strawweight,6,6,0,172.72,170.18,Orthodox,,4.59,34,53,0.95,,50,0.0
Steven Peterson,,Strawweight,19,11,0,177.8,177.8,Orthodox,,5.94,40,53,1.42,,64,0.7
Francisco Figueiredo,,Strawweight,13,5,1,167.64,172.72,Southpaw,,2.59,61,61,2.51,,76,0.4
Demian Maia,,Strawweight,28,11,0,185.42,182.88,Southpaw,,2.07,43,63,2.49,,61,1.0
Richie Vaculik,,Strawweight,10,4,0,167.64,175.26,Orthodox,,4.09,46,57,3.0,,31,1.0
Ian Machado Garry,,Strawweight,16,1,0,190.5,187.96,Orthodox,,2.77,54,51,1.02,,73,0.4
Naoki Inoue,,Strawweight,11,1,0,175.26,180.34,Orthodox,,3.37,35,60,0.0,,60,2.5
Branden Lee Hinkle,,Strawweight,17,11,0,190.5,,Orthodox,,3.91,69,26,4.34,,66,4.3
Justin Wren,,Flyweight,13,2,0,187.96,,Orthodox,,2.07,35,64,0.0,,100,0.0
Wes Sims,,Flyweight,24,14,1,208.28,,Orthodox,,2.95,51,37,0.0,,40,2.3
Anthony Johnson,,Strawweight,22,6,0,187.96,198.12,Orthodox,,1.83,47,60,2.43,,77,0.6
Steven Siler,,Strawweight,29,16,0,180.34,177.8,Orthodox,,2.96,41,54,0.47,,55,1.6
Stefan Sekulic,,Strawweight,12,4,0,182.88,190.5,Southpaw,,2.83,50,64,2.0,,25,0.5
Jeff Newton,,Strawweight,4,2,0,187.96,,Sideways,,1.41,20,52,0.0,,0,8.5
Jim Miller,,Strawweight,38,19,0,172.72,180.34,Southpaw,,3.44,42,56,1.5,,48,1.7
Josh Rafferty,,Strawweight,9,8,0,182.88,,Orthodox,,3.6,33,50,0.0,,0,9.0
Tae Hyun Bang,,Strawweight,18,10,0,175.26,180.34,Switch,,2.07,38,66,0.49,,57,0.5
Walt Harris,,Strawweight,13,10,0,195.58,195.58,Southpaw,,3.33,39,54,0.29,,70,0.1
Damon Jackson,,Strawweight,23,8,1,180.34,180.34,Switch,,3.47,42,49,2.3,,37,1.2
Kyung Ho Kang,,Strawweight,19,11,0,175.26,185.42,Orthodox,,3.32,47,54,1.97,,68,0.8
Bec Rawlings,,Strawweight,7,8,0,167.64,162.56,Orthodox,,5.66,42,57,0.71,,68,0.4
Paddy Holohan,,Strawweight,12,2,1,177.8,175.26,Orthodox,,2.81,46,46,2.88,,71,1.3
Jacob Kilburn,,Strawweight,8,4,0,175.26,182.88,Orthodox,,6.78,33,35,0.51,,20,0.5
Belal Muhammad,,Strawweight,24,4,0,180.34,182.88,Orthodox,,3.78,43,55,2.24,,90,0.1
Joey Gomez,,Strawweight,6,2,0,177.8,185.42,Orthodox,,4.46,28,55,0.62,,50,0.0
Melissa Gatto,,Strawweight,9,2,2,165.1,175.26,Orthodox,,2.84,49,54,1.47,,63,0.5
Brett Johns,,Strawweight,17,2,0,170.18,180.34,Orthodox,,3.84,49,53,4.92,,58,1.0
Lorenz Larkin,,Strawweight,18,6,0,180.34,182.88,Orthodox,,2.74,46,63,0.27,,79,0.1
Danilo Belluardo,,Strawweight,12,5,0,182.88,187.96,Southpaw,,4.79,61,41,3.5,,50,0.0
Marlon Moraes,,Strawweight,23,10,1,167.64,170.18,Orthodox,,4.53,40,54,0.87,,46,0.3
Evan Elder,,Strawweight,10,2,0,177.8,182.88,Switch,,4.94,50,57,0.48,,40,0.5
Joseph Benavidez,,Strawweight,28,8,0,162.56,165.1,Southpaw,,2.67,34,61,1.41,,62,0.6
Armen Petrosyan,,Strawweight,9,5,0,190.5,180.34,Orthodox,,3.31,53,53,0.17,,41,0.0
Trevin Jones,,Strawweight,13,10,0,170.18,177.8,Southpaw,,4.29,37,39,0.62,,60,0.2
CM Punk,,Strawweight,0,1,0,185.42,185.42,Orthodox,,4.87,23,40,0.87,,0,0.0
Amanda Cooper,,Strawweight,3,5,0,160.02,162.56,Switch,,3.2,44,51,1.53,,28,1.8
Kyoji Horiguchi,,Strawweight,19,2,0,165.1,167.64,Orthodox,,2.45,45,62,2.0,,55,0.0
Sergei Pavlovich,,Flyweight,20,3,0,190.5,213.36,Southpaw,,3.62,44,55,0.48,,75,0.0
Glover Teixeira,,Strawweight,33,9,0,187.96,193.04,Orthodox,,4.43,49,51,2.11,,60,0.9
Mark Striegl,,Strawweight,18,4,0,172.72,177.8,Southpaw,,4.07,45,40,0.0,,66,0.0
Rudyard Moncayo,,Strawweight,0,3,0,177.8,,Orthodox,,0.0,0,0,0.0,,0,0.0
Mark Scanlon,,Strawweight,9,2,0,175.26,,Orthodox,,3.33,35,48,3.0,,25,2.0
Braxton Smith,,Flyweight,5,2,0,180.34,182.88,Orthodox,,11.54,48,32,0.0,,100,0.0
Mike Massenzio,,Strawweight,13,9,0,187.96,185.42,Southpaw,,3.59,45,54,2.74,,50,1.4
Dwayne Cason,,Strawweight,1,1,0,177.8,,Orthodox,,0.0,0,0,0.0,,0,0.0
Fabio Maldonado,,Strawweight,23,11,0,185.42,190.5,Orthodox,,4.31,58,53,0.44,,61,0.6
Bentley Syler,,Strawweight,5,1,0,162.56,,Orthodox,,1.73,18,79,0.0,,75,0.0
Alfonso Alcarez,,Strawweight,1,3,1,160.02,,,,0.0,0,0,0.0,,0,0.0
Elijah Smith,,Strawweight,9,1,0,175.26,180.34,Orthodox,,3.4,47,47,3.51,,57,0.9
Brandon Thatch,,Strawweight,11,5,0,187.96,187.96,Switch,,3.63,42,52,1.36,,50,0.7
Aaron Simpson,,Strawweight,12,5,0,182.88,185.42,Orthodox,,2.53,52,56,3.78,,83,0.5
Joel Alvarez,,Strawweight,22,3,0,190.5,195.58,Orthodox,,3.32,53,50,0.0,,40,1.2
Dennis Buzukja,,Strawweight,12,5,0,175.26,177.8,Switch,,4.82,43,48,0.63,,75,0.2
Aleksa Camur,,Strawweight,6,3,0,185.42,187.96,Orthodox,,4.26,57,54,0.46,,50,0.0
Andrew Holbrook,,Strawweight,12,3,0,180.34,177.8,Southpaw,,3.0,49,54,0.85,,10,2.1
Jose Johnson,,Strawweight,16,10,0,182.88,180.34,Orthodox,,1.61,57,53,0.69,,41,0.7
Kyle Daukaus,,Strawweight,16,4,0,187.96,193.04,Southpaw,,2.93,53,42,2.11,,82,1.9
Dave Menne,,Strawweight,45,17,2,177.8,,Orthodox,,1.99,44,42,0.46,,57,2.5
Danny Mitchell,,Strawweight,19,9,1,187.96,,Orthodox,,2.53,49,52,0.0,,100,3.0
Cain Velasquez,,Strawweight,14,3,0,185.42,195.58,Orthodox,,2.33,57,57,5.13,,85,0.4
Shane Primm,,Strawweight,5,5,0,190.5,,Orthodox,,2.25,26,62,1.78,,0,0.0
Kevin Borjas,,Strawweight,10,4,0,165.1,172.72,Orthodox,,5.74,44,49,0.0,,71,0.0
Frankie Saenz,,Strawweight,13,7,0,167.64,167.64,Orthodox,,3.5,47,52,1.74,,61,0.1
Muin Gafurov,,Strawweight,20,6,0,170.18,172.72,Orthodox,,2.21,45,52,1.47,,70,0.0
Cub Swanson,,Strawweight,30,14,0,172.72,177.8,Orthodox,,4.0,51,59,1.01,,63,0.4
Puja Tomar,,Strawweight,9,5,0,162.56,149.86,Southpaw,,5.82,48,46,0.0,,100,0.0
Sherman Pendergarst,,Strawweight,11,18,0,185.42,,Orthodox,,3.08,36,16,4.62,,0,0.0
Ray Borg,,Strawweight,13,5,0,162.56,160.02,Orthodox,,1.93,52,48,3.89,,46,1.0
Erick Montano,,Strawweight,7,5,0,182.88,185.42,Orthodox,,2.06,44,64,2.29,,66,0.0
Augusto Montano,,Strawweight,15,3,0,185.42,185.42,Orthodox,,2.66,46,56,0.0,,66,0.0
Klidson Abreu,,Strawweight,15,4,0,182.88,187.96,Orthodox,,2.9,40,55,0.64,,80,0.0
Denys Bondar,,Strawweight,14,5,0,167.64,175.26,Orthodox,,5.16,50,56,3.99,,62,0.0
Austen Lane,,Strawweight,13,7,0,198.12,203.2,Orthodox,,2.23,50,40,1.52,,33,0.0
Bruno Souza,,Strawweight,10,3,0,177.8,177.8,Orthodox,,5.3,39,45,0.5,,60,0.0
Ismail Naurdiev,,Strawweight,24,8,0,177.8,187.96,Orthodox,,1.77,52,64,1.5,,73,0.2
Jacob Malkoun,,Strawweight,8,3,0,175.26,185.42,Orthodox,,2.48,56,52,6.62,,20,0.4
Brian Kelleher,,Strawweight,24,16,0,167.64,167.64,Switch,,4.59,41,54,1.68,,60,0.7
Brogan Walker,,Strawweight,8,4,0,162.56,170.18,Switch,,3.7,30,47,0.0,,11,0.0
Yaotzin Meza,,Strawweight,21,11,0,175.26,180.34,Orthodox,,1.62,41,64,1.06,,18,1.4
Marcos Mariano,,Strawweight,6,6,0,185.42,193.04,Switch,,2.11,27,43,0.0,,28,0.0
Ernie Verdicia,,Strawweight,0,1,0,180.34,,Orthodox,,0.0,0,0,0.0,,0,0.0
Dave Strasser,,Strawweight,25,8,0,177.8,,Orthodox,,1.88,45,59,0.72,,33,0.0
Joe Charles,,Flyweight,6,13,0,185.42,,Southpaw,,0.0,0,0,0.0,,0,0.0
Josh Stansbury,,Strawweight,4,8,0,187.96,187.96,Orthodox,,3.54,54,54,0.0,,87,1.0
Rob Broughton,,Flyweight,16,7,1,187.96,187.96,Orthodox,,2.54,60,51,0.0,,26,3.2
Joe Slick,,Strawweight,16,5,3,182.88,,Orthodox,,0.0,0,0,0.0,,0,0.0
Gabriel Santos,,Strawweight,12,2,0,175.26,177.8,Orthodox,,4.31,60,45,3.8,,87,1.2
Francisco Prado,,Strawweight,12,4,0,177.8,175.26,Orthodox,,4.95,43,54,0.94,,50,0.5
Emily Kagan,,Strawweight,3,3,0,160.02,,,,5.29,36,38,1.86,,50,0.0
Brian Stann,,Strawweight,12,6,0,185.42,187.96,Orthodox,,2.65,42,59,0.12,,60,0.3
Serhiy Sidey,,Strawweight,12,2,0,180.34,182.88,Switch,,4.26,39,54,1.58,,20,1.3
John Dowdy,,,0,1,0,,,,,0.0,0,0,0.0,,0,0.0
Rolles Gracie,,Strawweight,8,4,0,193.04,,Orthodox,,3.38,32,55,2.3,,0,0.0
Nikita Krylov,,Strawweight,30,11,0,190.5,195.58,Orthodox,,2.58,54,44,2.17,,53,1.4
Alex Gorgees,,Strawweight,6,1,0,187.96,187.96,Switch,,2.27,32,38,0.0,,54,0.0
Zane Frazier,,Strawweight,4,11,0,195.58,,Orthodox,,0.0,0,0,0.0,,0,0.0
Jamall Emmers,,Strawweight,21,8,0,177.8,187.96,Orthodox,,4.07,49,56,1.74,,80,0.2
Oskar Piechota,,Strawweight,11,3,1,182.88,193.04,Southpaw,,3.93,52,51,0.61,,38,1.5
Cain Carrizosa,,Strawweight,10,3,0,172.72,,Orthodox,,5.8,42,51,0.0,,14,0.0
Kaan Ofli,,Strawweight,12,4,1,170.18,167.64,Orthodox,,2.93,45,60,0.0,,0,0.0
Cody McKenzie,,Strawweight,16,10,0,182.88,182.88,Switch,,2.5,34,67,2.5,,14,2.5
Dylan Andrews,,Strawweight,18,7,0,185.42,187.96,Switch,,2.72,50,46,2.83,,57,0.4
Albert Duraev,,Strawweight,16,5,0,180.34,190.5,Orthodox,,3.01,40,59,1.97,,66,0.6
Anderson Silva,,Strawweight,34,11,0,187.96,195.58,Southpaw,,2.05,61,60,0.5,,69,0.8
Shannon Ross,,Strawweight,13,9,0,167.64,167.64,Switch,,7.39,39,55,0.0,,100,0.0
Syuri Kondo,,Strawweight,6,3,0,162.56,167.64,Orthodox,,7.22,44,58,0.0,,83,0.3
Jonathan Wilson,,Strawweight,7,3,0,187.96,190.5,Southpaw,,5.65,48,56,0.37,,80,0.0
Danilo Marques,,Strawweight,11,4,0,198.12,195.58,Orthodox,,2.52,79,52,3.93,,0,0.8
Tim Boetsch,,Strawweight,21,13,0,182.88,187.96,Orthodox,,2.9,50,57,1.45,,59,0.8
Tamdan McCrory,,Strawweight,14,5,0,193.04,193.04,Switch,,1.6,49,46,2.28,,33,2.5
Muhammad Naimov,,Strawweight,13,3,0,175.26,177.8,Orthodox,,3.45,40,45,1.69,,67,0.2
Marcus Buchecha,,Flyweight,5,2,0,187.96,195.58,Orthodox,,2.73,40,52,1.0,,0,0.0
Jan Blachowicz,,Strawweight,29,11,1,187.96,198.12,Orthodox,,3.03,49,52,1.03,,69,0.3
Per Eklund,,Strawweight,14,5,1,177.8,182.88,Orthodox,,2.38,61,67,2.07,,50,3.6
Anthony Pettis,,Strawweight,24,10,0,177.8,182.88,Orthodox,,3.44,47,54,0.61,,60,1.1
Collin Anglin,,Strawweight,8,3,0,175.26,180.34,Orthodox,,5.54,48,51,2.28,,100,0.0
Kurt Pellegrino,,Strawweight,16,7,0,172.72,177.8,Orthodox,,1.94,43,63,2.9,,69,0.8
Timmy Cuamba,,Strawweight,9,3,0,175.26,180.34,Orthodox,,4.3,42,58,1.11,,80,0.0
Ivan Salaverry,,Strawweight,14,9,0,182.88,,Orthodox,,1.19,47,76,0.49,,36,2.5
Cheyanne Vlismas,,Strawweight,7,3,0,160.02,160.02,Switch,,2.57,50,64,0.25,,66,0.2
Nissen Osterneck,,Strawweight,12,4,0,187.96,,Orthodox,,2.9,58,41,0.63,,42,1.3
JeongYeong Lee,,Strawweight,11,3,0,177.8,185.42,Orthodox,,3.82,49,50,0.63,,72,0.3
Chad Mendes,,Strawweight,18,5,0,167.64,167.64,Orthodox,,2.35,49,67,4.13,,100,0.3
Brian Ortega,,Strawweight,16,5,0,172.72,175.26,Switch,,6.38,37,49,0.93,,54,0.9
Maciej Jewtuszko,,Strawweight,12,3,0,182.88,,Southpaw,,1.39,45,66,0.0,,42,0.9
Court McGee,,Strawweight,23,14,0,180.34,190.5,Orthodox,,3.65,36,60,1.78,,70,0.5
Luana Carolina,,Strawweight,11,4,0,167.64,175.26,Orthodox,,3.54,50,50,0.34,,74,0.6
Kajan Johnson,,Strawweight,23,13,1,180.34,190.5,Orthodox,,1.59,42,64,1.54,,62,0.2
Marcin Bandel,,Strawweight,15,7,0,177.8,,Orthodox,,5.26,50,23,0.0,,0,0.0
Harry Hunsucker,,Strawweight,7,6,0,187.96,190.5,Orthodox,,6.53,52,42,0.0,,0,2.0
Robert Lucarelli,,Strawweight,0,1,0,187.96,,,,0.0,0,0,0.0,,0,0.0
Ben Alloway,,Strawweight,18,8,0,180.34,193.04,Orthodox,,1.9,49,59,0.62,,26,0.0
Roman Dolidze,,Strawweight,15,4,0,187.96,193.04,Orthodox,,3.72,41,48,0.99,,26,0.8
Anthony Perosh,,Strawweight,15,10,0,190.5,190.5,Orthodox,,3.77,43,53,2.03,,33,1.1
Gavin Tucker,,Strawweight,13,3,0,167.64,167.64,Southpaw,,4.18,44,57,3.13,,53,1.5
Justin Frazier,,Flyweight,10,3,0,182.88,190.5,Southpaw,,6.11,66,4,0.0,,0,0.0
TJ Laramie,,Strawweight,12,5,0,167.64,167.64,Orthodox,,2.64,50,38,1.44,,40,0.0
Paul Creighton,,Strawweight,3,1,0,167.64,,Southpaw,,4.65,75,30,5.37,,0,0.0
James Toney,,Strawweight,0,1,0,175.26,,Orthodox,,2.41,0,27,0.0,,0,0.0
Ikram Aliskerov,,Strawweight,16,2,0,182.88,193.04,Southpaw,,5.78,62,41,1.14,,100,1.1
Jarjis Danho,,Flyweight,7,1,1,190.5,187.96,Orthodox,,5.25,50,49,0.51,,100,0.0
Thiago Santos,,Strawweight,22,11,0,187.96,193.04,Orthodox,,2.57,48,53,0.88,,65,0.1
Estevan Payan,,Strawweight,16,12,0,177.8,,Orthodox,,3.58,42,57,0.36,,60,0.4
Manel Kape,,Strawweight,21,7,0,165.1,172.72,Southpaw,,4.05,55,57,0.42,,81,0.3
Allen Crowder,,Strawweight,10,4,0,190.5,193.04,Orthodox,,2.95,51,56,1.85,,100,1.2
Frank Shamrock,,Strawweight,23,10,2,177.8,,Orthodox,,4.66,53,57,0.35,,37,1.1
SeungWoo Choi,,Strawweight,11,8,0,182.88,187.96,Orthodox,,3.16,38,47,0.83,,70,0.0
Roger Narvaez,,Strawweight,8,3,0,190.5,,Southpaw,,3.32,37,64,0.0,,50,0.9
Fernando Padilla,,Strawweight,16,6,0,185.42,193.04,Orthodox,,5.74,40,52,0.0,,100,0.6
Jamal Pogues,,Strawweight,11,5,0,190.5,195.58,Orthodox,,3.97,46,49,2.0,,70,0.0
Vinicius Moreira,,Strawweight,9,5,0,193.04,193.04,Orthodox,,5.07,59,43,1.97,,0,1.3
Ryan Jimmo,,Strawweight,19,5,0,185.42,185.42,Orthodox,,2.77,66,46,0.45,,87,0.0
Kenny Robertson,,Strawweight,15,5,0,177.8,187.96,Orthodox,,3.02,47,52,1.37,,57,0.8
Petr Yan,,Strawweight,19,5,0,170.18,170.18,Switch,,4.14,54,58,1.58,,85,0.1
Nazareno Malegarie,,Strawweight,28,4,0,172.72,,,,3.27,34,69,1.0,,0,0.0
Gerry Harris,,Flyweight,1,4,0,203.2,,Orthodox,,0.0,0,0,0.0,,0,0.0
Andre Fialho,,Strawweight,16,8,0,182.88,187.96,Orthodox,,6.26,41,45,0.25,,66,0.0
Seo Hee Ham,,Strawweight,17,8,0,157.48,157.48,Southpaw,,5.15,39,61,0.0,,66,0.2
Terry Etim,,Strawweight,16,5,0,185.42,185.42,Orthodox,,2.53,35,67,0.43,,39,1.4
Rousimar Palhares,,Strawweight,19,8,0,172.72,180.34,Orthodox,,2.04,51,59,3.93,,0,4.1
Michal Oleksiejczuk,,Strawweight,21,9,0,182.88,187.96,Southpaw,,4.41,51,59,1.02,,52,0.0
Yoislandy Izquierdo,,Strawweight,10,4,0,180.34,,Southpaw,,1.4,52,26,0.0,,50,0.0
Sergey Morozov,,Strawweight,19,5,0,167.64,170.18,Orthodox,,2.97,43,61,3.63,,68,0.0
Talita Bernardo,,Strawweight,6,4,0,162.56,172.72,Orthodox,,4.04,42,55,1.62,,28,0.5
Chris Indich,,Strawweight,6,4,0,177.8,,,,4.32,30,43,0.75,,50,1.5
Dan Hardy,,Strawweight,25,10,0,182.88,187.96,Orthodox,,3.44,35,51,0.73,,35,0.4
Rosi Sexton,,Strawweight,13,5,0,160.02,,Orthodox,,7.42,39,41,0.75,,80,0.0
Jutaro Nakao,,Strawweight,25,19,4,175.26,,Southpaw,,1.06,38,44,0.38,,56,0.0
Scott Jorgensen,,Strawweight,15,12,0,165.1,167.64,Orthodox,,3.41,40,65,2.61,,59,0.7
Josh Fremd,,Strawweight,11,6,0,193.04,193.04,Orthodox,,2.23,44,47,0.66,,30,1.1
Yanal Ashmouz,,Strawweight,8,2,0,175.26,175.26,Orthodox,,4.78,50,50,3.24,,64,0.0
Jason Saggo,,Strawweight,12,4,0,180.34,180.34,Orthodox,,2.94,39,52,2.33,,23,0.0
Seokhyeon Ko,,Strawweight,12,2,0,177.8,180.34,Southpaw,,2.0,52,59,4.0,,75,0.5
Rachael Ostovich,,Strawweight,4,6,0,160.02,157.48,Orthodox,,3.97,43,57,2.03,,66,0.8
Nick Penner,,Strawweight,11,3,0,193.04,,Southpaw,,4.6,30,38,0.0,,40,0.0
Marcin Held,,Strawweight,23,7,0,175.26,180.34,Orthodox,,2.02,34,47,2.46,,37,1.3
ChangHo Lee,,Strawweight,11,1,0,172.72,175.26,Orthodox,,2.35,67,39,3.27,,37,0.4
Maiquel Falcao,,Strawweight,37,10,0,180.34,,Orthodox,,0.53,55,86,1.0,,71,3.0
Ron Faircloth,,Strawweight,33,20,0,175.26,,Orthodox,,8.9,40,42,0.0,,0,0.0
Thaddeus Luster,,Strawweight,0,1,0,190.5,,,,0.0,0,0,0.0,,0,0.0
Steve Nelmark,,Strawweight,2,1,0,182.88,,Orthodox,,0.0,0,0,0.0,,0,0.0
Raphael Assuncao,,Strawweight,28,10,0,165.1,167.64,Orthodox,,2.5,42,66,1.65,,78,0.2
Chance Rencountre,,Strawweight,14,4,0,187.96,190.5,Southpaw,,3.62,20,49,1.35,,16,0.3
Sam Stout,,Strawweight,20,12,1,175.26,177.8,Orthodox,,4.08,28,57,0.63,,77,0.1
Brock Jardine,,Strawweight,12,6,0,180.34,,Orthodox,,3.34,30,56,0.0,,14,0.8
Zhalgas Zhumagulov,,Strawweight,14,9,0,162.56,167.64,Switch,,5.86,43,52,1.3,,75,0.2
John Polakowski,,Strawweight,2,2,0,177.8,,Orthodox,,2.83,26,50,0.0,,87,0.7
Dustin Pague,,Strawweight,12,11,0,175.26,187.96,Orthodox,,2.96,53,41,1.03,,55,2.6
Luis Gurule,,Strawweight,10,1,0,165.1,162.56,Orthodox,,3.74,48,58,0.68,,50,0.0
Teemu Packalen,,Strawweight,8,3,0,185.42,190.5,Orthodox,,3.91,54,47,2.31,,100,1.5
Valter Walker,,Flyweight,14,1,0,198.12,198.12,Orthodox,,2.89,49,42,5.43,,0,2.0
Darrius Flowers,,Strawweight,12,8,1,175.26,180.34,Orthodox,,5.49,49,44,0.98,,63,0.0
Livinha Souza,,Strawweight,14,4,0,160.02,160.02,Orthodox,,3.6,45,56,2.54,,40,1.4
Jarred Brooks,,Strawweight,13,2,0,160.02,157.48,Switch,,1.66,46,62,4.54,,69,0.6
Danny Abbadi,,Strawweight,4,6,0,180.34,,Orthodox,,4.41,38,57,0.0,,77,0.0
Alex White,,Strawweight,13,6,0,182.88,180.34,Southpaw,,3.07,42,60,0.92,,71,0.5
Rashid Magomedov,,Strawweight,20,2,0,175.26,177.8,Orthodox,,3.05,49,54,0.67,,89,0.2
Francisco Trevino,,Strawweight,13,3,0,175.26,177.8,Orthodox,,2.42,42,64,0.97,,41,0.0
Da Woon Jung,,Strawweight,15,6,1,193.04,198.12,Orthodox,,4.23,40,49,1.59,,75,0.2
Nathan Coy,,Strawweight,15,7,0,177.8,175.26,Southpaw,,2.4,52,61,3.17,,50,0.0
Stefan Struve,,Flyweight,33,13,0,210.82,213.36,Orthodox,,4.04,47,46,0.56,,55,1.7
Brendson Ribeiro,,Strawweight,17,9,0,190.5,205.74,Orthodox,,4.0,42,53,0.9,,18,0.6
Garreth McLellan,,Strawweight,13,6,0,185.42,182.88,Southpaw,,2.94,54,45,1.15,,34,0.9
Cathal Pendred,,Strawweight,17,4,1,185.42,190.5,Orthodox,,3.01,44,55,2.46,,83,0.4
Francis Marshall,,Strawweight,8,3,0,175.26,182.88,Orthodox,,4.1,33,54,2.75,,66,0.4
Jules Bruchez,,Strawweight,1,2,0,182.88,,Southpaw,,5.52,50,46,0.0,,0,0.0
Phil Hawes,,Strawweight,12,6,0,182.88,195.58,Orthodox,,3.72,59,55,2.11,,90,0.2
Yan Cabral,,Strawweight,13,3,0,180.34,185.42,Orthodox,,1.98,47,62,2.89,,37,1.2
Yao Zhikui,,Strawweight,2,4,0,165.1,162.56,Orthodox,,2.82,21,48,0.66,,58,0.0
Jessamyn Duke,,Strawweight,3,5,0,180.34,185.42,Orthodox,,4.43,53,57,1.27,,50,1.9
Mana Martinez,,Strawweight,10,4,0,177.8,177.8,Orthodox,,4.94,48,50,0.72,,25,0.5
Pascal Krauss,,Strawweight,11,2,0,185.42,,Orthodox,,3.88,47,59,1.53,,60,0.9
Maria Oliveira,,Strawweight,13,7,0,167.64,175.26,Orthodox,,5.76,38,44,0.95,,47,0.0
Pedro Munhoz,,Strawweight,20,10,0,167.64,165.1,Orthodox,,6.29,41,55,0.48,,82,0.5
Renzo Gracie,,Strawweight,13,7,1,177.8,,Orthodox,,1.67,41,55,1.13,,40,0.8
Leo Kuntz,,Strawweight,18,4,1,177.8,,Orthodox,,3.8,32,45,1.99,,33,0.7
Justin James,,Strawweight,13,7,0,177.8,,Orthodox,,2.68,36,50,0.0,,50,1.6
Jimmy Quinlan,,Strawweight,3,1,1,182.88,,Orthodox,,5.94,70,16,4.46,,0,0.0
Yizha,,Strawweight,26,5,0,170.18,180.34,Orthodox,,2.81,45,47,3.51,,54,1.1
Demetrious Johnson,,Strawweight,27,3,1,160.02,167.64,Orthodox,,1.66,54,67,3.35,,65,0.5
Alexander Munoz,,Strawweight,7,2,0,175.26,182.88,Switch,,4.73,42,55,3.0,,100,0.0
Sammy Morgan,,Strawweight,18,12,0,177.8,,Orthodox,,3.74,22,40,1.43,,0,0.5
Shayilan Nuerdanbieke,,Strawweight,39,12,0,172.72,175.26,Orthodox,,2.64,45,50,3.3,,28,0.2
Blake Bilder,,Strawweight,8,2,1,172.72,172.72,Switch,,4.15,48,53,0.31,,71,0.6
Jeremy Stephens,,Strawweight,28,20,0,175.26,180.34,Orthodox,,3.14,40,58,1.11,,62,0.4
Shane Howell,,Strawweight,13,10,0,172.72,,Orthodox,,2.55,32,42,0.0,,20,0.0
Daniel Rodriguez,,Strawweight,20,5,0,185.42,187.96,Southpaw,,5.4,49,57,0.51,,64,0.1
Jon Olav Einemo,,Strawweight,6,3,0,198.12,,Orthodox,,3.05,52,52,1.73,,43,0.0
Randy Couture,,Strawweight,19,11,0,185.42,190.5,Orthodox,,1.53,57,59,2.78,,58,0.5
Jordan Espinosa,,Strawweight,15,9,0,167.64,175.26,Orthodox,,2.94,52,57,0.75,,70,0.2
Tim Hague,,Flyweight,21,13,0,193.04,193.04,Orthodox,,4.14,47,46,1.72,,85,0.9
Austin Arnett,,Strawweight,16,6,0,182.88,182.88,Orthodox,,6.38,41,62,0.44,,57,0.2
Bea Malecki,,Strawweight,4,1,0,175.26,187.96,Orthodox,,6.96,46,62,0.0,,78,1.1
Jay Cucciniello,,Strawweight,8,1,0,170.18,,Orthodox,,4.73,21,36,0.0,,71,0.0
Ian Freeman,,Strawweight,20,7,1,180.34,,Orthodox,,3.11,48,44,1.44,,80,0.7
Nick Catone,,Strawweight,10,4,0,182.88,182.88,Southpaw,,2.32,44,63,3.71,,83,0.5
Tyson Pedro,,Strawweight,10,5,0,190.5,200.66,Orthodox,,2.39,59,56,0.76,,50,0.8
Ismael Bonfim,,Strawweight,20,5,0,172.72,180.34,Orthodox,,3.1,55,70,0.96,,76,0.0
Nora Cornolle,,Strawweight,9,3,0,170.18,170.18,Orthodox,,1.98,54,58,0.25,,47,0.2
Khalil Rountree Jr.,,Strawweight,15,6,0,185.42,193.04,Southpaw,,4.24,40,49,0.0,,58,0.1
Amanda Ribas,,Strawweight,13,7,0,162.56,167.64,Orthodox,,3.29,39,60,2.05,,82,0.6
Steve Bosse,,Strawweight,12,2,0,180.34,182.88,Orthodox,,5.38,52,50,0.92,,100,0.0
Valeri Ignatov,,Strawweight,1,2,0,175.26,,Orthodox,,0.0,0,0,0.0,,0,0.0
Lara Procopio,,Strawweight,7,2,0,162.56,170.18,Orthodox,,6.5,58,47,3.15,,50,0.3
Peter Sobotta,,Strawweight,17,7,1,182.88,190.5,Southpaw,,2.9,40,58,1.53,,77,0.5
Cortavious Romious,,Strawweight,9,4,0,162.56,172.72,Southpaw,,3.46,38,39,2.29,,64,0.8
Cameron Saaiman,,Strawweight,9,3,0,172.72,170.18,Southpaw,,4.14,46,51,0.89,,47,0.7
Hugo Viana,,Strawweight,8,4,0,167.64,170.18,Orthodox,,3.2,38,57,0.22,,50,0.0
Jake Hecht,,Strawweight,11,4,0,182.88,185.42,Orthodox,,2.76,47,56,2.04,,40,0.0
Seth Petruzelli,,Strawweight,14,8,0,182.88,193.04,Orthodox,,2.08,41,55,0.46,,47,2.3
Andrei Semenov,,Strawweight,34,9,2,182.88,,Orthodox,,2.44,15,60,1.74,,55,0.4
Ryan Thomas,,Strawweight,20,8,0,182.88,,Orthodox,,4.17,36,30,5.59,,0,2.2
Ron Stallings,,Strawweight,14,8,0,187.96,190.5,Southpaw,,3.26,60,51,0.0,,71,0.0
Randy Costa,,Strawweight,6,4,0,175.26,185.42,Switch,,7.58,46,58,0.0,,50,0.0
Michel Prazeres,,Strawweight,26,4,0,167.64,170.18,Orthodox,,2.51,47,57,3.94,,47,0.6
Alex Da Silva,,Strawweight,21,4,0,172.72,185.42,Orthodox,,2.52,46,56,1.97,,76,0.3
Alexander Yakovlev,,Strawweight,24,10,1,190.5,187.96,Southpaw,,2.41,47,58,1.66,,72,0.1
Darren Elkins,,Strawweight,29,12,0,177.8,180.34,Orthodox,,3.34,38,51,2.87,,56,1.1
Daniel Barez,,Strawweight,17,7,0,167.64,167.64,Orthodox,,5.95,49,50,1.93,,80,0.6
Joao Roque,,Strawweight,7,2,4,167.64,,Orthodox,,0.0,0,0,0.0,,0,0.0
Joshua Burkman,,Strawweight,28,16,0,177.8,182.88,Orthodox,,3.13,43,51,2.53,,72,0.3
Dave Beneteau,,Strawweight,6,5,1,187.96,,Orthodox,,0.0,0,0,0.0,,0,0.0
Tresean Gore,,Strawweight,6,4,0,182.88,190.5,Switch,,7.48,42,40,1.83,,88,0.9
Bill Mahood,,Strawweight,20,7,1,190.5,,Orthodox,,3.59,85,17,0.0,,0,3.9
Dong Hyun Kim,,Strawweight,22,4,1,187.96,193.04,Southpaw,,1.89,49,58,2.93,,71,0.6
Carlos Newton,,Strawweight,16,14,0,175.26,,Orthodox,,1.55,41,44,2.47,,43,0.9
Elvis Mutapcic,,Strawweight,15,6,1,182.88,182.88,Orthodox,,4.27,40,38,0.0,,81,0.0
Rob Kimmons,,Strawweight,25,9,0,177.8,185.42,Orthodox,,4.79,48,38,2.08,,25,2.4
Kyle Kingsbury,,Strawweight,11,6,0,193.04,200.66,Orthodox,,3.81,40,51,2.64,,52,0.0
Masio Fullen,,Strawweight,11,7,0,177.8,177.8,Orthodox,,3.5,32,54,0.47,,69,0.0
Forrest Petz,,Strawweight,26,10,0,175.26,180.34,Orthodox,,2.2,29,57,1.3,,66,0.0
Felipe Arantes,,Strawweight,18,10,1,172.72,185.42,Orthodox,,2.66,45,64,0.93,,41,0.7
Eddie Gordon,,Strawweight,8,4,0,182.88,193.04,Orthodox,,2.57,32,60,1.93,,63,0.0
Johnny Munoz,,Strawweight,12,4,0,175.26,180.34,Orthodox,,2.66,36,55,2.4,,45,1.8
Daniel Marcos,,Strawweight,17,1,0,170.18,175.26,Orthodox,,3.88,53,61,0.99,,84,0.0
Sheila Gaff,,Strawweight,9,7,0,165.1,,Orthodox,,2.89,50,28,0.0,,20,0.0
Tom Breese,,Strawweight,12,3,0,190.5,185.42,Southpaw,,2.81,50,60,0.0,,70,1.1
Tommy Speer,,Strawweight,21,7,0,177.8,180.34,Orthodox,,5.12,51,35,2.02,,33,0.0
Dustin Neace,,Strawweight,25,21,1,175.26,175.26,,,2.66,32,56,0.0,,0,1.7
Ricardo Almeida,,Strawweight,13,5,0,182.88,187.96,Orthodox,,1.2,49,61,3.74,,31,1.2
Chris Wilson,,Strawweight,18,10,0,185.42,190.5,Orthodox,,1.36,50,55,1.31,,60,1.6
Kristian Rothaermel,,Strawweight,4,3,0,182.88,,Open Stance,,2.49,50,41,0.0,,0,0.0
Miguel Baeza,,Strawweight,10,4,0,187.96,187.96,Orthodox,,5.92,49,46,0.36,,54,2.0
Wu Yanan,,Strawweight,13,6,0,172.72,167.64,Orthodox,,4.95,41,49,0.62,,63,0.2
Rocky Lee,,Strawweight,3,2,0,175.26,,Orthodox,,5.33,51,44,1.0,,33,0.0
Emily Whitmire,,Strawweight,4,5,0,165.1,160.02,Orthodox,,2.98,31,54,1.9,,70,0.5
Alex Morono,,Strawweight,24,12,0,180.34,182.88,Orthodox,,4.78,40,56,0.33,,47,0.3
Magnus Cedenblad,,Strawweight,14,5,0,195.58,200.66,Orthodox,,3.02,51,40,2.87,,66,1.0
Joe Ellenberger,,Strawweight,15,2,0,175.26,182.88,Orthodox,,3.45,47,48,3.17,,0,1.1
Alex Oliveira,,Strawweight,22,12,1,180.34,193.04,Orthodox,,2.55,51,46,2.35,,63,0.6
Shayna Baszler,,Strawweight,15,11,0,170.18,,Orthodox,,6.36,30,51,0.67,,44,1.3
Claudio Puelles,,Strawweight,13,4,0,177.8,182.88,Southpaw,,2.78,49,46,3.17,,60,1.2
Nick Pace,,Strawweight,8,3,0,170.18,172.72,Orthodox,,3.14,34,57,2.52,,54,0.5
Klaudia Sygula,,Strawweight,7,2,0,172.72,175.26,Orthodox,,4.73,53,57,0.7,,33,0.0
Justin Buchholz,,Strawweight,15,10,0,182.88,185.42,Orthodox,,4.14,26,51,0.0,,33,0.8
Nicolle Caliari,,Strawweight,8,4,0,160.02,157.48,Orthodox,,7.01,38,53,2.88,,0,1.0
Carli Judice,,Strawweight,5,2,0,170.18,172.72,Southpaw,,8.08,52,55,0.7,,77,0.0
Andrey Pulyaev,,Strawweight,10,3,0,193.04,198.12,Southpaw,,3.51,60,48,0.41,,64,0.0
Terrance McKinney,,Strawweight,17,7,0,177.8,185.42,Switch,,2.58,56,47,3.59,,77,2.2
Ottman Azaitar,,Strawweight,13,3,0,172.72,180.34,Switch,,4.11,44,52,0.0,,100,0.0
Andre Gusmao,,Strawweight,6,3,0,182.88,,Orthodox,,3.28,43,60,0.0,,60,0.0
Wes Combs,,Strawweight,20,6,0,187.96,,Orthodox,,4.73,48,45,0.0,,0,0.0
Ali AlQaisi,,Strawweight,8,5,0,167.64,172.72,Orthodox,,1.97,42,56,3.5,,60,1.0
Mohammad Yahya,,Strawweight,12,6,0,175.26,185.42,Switch,,6.39,39,43,0.5,,42,0.5
Carlo Prater,,Strawweight,31,18,1,180.34,182.88,Switch,,4.07,47,35,0.43,,57,1.7
Rex Holman,,Strawweight,4,2,0,190.5,,Southpaw,,7.25,34,40,0.0,,100,0.0
Vince Cachero,,Strawweight,7,4,0,167.64,172.72,Orthodox,,6.51,45,43,0.0,,18,0.5
Romie Aram,,Strawweight,7,1,0,177.8,,Orthodox,,2.83,35,50,2.5,,83,0.0
Juan Manuel Puig,,Strawweight,11,4,0,175.26,,Orthodox,,7.17,23,51,0.0,,0,0.0
Patrick Walsh,,Strawweight,10,3,0,180.34,,,,2.83,19,64,3.0,,100,1.5
Nick Fiore,,Strawweight,6,2,0,177.8,182.88,Orthodox,,7.93,46,42,2.5,,71,0.0
Yuri Villefort,,Strawweight,10,5,0,182.88,185.42,Orthodox,,5.42,43,55,2.0,,40,0.3
Guilherme Vasconcelos,,Strawweight,9,4,0,182.88,,Orthodox,,4.4,29,70,0.0,,0,0.0
Mark Madsen,,Strawweight,12,2,0,172.72,182.88,Orthodox,,3.97,49,52,2.86,,62,0.0
Islam Makhachev,,Strawweight,27,1,0,177.8,177.8,Southpaw,,1.55,58,61,3.2,,90,1.1
Buddy Roberts,,Strawweight,12,3,0,187.96,,Orthodox,,2.08,34,70,0.0,,76,0.7
Joe Veres,,Strawweight,4,3,0,170.18,,Orthodox,,5.55,0,27,0.0,,0,0.0
Jared Rollins,,Strawweight,8,4,0,175.26,,Orthodox,,2.41,57,39,2.5,,50,1.2
Augusto Sakai,,Flyweight,16,5,1,190.5,195.58,Orthodox,,3.83,49,48,0.23,,56,0.0
Chad Griggs,,Strawweight,11,3,0,185.42,185.42,Orthodox,,2.22,50,46,1.51,,41,0.0
Dennis Siver,,Strawweight,23,11,0,167.64,177.8,Orthodox,,2.67,32,65,0.87,,65,0.3
Krzysztof Soszynski,,Strawweight,26,12,1,185.42,195.58,Open Stance,,3.13,39,58,0.52,,71,1.0
Tiago dos Santos e Silva,,Strawweight,20,7,2,175.26,177.8,Orthodox,,4.23,35,59,0.63,,33,0.3
Jamie Yager,,Strawweight,8,4,0,185.42,,Orthodox,,2.55,39,63,0.0,,66,0.0
Aleksei Oleinik,,Strawweight,60,17,1,187.96,203.2,Orthodox,,3.8,48,44,1.82,,37,1.9
David Loiseau,,Strawweight,23,11,0,182.88,193.04,Orthodox,,3.64,44,43,0.43,,36,0.1
Gary Goodridge,,Strawweight,23,22,1,190.5,,Orthodox,,2.14,56,48,0.4,,53,0.8
Westin Wilson,,Strawweight,17,10,0,185.42,185.42,Southpaw,,6.71,31,30,1.57,,33,7.9
Vanessa Demopoulos,,Strawweight,11,8,0,157.48,149.86,Orthodox,,5.39,39,41,0.32,,26,0.4
Tafon Nchukwi,,Strawweight,6,4,0,182.88,195.58,Orthodox,,4.11,52,54,0.76,,64,0.0
Shane del Rosario,,Strawweight,11,2,0,193.04,,Southpaw,,2.97,60,54,1.2,,16,2.4
Rani Yahya,,Strawweight,28,12,1,167.64,170.18,Orthodox,,2.08,38,50,2.73,,29,1.8
Max Rohskopf,,Strawweight,5,1,0,185.42,180.34,Orthodox,,5.8,31,42,3.0,,0,1.5
Ulysses Gomez,,Strawweight,9,5,0,167.64,,Orthodox,,3.57,25,68,0.0,,0,0.0
Brad Imes,,Flyweight,13,7,0,200.66,,Orthodox,,4.24,31,49,1.72,,0,1.0
Deiveson Figueiredo,,Strawweight,24,5,1,165.1,172.72,Orthodox,,3.64,54,49,1.69,,58,1.4
Malcolm Wellmaker,,Strawweight,10,0,0,177.8,180.34,Switch,,4.8,62,60,0.0,,100,0.0
Ben Nguyen,,Strawweight,16,8,0,165.1,165.1,Switch,,3.01,40,59,0.25,,63,1.0
Jeremy Jackson,,Strawweight,9,5,0,177.8,,Orthodox,,2.03,27,25,1.52,,58,0.0
Nick Roehrick,,Strawweight,7,1,0,187.96,,Orthodox,,6.92,17,44,0.0,,0,0.0
Drakkar Klose,,Strawweight,16,3,1,175.26,177.8,Orthodox,,3.65,55,49,1.49,,69,0.0
Alex Reyes,,Strawweight,13,5,0,180.34,185.42,Orthodox,,6.92,46,48,1.5,,0,0.0
Rei Tsuruya,,Strawweight,10,1,0,167.64,172.72,Orthodox,,2.01,52,42,5.06,,50,1.9
Tsuyoshi Kohsaka,,Strawweight,27,19,2,180.34,,Orthodox,,4.41,38,54,1.32,,33,0.4
Roger Gracie,,Strawweight,8,2,0,193.04,200.66,Orthodox,,1.79,35,61,1.87,,60,1.9
Kevin Rosier,,Flyweight,2,6,0,193.04,,Orthodox,,0.0,0,0,0.0,,0,0.0
Roque Martinez,,Strawweight,15,8,2,177.8,182.88,Orthodox,,4.9,53,56,0.38,,53,0.4
Preston Parsons,,Strawweight,11,6,0,180.34,180.34,Orthodox,,3.25,51,54,3.46,,71,2.3
Fredy Serrano,,Strawweight,3,2,0,160.02,165.1,Orthodox,,1.89,26,61,2.84,,84,0.0
Alex Andrade,,Strawweight,10,5,0,180.34,,Orthodox,,2.6,36,53,0.0,,25,0.8
Yuta Sasaki,,Strawweight,21,6,2,177.8,180.34,Southpaw,,2.5,41,50,3.03,,41,1.2
Nah-Shon Burrell,,Strawweight,15,7,0,180.34,,Orthodox,,3.45,47,56,0.0,,52,0.3
Nathaniel Wood,,Strawweight,21,6,0,167.64,175.26,Orthodox,,3.89,51,56,1.41,,72,0.6
Carlos Ulberg,,Strawweight,13,1,0,193.04,195.58,Orthodox,,4.21,55,51,0.58,,85,0.2
Laverne Clark,,Strawweight,27,21,1,180.34,,Orthodox,,0.0,0,0,0.0,,0,0.0
Alex Pereira,,Strawweight,12,3,0,193.04,200.66,Orthodox,,3.5,62,53,0.11,,78,0.2
Alexandre Dantas,,Strawweight,0,3,0,187.96,,Orthodox,,1.87,25,60,0.0,,0,3.1
Cory McKenna,,Strawweight,8,4,0,160.02,147.32,Orthodox,,3.68,38,46,2.0,,75,0.4
Galore Bofando,,Strawweight,5,3,0,180.34,182.88,Switch,,3.63,45,54,2.37,,50,0.0
Pablo Garza,,Strawweight,12,4,0,185.42,185.42,Orthodox,,2.7,44,50,0.94,,15,1.3
AJ Cunningham,,Strawweight,11,5,0,177.8,180.34,Orthodox,,6.31,29,48,0.0,,46,0.5
Reginaldo Vieira,,Strawweight,13,5,0,170.18,165.1,Orthodox,,2.89,40,59,1.97,,25,0.8
Jared Rosholt,,Flyweight,14,4,0,187.96,190.5,Orthodox,,1.52,46,59,1.83,,66,0.1
John Lineker,,Strawweight,31,9,0,160.02,170.18,Orthodox,,4.27,40,56,0.56,,67,0.6
Allan Zuniga,,Strawweight,13,1,0,170.18,177.8,Orthodox,,1.8,52,61,0.0,,57,1.0
Jinh Yu Frey,,Strawweight,11,10,0,160.02,165.1,Southpaw,,4.23,43,52,1.02,,90,0.3
Jasmine Jasudavicius,,Strawweight,14,3,0,170.18,172.72,Orthodox,,3.63,45,51,2.61,,75,0.6
Akbarh Arreola,,Strawweight,23,11,1,177.8,180.34,Southpaw,,4.01,45,56,1.07,,33,0.4
Kerry Schall,,Flyweight,24,13,0,187.96,,Orthodox,,4.84,11,63,0.0,,0,0.0
Davey Grant,,Strawweight,17,7,0,172.72,175.26,Orthodox,,3.74,44,55,1.04,,63,0.2
Razak Al-Hassan,,Strawweight,13,5,0,187.96,,Orthodox,,3.14,39,60,0.65,,57,0.0
Mike Rio,,Strawweight,10,5,0,177.8,177.8,Orthodox,,2.99,39,53,2.58,,0,1.0
Pete Williams,,Strawweight,12,6,0,190.5,,Orthodox,,2.77,62,40,1.84,,16,0.9
Don Shainis,,Strawweight,12,5,0,167.64,170.18,Orthodox,,5.87,50,31,0.97,,20,1.9
David Mitchell,,Strawweight,22,7,0,182.88,190.5,Orthodox,,2.06,32,55,0.66,,29,2.0
Josh Sampo,,Strawweight,11,5,0,162.56,162.56,Orthodox,,2.96,36,55,1.06,,40,2.1
Yves Jabouin,,Strawweight,20,11,0,170.18,172.72,Orthodox,,2.93,41,62,1.94,,82,0.1
Cory Sandhagen,,Strawweight,18,5,0,180.34,177.8,Switch,,3.34,45,56,1.28,,63,0.3
John Marsh,,Flyweight,8,7,0,182.88,,Orthodox,,2.23,42,40,0.43,,54,0.4
Rameau Thierry Sokoudjou,,Strawweight,18,18,0,177.8,198.12,Orthodox,,2.61,45,56,1.93,,78,0.9
Frank Camacho,,Strawweight,22,10,0,177.8,185.42,Orthodox,,7.44,46,51,1.11,,73,0.0
Jonny Parsons,,Strawweight,9,3,0,175.26,175.26,Orthodox,,4.89,44,60,0.0,,66,0.0
Yoel Romero,,Strawweight,13,5,0,182.88,185.42,Southpaw,,3.05,49,60,1.57,,78,0.0
Bas Rutten,,Strawweight,28,4,1,185.42,,Orthodox,,2.06,61,79,0.0,,0,0.0
Felipe Lima,,Strawweight,14,2,0,167.64,172.72,Orthodox,,2.91,45,64,2.18,,85,0.7
Ronnie Lawrence,,Strawweight,8,2,0,172.72,172.72,Switch,,1.75,56,52,6.75,,45,0.2
Mike Wilkinson,,Strawweight,9,4,0,170.18,167.64,Orthodox,,3.7,38,35,0.92,,55,0.9
Justin Levens,,Strawweight,10,7,0,180.34,,Orthodox,,3.15,47,37,1.69,,33,5.1
Josh Ferguson,,Strawweight,10,5,0,165.1,,Orthodox,,4.18,43,32,0.59,,54,0.0
Alan Belcher,,Strawweight,18,8,0,187.96,190.5,Orthodox,,3.1,41,59,0.44,,55,0.9
Akira Corassani,,Strawweight,12,6,0,172.72,172.72,Orthodox,,4.91,45,50,0.7,,86,0.0
Brendan O'Reilly,,Strawweight,6,3,0,170.18,175.26,Orthodox,,2.77,47,39,2.22,,36,0.6
Rafael Estevam,,Strawweight,14,0,0,172.72,175.26,Orthodox,,2.59,54,47,6.01,,66,0.3
Maia Stevenson,,Strawweight,6,5,0,162.56,157.48,Orthodox,,3.13,54,33,3.91,,50,0.0
Anderson Dos Santos,,Strawweight,21,9,0,165.1,177.8,Orthodox,,5.37,25,49,0.98,,66,0.7
Miranda Granger,,Strawweight,7,3,0,170.18,172.72,Orthodox,,2.57,47,57,0.0,,33,0.0
Richard Walsh,,Strawweight,9,5,0,182.88,185.42,Orthodox,,2.72,46,58,1.55,,66,0.2
Mark Hall,,Strawweight,5,6,0,182.88,,Orthodox,,0.0,0,0,0.0,,0,0.0
Maximo Blanco,,Strawweight,12,8,1,172.72,180.34,Orthodox,,3.19,44,66,1.85,,63,0.3
Hector Sandoval,,Strawweight,14,4,0,157.48,162.56,Orthodox,,2.33,52,65,3.49,,71,1.4
Hyder Amil,,Strawweight,11,1,0,175.26,177.8,Switch,,4.18,57,51,0.77,,81,1.2
Tim McKenzie,,Strawweight,14,9,0,182.88,187.96,Orthodox,,2.96,54,44,0.0,,28,2.1
David Baron,,Strawweight,17,4,1,167.64,,Switch,,2.1,30,56,0.0,,14,0.7
Reinier de Ridder,,Strawweight,21,2,0,193.04,198.12,Southpaw,,2.44,52,50,2.86,,66,0.6
Jason Fairn,,Strawweight,4,5,0,185.42,,,,0.0,0,0,0.0,,0,0.0
Tanner Boser,,Strawweight,21,10,1,187.96,190.5,Orthodox,,2.75,52,58,0.0,,63,0.0
Vik Grujic,,Strawweight,6,6,0,180.34,185.42,Orthodox,,3.39,48,41,1.18,,26,0.4
David Dvorak,,Strawweight,20,6,0,165.1,172.72,Orthodox,,3.29,43,59,0.58,,70,0.2
Ryan Couture,,Strawweight,11,5,0,177.8,185.42,Orthodox,,2.87,45,54,1.55,,46,1.3
Darko Stosic,,Strawweight,13,4,0,182.88,193.04,Orthodox,,4.04,45,58,3.42,,83,0.0
Rongzhu,,Strawweight,27,6,0,175.26,180.34,Orthodox,,5.44,51,52,1.35,,84,0.1
Maurice Greene,,Flyweight,9,7,0,200.66,203.2,Orthodox,,3.61,45,45,0.0,,27,0.4
Riki Fukuda,,Strawweight,24,9,0,182.88,185.42,Southpaw,,3.71,43,64,2.17,,70,0.0
Jay Hieron,,Strawweight,23,7,0,182.88,190.5,Orthodox,,1.89,32,61,4.05,,66,1.0
Reza Nasri,,Strawweight,0,1,0,180.34,,Orthodox,,0.0,0,0,0.0,,0,0.0
Ricky Turcios,,Strawweight,13,5,0,175.26,180.34,Orthodox,,3.72,40,52,0.91,,44,0.4
Tina Lahdemaki,,Strawweight,5,1,0,157.48,,Orthodox,,4.67,20,57,0.0,,16,0.0
Philip De Fries,,Strawweight,12,6,0,195.58,200.66,Orthodox,,3.0,47,37,3.29,,100,0.6
Joe Vedepo,,Strawweight,18,9,0,182.88,,Orthodox,,5.71,42,38,1.07,,0,0.0
Gregory Rodrigues,,Strawweight,17,6,0,190.5,190.5,Orthodox,,5.04,51,50,2.21,,90,0.3
Andre Pederneiras,,Strawweight,1,1,2,172.72,,Orthodox,,0.0,0,0,0.0,,0,0.0
Daniel Roberts,,Strawweight,15,7,0,177.8,187.96,Southpaw,,2.27,20,46,2.46,,40,2.5
Neil Magny,,Strawweight,30,14,0,190.5,203.2,Orthodox,,2.47,46,51,2.15,,55,0.2
Dustin Ortiz,,Strawweight,19,8,0,165.1,165.1,Orthodox,,2.17,44,56,3.01,,52,0.1
Manuel Rodriguez,,Strawweight,11,5,0,175.26,,Orthodox,,3.23,33,38,9.09,,0,0.0
Kelvin Gastelum,,Strawweight,20,10,0,175.26,180.34,Southpaw,,3.49,42,57,1.05,,58,0.1
Bruno Lopes,,Strawweight,14,2,0,187.96,187.96,Orthodox,,3.38,43,57,2.51,,100,0.0
Fabricio Camoes,,Strawweight,14,9,1,177.8,180.34,Orthodox,,1.85,33,61,2.34,,20,1.5
Royston Wee,,Strawweight,4,1,0,170.18,170.18,Orthodox,,2.45,60,49,3.38,,0,0.0
Milana Dudieva,,Strawweight,11,6,0,160.02,,Orthodox,,3.43,31,58,2.34,,0,0.0
Justin Ledet,,Strawweight,9,4,0,193.04,203.2,Orthodox,,4.82,39,49,0.23,,42,0.2
Christina Marks,,Strawweight,8,9,0,170.18,175.26,Orthodox,,3.0,58,64,7.5,,0,0.0
Rafael Cerqueira,,Strawweight,11,3,0,190.5,193.04,Southpaw,,4.88,44,36,0.0,,40,0.0
Stephanie Luciano,,Strawweight,6,2,1,167.64,165.1,Orthodox,,3.38,41,61,0.67,,80,0.0
Norman Parke,,Strawweight,23,6,1,180.34,177.8,Southpaw,,2.88,35,64,1.98,,77,0.0
David Teymur,,Strawweight,8,2,0,175.26,185.42,Southpaw,,3.53,43,55,0.94,,77,0.0
Damir Hadzovic,,Strawweight,14,8,0,175.26,177.8,Orthodox,,3.74,47,59,0.91,,34,0.1
Icho Larenas,,Strawweight,6,5,0,190.5,,Orthodox,,2.5,15,28,0.0,,14,0.0
Ozzy Diaz,,Strawweight,10,3,0,193.04,200.66,Orthodox,,7.23,50,59,0.0,,50,0.0
AJ Fletcher,,Strawweight,10,3,0,177.8,170.18,Switch,,4.61,49,46,1.54,,33,0.9
Sean O'Malley,,Strawweight,18,3,0,180.34,182.88,Switch,,3.48,61,60,0.27,,61,0.3
Anna Elmose,,Strawweight,3,2,0,160.02,,Orthodox,,4.64,49,56,0.0,,33,0.0
Kevin Lee,,Strawweight,18,8,0,175.26,195.58,Orthodox,,3.6,42,50,3.18,,75,0.8
Steve Kennedy,,Strawweight,24,8,0,180.34,,Orthodox,,5.52,35,45,2.51,,0,0.0
Motonobu Tezuka,,Strawweight,28,12,7,170.18,,Southpaw,,2.8,23,51,1.5,,0,0.5
Billy Miles,,Strawweight,2,2,0,177.8,,Orthodox,,1.25,0,33,0.0,,0,0.0
Cesar Marscucci,,,3,2,0,,,,,0.0,0,0,0.0,,0,0.0
Damian Grabowski,,Strawweight,20,5,0,185.42,190.5,Orthodox,,7.65,36,51,0.0,,0,0.0
Marcus Jones,,Flyweight,4,2,0,198.12,,Orthodox,,2.71,52,58,8.71,,0,2.9
Quinn Mulhern,,Strawweight,18,4,0,190.5,,Orthodox,,2.09,28,51,1.36,,33,0.0
Ben Earwood,,Strawweight,12,3,0,172.72,,Orthodox,,0.2,55,33,3.0,,0,0.0
Elias Silverio,,Strawweight,13,3,0,180.34,185.42,Orthodox,,2.97,49,51,1.62,,85,0.2
Holly Holm,,Strawweight,15,7,0,172.72,175.26,Southpaw,,2.92,40,55,0.87,,76,0.1
Vitor Miranda,,Strawweight,12,5,0,185.42,195.58,Orthodox,,2.95,45,58,0.95,,50,0.2
Maki Pitolo,,Strawweight,13,9,0,177.8,190.5,Orthodox,,3.93,44,55,2.24,,50,0.8
Ben Saunders,,Strawweight,22,13,2,187.96,195.58,Orthodox,,3.58,50,51,0.2,,66,1.3
Khamzat Chimaev,,Strawweight,15,0,0,187.96,190.5,Orthodox,,2.32,60,43,5.29,,85,1.8
Niklas Stolze,,Strawweight,12,6,0,185.42,187.96,Switch,,2.25,48,49,0.66,,55,0.7
Karine Gevorgyan,,Strawweight,3,3,0,162.56,160.02,,,1.8,20,76,0.0,,0,0.0
Rich Clementi,,Strawweight,45,23,1,175.26,182.88,Southpaw,,2.29,37,60,1.72,,25,1.1
Patrick Smith,,Strawweight,20,17,0,187.96,,Orthodox,,0.0,0,0,0.0,,0,0.0
Juliana Lima,,Strawweight,9,5,0,165.1,165.1,Orthodox,,2.11,44,55,1.72,,70,0.0
Jessin Ayari,,Strawweight,16,6,0,182.88,185.42,Orthodox,,3.59,37,58,0.0,,50,0.3
Eric Shelton,,Strawweight,12,6,0,167.64,172.72,Orthodox,,1.88,42,63,2.83,,46,0.2
Junior Albini,,Flyweight,14,6,0,190.5,187.96,Orthodox,,6.08,51,52,1.54,,100,0.0
Jimy Hettes,,Strawweight,11,3,0,175.26,180.34,Southpaw,,3.5,57,57,5.2,,61,1.4
Clifford Starks,,Strawweight,13,3,0,182.88,198.12,Orthodox,,2.49,33,58,1.94,,60,0.0
Rolando Delgado,,Strawweight,11,6,1,190.5,195.58,Orthodox,,1.83,40,62,1.17,,0,3.5
Chris Brennan,,Strawweight,21,13,1,172.72,,Orthodox,,0.97,40,50,0.0,,25,2.1
Marvin Eastman,,Strawweight,18,15,1,175.26,185.42,Orthodox,,3.92,35,42,1.38,,81,0.0
Antonio Trocoli,,Strawweight,12,5,0,198.12,200.66,Orthodox,,5.79,50,23,0.84,,50,0.8
Garett Whiteley,,Strawweight,7,3,0,182.88,182.88,Orthodox,,4.04,48,46,0.0,,27,0.9
Derrick Krantz,,Strawweight,22,12,0,177.8,182.88,Orthodox,,4.03,37,50,3.18,,0,0.8
Andre Petroski,,Strawweight,13,5,0,182.88,185.42,Switch,,2.75,49,52,3.21,,86,1.3
Mark Hughes,,Strawweight,6,2,0,175.26,,Southpaw,,0.4,47,42,3.0,,0,4.5
Milton Vieira,,Strawweight,13,8,2,182.88,,Orthodox,,2.36,35,48,2.67,,12,0.7
Jin Soo Son,,Strawweight,9,4,0,167.64,175.26,Orthodox,,7.63,36,52,1.5,,100,0.0
Yushin Okami,,Strawweight,34,12,0,187.96,190.5,Southpaw,,2.25,38,60,1.98,,84,0.5
Charlie Ontiveros,,Strawweight,11,9,0,187.96,187.96,Switch,,5.86,41,31,0.0,,30,0.0
Ronda Rousey,,Strawweight,12,2,0,170.18,167.64,Orthodox,,4.14,52,44,6.26,,50,4.8
Lance Gibson,,Strawweight,4,5,0,175.26,,Orthodox,,6.44,75,20,0.0,,0,0.0
Alibi Idiris,,Strawweight,11,1,0,167.64,172.72,Orthodox,,3.6,50,53,0.0,,60,0.0
Darian Weeks,,Strawweight,5,3,0,180.34,182.88,Orthodox,,4.56,51,51,2.0,,100,0.0
Marcus Brimage,,Strawweight,7,7,0,162.56,180.34,Southpaw,,3.64,35,56,0.56,,80,0.0
Danyelle Wolf,,Strawweight,1,1,0,180.34,177.8,Orthodox,,4.57,25,47,0.0,,77,0.5
Matt Hughes,,Strawweight,45,9,0,175.26,185.42,Switch,,1.36,53,53,2.95,,35,1.2
Cody Garbrandt,,Strawweight,14,7,0,172.72,165.1,Orthodox,,3.64,39,59,0.93,,83,0.0
Hernani Perpetuo,,Strawweight,18,5,0,182.88,,Orthodox,,4.37,29,55,0.0,,37,0.5
Allan Goes,,Strawweight,10,5,2,182.88,,Orthodox,,1.35,52,41,1.75,,0,2.6
Jose Torres,,Strawweight,8,1,0,162.56,165.1,Orthodox,,9.84,36,50,1.28,,75,0.0
Jeff Monson,,Strawweight,60,26,1,175.26,187.96,Orthodox,,2.87,30,59,1.06,,66,0.7
Jamie Moyle,,Strawweight,4,3,0,154.94,165.1,Orthodox,,4.0,51,65,1.0,,50,0.0
Karol Rosa,,Strawweight,19,7,0,165.1,170.18,Orthodox,,4.59,56,49,1.17,,70,0.2
John Matua,,Middleweight,1,4,0,187.96,,Orthodox,,0.0,0,0,0.0,,0,0.0
Xiao Long,,Strawweight,27,10,0,172.72,177.8,Orthodox,,4.2,46,50,0.69,,79,0.0
Justin Tafa,,Flyweight,7,5,0,182.88,187.96,Southpaw,,5.11,54,47,0.0,,53,0.0
Jesse Taylor,,Strawweight,31,15,0,182.88,185.42,Orthodox,,0.55,65,38,7.28,,100,3.1
Tateki Matsuda,,Strawweight,13,8,0,170.18,,Orthodox,,3.43,34,69,0.0,,16,0.0
Gina Mazany,,Strawweight,7,6,0,167.64,172.72,Southpaw,,3.52,50,50,4.34,,33,0.2
Kendall Grove,,Strawweight,23,17,0,198.12,200.66,Orthodox,,2.4,41,54,0.49,,56,1.7
Dongi Yang,,Strawweight,13,3,0,177.8,185.42,Southpaw,,3.21,51,63,1.7,,61,0.5
Phil Davis,,Strawweight,17,4,0,187.96,200.66,Orthodox,,1.33,34,72,2.99,,72,0.6
Quinton Jackson,,Strawweight,37,12,0,185.42,185.42,Orthodox,,2.51,54,55,1.52,,73,0.1
Yoshihiro Akiyama,,Strawweight,14,6,0,177.8,190.5,Orthodox,,3.62,41,57,2.29,,92,1.0
Dominick Reyes,,Strawweight,15,4,0,193.04,195.58,Southpaw,,3.54,54,50,0.31,,82,0.3
Andreas Stahl,,Strawweight,10,4,0,180.34,,Orthodox,,4.74,37,57,1.55,,80,0.0
Melton Bowen,,Strawweight,0,1,0,182.88,,Orthodox,,0.0,0,0,0.0,,0,0.0
Edwin DeWees,,Strawweight,38,17,0,185.42,,Orthodox,,6.19,33,39,2.18,,0,3.3
Charlie Valencia,,Strawweight,12,7,0,160.02,162.56,Orthodox,,2.61,37,77,1.4,,75,0.5
Jennifer Maia,,Strawweight,21,10,1,162.56,162.56,Orthodox,,4.52,38,55,0.42,,58,0.1
Luis Ramos,,Strawweight,20,10,2,172.72,,Orthodox,,5.6,35,42,1.5,,100,0.0
Lavar Johnson,,Strawweight,18,10,0,193.04,208.28,Orthodox,,2.54,55,55,0.61,,54,0.6
Dominick Cruz,,Strawweight,24,4,0,172.72,172.72,Orthodox,,2.61,33,70,2.82,,83,0.1
Paul Felder,,Strawweight,17,6,0,180.34,177.8,Orthodox,,3.44,44,48,0.29,,64,0.2
Arjan Bhullar,,Strawweight,9,1,0,185.42,190.5,Orthodox,,3.25,56,59,1.73,,100,0.0
Joseph Sandoval,,Strawweight,7,7,0,170.18,,Southpaw,,12.12,42,60,0.0,,0,0.0
Gregor Gillespie,,Strawweight,14,1,0,170.18,180.34,Orthodox,,2.3,52,57,6.86,,100,0.8
Djorden Santos,,Strawweight,10,2,0,182.88,190.5,Orthodox,,5.87,43,49,1.0,,86,0.0
Themba Gorimbo,,Strawweight,14,5,0,185.42,195.58,Orthodox,,1.09,61,56,4.81,,82,0.6
Igor Pokrajac,,Strawweight,28,13,0,182.88,187.96,Orthodox,,4.26,45,40,0.87,,51,0.2
Chuck O'Neil,,Strawweight,17,9,0,187.96,,,,4.4,37,72,0.0,,0,0.0
Yuki Kondo,,Strawweight,60,33,9,180.34,,Southpaw,,2.57,42,51,0.76,,37,0.5
Ikuhisa Minowa,,Strawweight,60,42,8,175.26,,Orthodox,,1.66,40,49,1.82,,5,1.9
Nicco Montano,,Strawweight,5,3,0,165.1,165.1,Southpaw,,4.43,41,64,2.25,,69,0.4
Nicolae Negumereanu,,Strawweight,13,2,0,182.88,198.12,Orthodox,,5.56,41,39,1.02,,62,0.0
Casey Kenney,,Strawweight,16,4,1,170.18,172.72,Southpaw,,4.67,42,58,1.09,,61,0.4
Dileno Lopes,,Strawweight,19,3,0,165.1,,,,3.33,36,53,2.5,,100,1.5
Jordan Vucenic,,Strawweight,13,4,0,177.8,185.42,Orthodox,,1.9,45,58,0.63,,44,0.0
Rich Attonito,,Strawweight,10,5,0,177.8,182.88,Orthodox,,2.13,47,59,0.74,,75,0.0
Devin Powell,,Strawweight,9,4,0,182.88,185.42,Orthodox,,3.67,41,51,0.0,,0,0.6
Chris Weidman,,Strawweight,16,8,0,187.96,198.12,Orthodox,,3.37,45,51,3.27,,72,0.8
Marco Polo Reyes,,Strawweight,8,7,0,180.34,180.34,Orthodox,,5.52,37,59,0.0,,46,0.0
Nina Nunes,,Strawweight,11,7,0,165.1,162.56,Orthodox,,3.47,45,55,0.24,,73,0.5
Rodney Wallace,,Strawweight,26,15,1,175.26,182.88,Switch,,3.44,46,45,6.0,,28,1.0
Dean Lister,,Strawweight,13,7,0,185.42,190.5,Orthodox,,1.89,35,61,1.58,,50,1.1
Nad Narimani,,Strawweight,12,4,0,172.72,177.8,Orthodox,,3.0,42,58,1.92,,70,0.0
Chad Reiner,,Strawweight,33,18,0,180.34,,Orthodox,,1.97,20,46,0.99,,25,2.0
Saidyokub Kakhramonov,,Strawweight,10,3,0,172.72,175.26,Orthodox,,0.88,51,58,6.63,,83,1.9
Jimmy Flick,,Strawweight,17,9,0,170.18,172.72,Orthodox,,4.7,50,43,2.36,,0,3.5
Amir Sadollah,,Strawweight,6,5,0,177.8,190.5,Orthodox,,3.55,46,60,0.57,,60,0.3
Lucas Martins,,Strawweight,19,3,0,182.88,182.88,Southpaw,,4.14,35,60,0.0,,76,0.5
Nassourdine Imavov,,Strawweight,17,4,0,190.5,190.5,Orthodox,,3.17,54,58,0.74,,81,1.0
Jackie Lee,,,0,1,0,,,,,0.0,0,0,0.0,,0,0.0
Greg Soto,,Strawweight,9,4,0,180.34,185.42,Orthodox,,2.61,63,52,1.49,,44,1.0
Patricio Freire,,Strawweight,37,8,0,167.64,170.18,Orthodox,,4.23,43,57,1.49,,88,0.6
Frank Trigg,,Strawweight,21,9,0,175.26,180.34,Southpaw,,1.9,46,56,2.35,,75,0.8
Hunter Azure,,Strawweight,9,2,0,172.72,175.26,Orthodox,,2.08,53,58,1.97,,67,1.3
Montse Rendon,,Strawweight,6,1,0,172.72,172.72,Orthodox,,3.9,28,54,3.0,,100,0.0
Kris McCray,,Strawweight,8,5,0,182.88,193.04,Orthodox,,2.57,45,54,2.88,,38,0.0
Rafael Dos Anjos,,Strawweight,32,17,0,172.72,177.8,Southpaw,,3.23,47,60,1.95,,54,0.6
Rodrigo Nascimento,,Strawweight,11,3,0,187.96,203.2,Orthodox,,4.34,47,44,1.02,,60,0.5
Sean Alvarez,,Strawweight,4,3,0,182.88,,Orthodox,,3.25,37,47,0.0,,0,0.0
Chelsea Chandler,,Strawweight,6,4,0,172.72,172.72,Southpaw,,4.44,45,40,0.87,,28,0.0
Kevin Natividad,,Strawweight,9,4,0,167.64,177.8,Orthodox,,4.29,34,47,3.66,,83,0.0
Ashley Yoder,,Strawweight,8,9,0,170.18,175.26,Southpaw,,4.13,39,47,1.09,,66,0.6
Lucie Pudilova,,Strawweight,14,10,0,172.72,170.18,Orthodox,,4.07,37,50,0.7,,67,0.6
Jake Collier,,Strawweight,13,10,0,190.5,198.12,Orthodox,,5.08,44,50,0.71,,67,0.6
Pete Sell,,Strawweight,10,7,0,180.34,190.5,Orthodox,,3.65,42,51,0.91,,47,0.9
Neil Wain,,Strawweight,13,4,0,177.8,,Orthodox,,8.57,50,43,0.0,,50,0.0
Rafa Garcia,,Strawweight,17,4,0,170.18,177.8,Orthodox,,4.47,43,60,3.21,,77,0.2
Alexandre Barros,,Strawweight,22,11,0,175.26,,Southpaw,,4.05,40,36,1.84,,100,0.0
Tommy Hayden,,Strawweight,11,3,0,175.26,,Southpaw,,2.05,27,55,3.42,,66,0.0
Brandon Davis,,Strawweight,14,10,0,177.8,182.88,Orthodox,,4.62,35,58,0.74,,57,0.1
Tim Credeur,,Strawweight,12,4,0,190.5,190.5,Orthodox,,3.13,30,57,0.41,,50,3.3
Hermes Franca,,Strawweight,24,17,0,167.64,180.34,Orthodox,,2.85,39,55,1.53,,37,2.4
Jamie Mullarkey,,Strawweight,17,8,0,182.88,187.96,Orthodox,,4.53,46,53,2.31,,78,0.1
Dwight Grant,,Strawweight,11,6,0,185.42,193.04,Switch,,2.66,36,60,0.61,,66,0.0
Mario Neto,,Strawweight,13,5,0,182.88,,Orthodox,,1.89,50,70,2.84,,0,0.0
Jordan Johnson,,Strawweight,10,0,0,187.96,200.66,Orthodox,,2.64,47,53,3.25,,100,1.2
Ignacio Bahamondes,,Strawweight,17,6,0,190.5,190.5,Orthodox,,4.33,45,56,0.0,,75,0.4
Evan Dunham,,Strawweight,18,9,1,177.8,177.8,Southpaw,,3.54,39,61,1.82,,79,1.0
Jesse Butler,,Strawweight,12,6,0,177.8,185.42,Orthodox,,4.62,34,39,0.0,,0,0.0
Bryce Mitchell,,Strawweight,18,4,0,177.8,177.8,Southpaw,,1.6,59,58,3.24,,33,1.2
Sijara Eubanks,,Strawweight,8,7,0,162.56,170.18,Orthodox,,3.43,43,57,1.9,,66,0.3
Filip Pejic,,Strawweight,12,2,2,172.72,,Orthodox,,0.88,0,33,0.0,,0,0.0
Jake Ellenberger,,Strawweight,31,15,0,175.26,180.34,Orthodox,,2.83,39,60,2.04,,86,0.4
Clayton Carpenter,,Strawweight,8,1,0,167.64,167.64,Orthodox,,2.75,55,55,2.23,,42,1.5
Sean Salmon,,Strawweight,18,21,0,177.8,,Southpaw,,2.03,33,65,4.06,,0,0.0
Bruno Santos,,Strawweight,15,2,0,175.26,,Orthodox,,2.27,46,56,3.0,,66,0.3
James Lee,,Strawweight,15,3,0,180.34,,Southpaw,,3.72,42,27,13.95,,0,7.0
Luke Sanders,,Strawweight,13,5,0,167.64,170.18,Southpaw,,4.37,52,50,0.71,,72,0.2
Sung Bin Jo,,Strawweight,9,1,0,182.88,182.88,Orthodox,,2.67,33,51,1.0,,83,1.0
Andrea Lee,,Strawweight,13,11,0,167.64,175.26,Orthodox,,3.91,45,61,1.65,,53,0.6
Mads Burnell,,Strawweight,9,3,0,172.72,175.26,Orthodox,,2.71,41,51,3.45,,22,0.4
Nick Diaz,,Strawweight,26,10,0,185.42,193.04,Southpaw,,3.84,42,59,1.28,,60,1.0
Carlos Prates,,Strawweight,22,7,0,185.42,198.12,Switch,,4.8,54,48,0.23,,84,0.0
Andre Winner,,Strawweight,21,11,2,180.34,185.42,Orthodox,,4.57,33,51,0.0,,74,0.0
Polyana Viana,,Strawweight,13,8,0,165.1,170.18,Orthodox,,2.5,40,53,0.75,,35,1.7
Kevin Ferguson,,Strawweight,5,2,0,187.96,195.58,Orthodox,,3.41,50,38,3.1,,36,1.2
Ariane da Silva,,Strawweight,17,11,0,167.64,170.18,Orthodox,,4.4,41,50,0.47,,68,0.3
Loma Lookboonmee,,Strawweight,10,3,0,154.94,154.94,Orthodox,,2.47,56,52,2.03,,73,0.1
Kyle Noke,,Strawweight,22,10,1,185.42,193.04,Southpaw,,2.09,50,64,1.53,,66,0.8
Harry Hardwick,,Strawweight,13,4,1,172.72,180.34,Switch,,7.16,34,40,0.0,,0,0.0
Brendan Schaub,,Strawweight,10,5,0,193.04,198.12,Orthodox,,2.22,37,57,2.32,,72,0.4
Ryan Benoit,,Strawweight,10,8,0,165.1,172.72,Orthodox,,3.65,39,58,0.28,,72,0.4
Mauricio Rua,,Strawweight,27,14,1,185.42,193.04,Orthodox,,2.79,50,54,2.01,,49,0.7
Kevin Aguilar,,Strawweight,17,5,0,170.18,185.42,Orthodox,,4.81,40,52,0.16,,78,0.0
Vinicius Salvador,,Strawweight,14,7,0,170.18,177.8,Southpaw,,6.5,43,48,0.36,,86,0.0
Albert Cheng,,Strawweight,7,4,0,180.34,,Orthodox,,2.6,41,71,0.0,,0,0.0
Danny Castillo,,Strawweight,17,10,0,175.26,180.34,Orthodox,,1.96,42,62,2.95,,63,0.2
Melissa Martinez,,Strawweight,8,2,0,157.48,167.64,Southpaw,,5.21,47,53,0.35,,50,0.0
Connor Matthews,,Strawweight,7,4,0,172.72,180.34,Switch,,6.06,43,55,3.24,,46,0.7
Eddie Yagin,,Strawweight,16,7,1,170.18,,Orthodox,,5.77,30,42,0.0,,62,1.0
Jake Lindsey,,Strawweight,12,7,0,180.34,,Switch,,4.01,52,46,0.65,,50,0.0
Gabe Ruediger,,Strawweight,18,8,0,177.8,,Orthodox,,5.16,31,41,2.04,,28,0.0
Steve Erceg,,Strawweight,13,4,0,172.72,172.72,Orthodox,,3.79,45,52,1.15,,62,0.4
Keith Hackney,,Strawweight,2,2,0,180.34,,Sideways,,0.0,0,0,0.0,,0,0.0
Sam Alvey,,Strawweight,33,18,1,187.96,190.5,Southpaw,,3.63,44,52,0.06,,82,0.1
Yoshinori Horie,,Strawweight,8,2,0,172.72,177.8,Orthodox,,5.65,49,48,0.0,,0,0.0
Diego Saraiva,,Strawweight,22,20,1,167.64,,Orthodox,,3.58,32,62,1.33,,0,0.7
Te Edwards,,Strawweight,6,3,0,172.72,182.88,Orthodox,,4.15,41,44,0.72,,44,0.0
Antonio McKee,,Strawweight,29,6,2,172.72,,Southpaw,,0.74,45,74,1.47,,57,0.0
Charles Oliveira,,Strawweight,35,11,0,177.8,187.96,Orthodox,,3.26,55,48,2.23,,56,2.6
Eric Martin,,,0,1,0,,,,,0.0,0,0,0.0,,0,0.0
Steve Vigneault,,Strawweight,12,6,0,177.8,,Orthodox,,5.75,28,44,0.0,,100,0.0
Marion Reneau,,Strawweight,9,8,1,167.64,172.72,Orthodox,,3.52,41,59,0.62,,50,0.8
Cole Escovedo,,Strawweight,17,9,0,170.18,182.88,Orthodox,,4.32,43,49,0.43,,13,0.0
Trevor Prangley,,Strawweight,34,11,2,185.42,190.5,Orthodox,,2.02,60,48,3.38,,74,1.0
Dale Hartt,,Strawweight,6,3,0,177.8,175.26,Orthodox,,1.55,35,66,1.22,,25,2.5
Mark Coleman,,Strawweight,16,10,0,185.42,190.5,Orthodox,,2.62,52,40,3.89,,50,0.8
Todd Brown,,Strawweight,16,4,0,180.34,,Orthodox,,3.85,45,48,0.0,,50,0.0
Ben Rothwell,,Flyweight,39,14,0,193.04,198.12,Orthodox,,4.63,42,47,0.68,,70,0.4
Teruto Ishihara,,Strawweight,10,7,2,170.18,175.26,Southpaw,,3.63,44,53,0.5,,30,0.0
Zak Cummings,,Strawweight,25,7,0,182.88,190.5,Southpaw,,2.91,35,55,0.62,,66,0.6
David Dodd,,Strawweight,4,7,0,187.96,,Orthodox,,0.0,0,0,0.0,,0,0.0
Tai Bowden,,Strawweight,1,1,0,180.34,,,,0.0,0,0,0.0,,0,0.0
Liliya Shakirova,,Strawweight,8,2,0,162.56,165.1,Orthodox,,2.58,30,74,0.0,,0,0.0
Hamdy Abdelwahab,,Flyweight,6,1,0,187.96,182.88,Southpaw,,4.49,49,51,1.33,,100,0.0
Douglas Silva de Andrade,,Strawweight,29,6,0,170.18,172.72,Orthodox,,3.93,38,57,0.55,,72,0.2
Matthew Riddle,,Strawweight,8,3,0,185.42,193.04,Southpaw,,2.74,42,54,3.51,,89,0.5
Luan Lacerda,,Strawweight,12,3,0,170.18,180.34,Orthodox,,7.07,44,47,1.26,,75,0.6
Josh Clopton,,Strawweight,6,2,1,167.64,,Orthodox,,2.87,64,50,2.0,,75,0.0
Michael Page,,Strawweight,24,3,0,190.5,200.66,Switch,,1.68,60,57,0.23,,66,0.0
Ariane Carnelossi,,Strawweight,15,3,0,157.48,154.94,Orthodox,,4.74,39,45,1.37,,14,0.3
Masutatsu Yano,,Strawweight,2,4,1,175.26,,Orthodox,,0.0,0,0,0.0,,0,0.0
Davi Ramos,,Strawweight,10,4,0,167.64,177.8,Orthodox,,3.44,37,56,1.95,,83,0.6
Bubba Bush,,Strawweight,8,3,0,182.88,,Orthodox,,7.01,55,25,2.82,,60,0.0
Jessica-Rose Clark,,Strawweight,11,9,0,165.1,162.56,Orthodox,,3.51,51,58,1.66,,62,0.3
Mike Grundy,,Strawweight,12,4,0,170.18,182.88,Orthodox,,4.45,45,56,4.06,,50,0.4
Dan Christison,,Flyweight,20,7,0,203.2,,Orthodox,,3.88,51,54,0.0,,37,1.1
Jake Rosholt,,Strawweight,12,5,0,185.42,,Orthodox,,2.33,53,49,6.51,,0,1.8
Nate Maness,,Strawweight,16,3,0,177.8,182.88,Orthodox,,3.88,50,42,0.68,,80,0.7
Dan Cramer,,Strawweight,11,4,0,187.96,,Orthodox,,2.1,30,31,0.0,,66,0.5
Renato Sobral,,Strawweight,37,11,0,185.42,190.5,Orthodox,,1.53,45,57,2.48,,65,2.6
Jack McGlaughlin,,,1,4,0,,,Orthodox,,0.0,0,0,0.0,,0,0.0
Antoni Hardonk,,Strawweight,8,6,0,193.04,198.12,Orthodox,,3.07,61,46,0.0,,40,0.9
Jon Madsen,,Strawweight,8,2,0,182.88,182.88,Orthodox,,1.18,41,81,1.32,,70,0.0
DaMarques Johnson,,Strawweight,15,15,0,185.42,190.5,Orthodox,,3.75,37,51,1.18,,19,0.7
Adam Milstead,,Strawweight,8,4,0,190.5,193.04,Orthodox,,4.79,46,43,0.0,,64,0.0
Diego Lopes,,Strawweight,26,7,0,180.34,182.88,Orthodox,,4.76,47,46,0.35,,67,1.9
Derek Downey,,Strawweight,11,4,0,185.42,,Orthodox,,3.36,100,12,2.4,,0,0.0
Benoit Saint Denis,,Strawweight,15,3,0,180.34,185.42,Southpaw,,4.19,55,42,4.35,,70,1.6
Jimmie Rivera,,Strawweight,23,5,0,162.56,172.72,Orthodox,,3.9,40,60,0.88,,92,0.1
Marcus LeVesseur,,Strawweight,22,7,0,175.26,177.8,Southpaw,,3.7,64,37,3.89,,83,0.6
Phillip Miller,,Strawweight,16,0,0,180.34,,Orthodox,,1.93,54,50,3.62,,100,0.6
Joao Pierini,,Strawweight,4,1,0,185.42,,Switch,,4.56,14,33,0.0,,0,0.0
Ryan Parker,,Strawweight,0,1,0,190.5,,Southpaw,,0.0,0,0,0.0,,0,0.0
Jean Silva,,Strawweight,16,2,0,170.18,175.26,Orthodox,,4.13,52,56,0.6,,86,0.9
Ketlen Souza,,Strawweight,15,6,0,160.02,160.02,Orthodox,,4.4,57,53,0.3,,50,0.3
Modestas Bukauskas,,Strawweight,19,6,0,190.5,193.04,Switch,,3.93,43,51,0.3,,80,0.1
Jose Aldo,,Strawweight,32,10,0,170.18,177.8,Orthodox,,3.81,46,60,0.47,,92,0.1
Phillipe Nover,,Strawweight,11,8,1,175.26,182.88,Orthodox,,2.48,35,56,0.99,,44,0.7
John Makdessi,,Strawweight,18,9,0,172.72,172.72,Orthodox,,4.15,49,68,0.0,,86,0.0
Rinat Fakhretdinov,,Strawweight,24,1,1,182.88,187.96,Orthodox,,3.61,52,54,3.91,,91,0.2
Fred Ettish,,Strawweight,1,1,0,182.88,,Southpaw,,0.0,0,0,0.0,,0,0.0
Ailin Perez,,Strawweight,12,2,0,165.1,167.64,Switch,,1.79,54,55,4.68,,66,0.2
Jacobe Smith,,Strawweight,11,0,0,177.8,182.88,Southpaw,,2.86,66,47,7.42,,100,0.8
Joe Proctor,,Strawweight,11,5,0,177.8,182.88,Orthodox,,3.93,36,59,0.0,,70,1.8
Nohelin Hernandez,,Strawweight,9,4,0,177.8,180.34,Orthodox,,2.63,34,52,0.71,,37,0.0
Wagner Prado,,Strawweight,12,3,0,182.88,187.96,Southpaw,,3.06,40,50,0.0,,22,0.0
Khalid Murtazaliev,,Strawweight,14,2,0,182.88,193.04,Orthodox,,0.4,69,78,7.5,,33,0.0
Bob Gilstrap,,Strawweight,5,7,0,190.5,,Orthodox,,0.0,0,0,0.0,,0,0.0
Randy Brown,,Strawweight,20,6,0,190.5,198.12,Orthodox,,3.26,47,54,0.79,,73,0.6
Wanderlei Silva,,Strawweight,35,13,1,180.34,187.96,Orthodox,,2.19,40,60,0.97,,62,0.6
Volkan Oezdemir,,Strawweight,20,8,0,187.96,190.5,Orthodox,,4.22,48,55,0.5,,80,0.1
Vicente Luque,,Strawweight,23,11,1,180.34,190.5,Orthodox,,5.25,51,52,0.97,,61,0.7
CB Dollaway,,Strawweight,17,9,0,187.96,193.04,Orthodox,,2.58,47,54,3.55,,62,1.2
Ronaldo Rodriguez,,Strawweight,17,3,0,167.64,165.1,Orthodox,,3.8,43,44,1.09,,64,0.8
Alex Stiebling,,Strawweight,19,11,1,187.96,,Southpaw,,1.45,42,52,0.35,,66,0.7
Charlie Campbell,,Strawweight,9,2,0,182.88,182.88,Orthodox,,3.73,54,55,2.95,,71,0.0
Dylan Budka,,Strawweight,7,5,0,182.88,190.5,Switch,,1.8,38,42,1.93,,76,0.4
Francis Ngannou,,Strawweight,17,3,0,193.04,210.82,Orthodox,,2.16,41,41,0.76,,71,0.3
Alex Hunter,,Strawweight,2,0,0,175.26,,Orthodox,,0.0,0,0,0.0,,0,0.0
Johnny Walker,,Strawweight,22,9,0,198.12,208.28,Orthodox,,3.09,55,45,0.42,,57,0.8
Koji Oishi,,Strawweight,25,10,10,172.72,,Orthodox,,17.86,9,43,0.0,,0,0.0
Joby Sanchez,,Strawweight,11,4,0,167.64,172.72,Orthodox,,2.82,36,63,0.95,,51,0.4
Michel Pereira,,Strawweight,31,14,0,185.42,185.42,Orthodox,,4.35,52,51,1.13,,76,0.7
Gabriel Silva,,Strawweight,8,2,0,167.64,180.34,Orthodox,,3.47,34,45,1.5,,38,0.5
Christophe Leninger,,Strawweight,3,4,0,182.88,,Southpaw,,0.0,0,0,0.0,,0,0.0
Luis Saldana,,Strawweight,16,7,1,180.34,185.42,Orthodox,,3.65,50,60,0.64,,44,0.2
Sergio Pettis,,Strawweight,18,5,0,167.64,175.26,Orthodox,,2.91,37,65,0.85,,67,0.4
Abel Trujillo,,Strawweight,15,8,0,172.72,177.8,Orthodox,,2.31,41,59,2.18,,40,0.4
Dan Severn,,Strawweight,101,19,1,187.96,,Southpaw,,0.0,0,0,0.0,,0,0.0
Bolaji Oki,,Strawweight,10,3,0,177.8,185.42,Orthodox,,5.15,44,61,1.01,,66,0.0
Luke Rockhold,,Strawweight,16,6,0,190.5,195.58,Southpaw,,2.68,49,53,0.7,,65,1.0
Kenichi Yamamoto,,Strawweight,5,12,2,182.88,,Orthodox,,1.93,46,38,0.0,,10,0.3
Aliaskhab Khizriev,,Strawweight,14,0,0,175.26,187.96,Southpaw,,4.38,64,61,5.64,,100,3.8
Shane Campbell,,Strawweight,14,6,0,182.88,180.34,Orthodox,,3.19,59,55,1.36,,82,0.0
Assuerio Silva,,Strawweight,16,8,0,177.8,,Orthodox,,4.2,46,54,2.66,,25,1.8
Cyrille Diabate,,Strawweight,19,10,1,198.12,205.74,Southpaw,,1.78,71,60,1.17,,53,0.2
Tuco Tokkos,,Strawweight,11,5,0,193.04,193.04,Orthodox,,4.27,40,46,4.21,,33,0.5
Jacob Volkmann,,Strawweight,19,7,0,175.26,180.34,Southpaw,,1.78,34,52,3.19,,52,2.0
Marcus Bossett,,Strawweight,1,3,0,185.42,,Orthodox,,0.0,0,0,0.0,,0,0.0
Aaron Rosa,,Strawweight,18,6,0,193.04,195.58,Orthodox,,4.41,47,45,0.36,,85,0.4
Rinya Nakamura,,Strawweight,10,1,0,170.18,172.72,Southpaw,,1.72,52,63,2.58,,100,1.4
Guy Mezger,,Strawweight,30,14,2,185.42,,Orthodox,,1.36,32,72,0.39,,88,0.0
Onassis Parungao,,Strawweight,2,1,0,180.34,,,,0.0,0,0,0.0,,0,0.0
Taylor Lapilus,,Strawweight,21,4,0,167.64,185.42,Southpaw,,2.61,48,62,0.27,,77,0.3
Felipe Olivieri,,Strawweight,14,5,0,175.26,,Orthodox,,4.6,58,57,0.0,,71,0.0
Alonzo Menifield,,Strawweight,17,5,1,182.88,193.04,Orthodox,,3.76,53,50,0.5,,78,0.2
Billy Quarantillo,,Strawweight,18,7,0,177.8,177.8,Orthodox,,5.83,54,42,1.47,,61,1.0
Tarec Saffiedine,,Strawweight,16,7,0,177.8,177.8,Switch,,3.06,47,62,0.52,,84,0.1
Pete Spratt,,Strawweight,25,23,0,175.26,,Orthodox,,1.33,48,55,0.3,,46,0.3
Roxanne Modafferi,,Strawweight,25,21,0,170.18,175.26,Orthodox,,5.7,30,51,1.35,,30,0.1
Josh Barnett,,Strawweight,35,8,0,190.5,198.12,Orthodox,,2.11,50,57,1.26,,55,1.4
Gustavo Lopez,,Strawweight,12,6,1,165.1,170.18,Orthodox,,3.87,40,57,1.74,,31,0.7
Tra Telligman,,Strawweight,7,5,1,187.96,,Orthodox,,3.02,35,56,0.87,,80,0.0
Bassil Hafez,,Strawweight,9,4,1,180.34,182.88,Orthodox,,5.68,38,41,2.21,,50,0.0
Alex Perez,,Strawweight,25,9,0,167.64,165.1,Orthodox,,3.2,46,58,2.04,,77,0.8
Frankie Perez,,Strawweight,10,4,0,180.34,185.42,Orthodox,,2.17,41,54,1.75,,50,0.3
Terrion Ware,,Strawweight,17,9,0,172.72,180.34,Orthodox,,6.07,32,50,0.5,,44,0.0
Wang Cong,,Strawweight,8,1,0,167.64,167.64,Southpaw,,2.68,57,63,1.05,,100,0.7
Justin McCully,,Strawweight,11,5,2,185.42,185.42,Orthodox,,2.02,37,46,1.28,,43,0.0
Rodolfo Vieira,,Strawweight,11,3,0,182.88,185.42,Orthodox,,4.12,55,51,3.09,,100,1.0
Warlley Alves,,Strawweight,15,8,0,180.34,182.88,Orthodox,,3.95,48,50,1.22,,62,0.8
Enrique Barzola,,Strawweight,17,5,2,170.18,177.8,Orthodox,,2.97,41,68,4.2,,66,0.3
Roger Huerta,,Strawweight,23,9,1,175.26,177.8,Orthodox,,2.33,36,56,2.13,,52,0.5
Geza Kalman,,Strawweight,4,9,0,185.42,,,,0.0,0,0,0.0,,0,0.0
Leonardo Guimaraes,,Strawweight,11,5,0,182.88,,Orthodox,,2.99,56,44,0.0,,52,1.0
Lina Lansberg,,Strawweight,10,8,0,170.18,165.1,Orthodox,,3.87,55,44,0.52,,47,0.1
Brian Geraghty,,Strawweight,26,18,1,170.18,,Orthodox,,9.77,25,36,0.0,,50,0.0
Rob Emerson,,Strawweight,18,12,0,175.26,177.8,Orthodox,,2.83,30,64,2.02,,65,0.4
Eugene Jackson,,Strawweight,15,9,1,172.72,,Orthodox,,3.44,33,32,1.91,,16,2.3
Louis Gaudinot,,Strawweight,8,4,0,160.02,160.02,Orthodox,,6.42,37,48,0.57,,31,1.1
Magomed Mustafaev,,Strawweight,14,4,0,172.72,180.34,Orthodox,,2.68,58,41,3.31,,23,0.4
Daron Cruickshank,,Strawweight,18,10,0,172.72,182.88,Switch,,2.98,38,57,2.04,,60,0.2
DongHun Choi,,Strawweight,9,0,0,165.1,167.64,Switch,,3.13,66,58,0.46,,81,0.0
JP Buys,,Strawweight,9,6,0,165.1,170.18,Orthodox,,3.02,39,40,1.55,,25,2.3
Gauge Young,,Strawweight,10,3,0,175.26,177.8,Orthodox,,5.82,51,48,1.0,,71,0.0
Cole Williams,,Strawweight,11,3,0,182.88,185.42,Orthodox,,5.34,27,23,0.0,,25,0.0
Nikolay Veretennikov,,Strawweight,13,6,0,185.42,187.96,Orthodox,,3.43,55,46,0.55,,62,0.0
Alatengheili,,Strawweight,17,10,2,165.1,167.64,Orthodox,,5.12,32,57,1.74,,75,0.0
Humberto Bandenay,,Strawweight,14,7,0,180.34,180.34,Southpaw,,4.79,41,41,2.9,,62,0.5
Alex Caceres,,Strawweight,21,15,0,177.8,185.42,Southpaw,,3.09,49,62,0.54,,64,0.7
Julius Walker,,Strawweight,7,1,0,193.04,198.12,Orthodox,,3.53,55,43,3.5,,100,0.0
Clay Collard,,Strawweight,14,7,0,180.34,185.42,Orthodox,,5.0,32,50,2.81,,71,0.5
Brianna Fortino,,Strawweight,9,3,0,152.4,157.48,Southpaw,,3.23,41,57,2.5,,66,0.0
Mirsad Bektic,,Strawweight,13,4,0,172.72,177.8,Orthodox,,1.8,41,57,3.98,,92,0.4
Fabricio Werdum,,Strawweight,24,9,1,193.04,195.58,Orthodox,,2.64,52,55,1.75,,31,1.2
Albert Morales,,Strawweight,7,4,1,175.26,182.88,Orthodox,,3.96,35,56,0.91,,70,0.2
Chris Dempsey,,Strawweight,11,5,0,177.8,182.88,Orthodox,,2.82,32,65,2.64,,16,0.0
Rose Namajunas,,Strawweight,15,7,0,165.1,165.1,Orthodox,,3.38,41,63,1.49,,62,0.4
Alistair Overeem,,Flyweight,47,19,0,193.04,203.2,Orthodox,,2.44,64,57,1.42,,73,0.8
Maycee Barber,,Strawweight,14,2,0,165.1,165.1,Switch,,2.9,53,54,1.44,,53,0.1
Paul Georgieff,,Strawweight,6,2,0,187.96,,Orthodox,,2.34,40,35,0.0,,0,0.0
Ricco Rodriguez,,Flyweight,53,25,0,193.04,,Orthodox,,1.15,51,61,2.3,,40,1.0
Antonio Rodrigo Nogueira,,Strawweight,34,10,1,190.5,195.58,Orthodox,,2.4,42,55,1.3,,36,2.4
Erik Silva,,Strawweight,9,3,0,175.26,180.34,Orthodox,,1.57,70,40,3.76,,62,0.0
Conor McGregor,,Strawweight,22,6,0,175.26,187.96,Southpaw,,4.66,49,54,0.67,,66,0.1
Joe Giannetti,,Strawweight,6,1,0,182.88,187.96,Southpaw,,2.8,38,40,1.0,,0,0.0
Dan Hooker,,Strawweight,24,12,0,182.88,190.5,Switch,,4.72,48,51,0.73,,78,0.3
Josh Parisian,,Flyweight,15,8,0,193.04,200.66,Orthodox,,4.88,48,41,0.98,,46,0.2
Tony Sims,,Strawweight,12,4,0,180.34,177.8,Southpaw,,0.76,63,65,0.71,,50,0.7
Zhang Lipeng,,Strawweight,23,9,1,180.34,180.34,Southpaw,,1.88,48,53,1.75,,69,0.8
Chris Leben,,Strawweight,22,11,0,180.34,185.42,Southpaw,,2.87,42,52,1.14,,53,0.8
Justin Jaynes,,Strawweight,16,8,0,170.18,172.72,Orthodox,,5.33,44,62,0.75,,20,1.1
Kyle Stewart,,Strawweight,11,3,0,182.88,193.04,Orthodox,,2.42,35,43,1.32,,60,0.0
Julian Sanchez,,Featherweight,0,1,0,190.5,,Orthodox,,0.0,0,0,0.0,,0,0.0
Johnny Rhodes,,Strawweight,2,1,0,182.88,,Orthodox,,0.0,0,0,0.0,,0,0.0
Issei Tamura,,Strawweight,10,8,0,165.1,160.02,Orthodox,,4.58,53,44,0.92,,33,0.0
Bill Algeo,,Strawweight,18,9,0,182.88,185.42,Switch,,4.38,51,47,1.03,,55,0.1
Rory Markham,,Strawweight,17,6,0,182.88,180.34,Orthodox,,10.27,21,45,0.0,,0,0.0
TJ Brown,,Strawweight,17,11,0,175.26,182.88,Switch,,2.89,44,49,3.41,,36,1.3
Sam Fulton,,,0,2,0,,,,,0.0,0,0,0.0,,0,0.0
Paul Buentello,,Strawweight,35,17,0,187.96,195.58,Orthodox,,3.83,45,52,0.19,,39,0.4
Alvin Robinson,,Strawweight,15,9,0,175.26,172.72,Southpaw,,1.29,50,51,1.24,,25,1.2
Max Griffin,,Strawweight,20,12,0,180.34,193.04,Orthodox,,3.7,47,58,1.28,,70,0.3
Paddy Pimblett,,Strawweight,23,3,0,177.8,185.42,Orthodox,,3.14,53,42,0.96,,50,1.7
Nathan Fletcher,,Strawweight,9,3,0,170.18,177.8,Orthodox,,2.16,59,57,3.37,,50,0.7
Joe Moreira,,Strawweight,2,2,0,180.34,,Southpaw,,0.0,0,0,0.0,,0,0.0
Joshua Weems,,Strawweight,11,3,0,172.72,175.26,Orthodox,,3.34,64,61,4.77,,100,0.0
Zach Light,,Strawweight,9,11,0,172.72,,Orthodox,,1.9,33,48,1.36,,0,0.0
Brandon Vera,,Strawweight,15,7,0,190.5,198.12,Orthodox,,2.81,56,52,0.7,,59,0.2
Francimar Barroso,,Strawweight,19,7,0,185.42,190.5,Orthodox,,3.07,52,59,2.22,,83,0.0
Bobby Voelker,,Strawweight,19,13,0,182.88,187.96,Orthodox,,5.84,35,42,1.04,,66,0.0
Merab Dvalishvili,,Strawweight,20,4,0,167.64,172.72,Orthodox,,2.48,42,56,5.84,,82,0.3
Jamey Simmons,,Strawweight,7,4,0,167.64,177.8,Orthodox,,1.92,21,74,0.0,,50,0.0
Ben Askren,,Strawweight,19,2,0,180.34,185.42,Orthodox,,5.66,49,36,4.33,,0,0.9
Geane Herrera,,Strawweight,9,3,0,165.1,167.64,Orthodox,,5.07,31,52,0.83,,38,0.6
Anthony Rocco Martin,,Strawweight,17,6,0,182.88,185.42,Orthodox,,2.59,37,58,0.71,,68,1.0
Feng Xiaocan,,Strawweight,10,4,0,170.18,170.18,Southpaw,,1.49,49,68,0.7,,63,0.0
Megan Anderson,,Strawweight,11,5,0,182.88,182.88,Orthodox,,3.35,46,37,0.52,,53,0.5
Rizvan Kuniev,,Strawweight,12,3,1,193.04,193.04,Orthodox,,2.45,58,45,1.45,,90,0.0
Paulo Thiago,,Strawweight,18,9,0,180.34,187.96,Orthodox,,1.99,39,63,1.42,,63,1.2
Karine Silva,,Strawweight,19,5,0,165.1,170.18,Orthodox,,2.89,38,51,2.37,,11,1.9
Trey Ogden,,Strawweight,18,7,0,180.34,182.88,Orthodox,,3.49,50,55,1.89,,100,0.7
Joaquin Buckley,,Strawweight,21,7,0,177.8,193.04,Southpaw,,2.93,36,59,1.54,,72,0.1
Cindy Dandois,,Strawweight,8,3,0,170.18,,Orthodox,,3.4,32,58,5.0,,0,0.0
Courtney Turner,,Strawweight,0,3,0,187.96,,,,0.0,0,0,0.0,,0,0.0
Steve Berger,,Strawweight,21,23,2,180.34,,Orthodox,,3.26,27,36,0.84,,16,1.7
Daria Zhelezniakova,,Strawweight,10,2,0,175.26,172.72,Orthodox,,2.83,41,68,0.44,,50,0.0
Carlos Mota,,Strawweight,8,2,0,162.56,175.26,Orthodox,,1.13,41,54,0.0,,50,1.0
David Velasquez,,Strawweight,10,10,0,165.1,,Orthodox,,0.0,0,0,0.0,,0,0.0
Zelim Imadaev,,Strawweight,8,3,0,182.88,193.04,Orthodox,,4.35,36,43,0.38,,60,0.0
Alex Ricci,,Strawweight,10,5,0,180.34,,Orthodox,,2.53,41,64,0.0,,64,0.0
Flavio Luiz Moura,,Strawweight,19,7,0,180.34,,Open Stance,,0.0,16,0,0.0,,0,0.0
Viacheslav Borshchev,,Strawweight,8,6,1,180.34,175.26,Orthodox,,4.73,54,57,0.0,,42,0.1
Rafael Fiziev,,Strawweight,13,4,0,172.72,180.34,Switch,,4.77,52,50,0.89,,90,0.0
Alberto Mina,,Strawweight,13,1,0,182.88,195.58,Orthodox,,3.7,38,47,1.85,,50,0.0
Cheick Kongo,,Strawweight,27,10,2,193.04,208.28,Orthodox,,1.28,56,54,2.3,,52,0.2
Daniel Spitz,,Strawweight,6,3,0,200.66,208.28,Orthodox,,5.3,35,46,0.74,,0,0.0
Norma Dumont,,Strawweight,12,2,0,170.18,170.18,Orthodox,,2.16,50,65,1.72,,72,0.0
Norifumi Yamamoto,,Strawweight,18,6,0,162.56,167.64,Southpaw,,2.01,45,57,0.41,,45,0.0
Andre Fili,,Strawweight,25,12,0,180.34,187.96,Orthodox,,4.23,37,51,2.22,,71,0.2
Rodrigo de Lima,,Strawweight,8,3,1,170.18,,Orthodox,,5.5,33,32,2.66,,0,1.3
Natan Levy,,Strawweight,8,2,0,175.26,180.34,Southpaw,,3.19,52,58,5.03,,41,0.5
Tulio Palhares,,Strawweight,2,16,0,,,,,0.0,0,0,0.0,,0,0.0
Gabriella Fernandes,,Strawweight,11,3,0,167.64,167.64,Southpaw,,5.19,48,52,0.44,,68,0.2
Max Holloway,,Strawweight,27,8,0,180.34,175.26,Orthodox,,4.74,48,59,0.24,,83,0.3
Anistavio Medeiros,,Strawweight,19,10,0,167.64,,Orthodox,,5.0,44,47,0.0,,0,0.0
Jared Gooden,,Strawweight,23,10,0,182.88,195.58,Orthodox,,6.74,48,45,0.91,,65,0.4
Tom Lawlor,,Strawweight,10,6,0,182.88,187.96,Southpaw,,2.41,42,60,2.46,,57,1.4
Manuel Torres,,Strawweight,16,3,0,177.8,185.42,Switch,,4.2,60,52,2.0,,88,1.0
Elias Theodorou,,Strawweight,16,3,0,185.42,190.5,Orthodox,,2.39,42,53,1.27,,59,0.0
Michael McBride,,Strawweight,8,3,0,185.42,,Orthodox,,5.85,48,40,1.85,,30,1.2
Matheus Nicolau,,Strawweight,19,6,1,167.64,167.64,Orthodox,,2.98,51,65,1.22,,90,0.8
Chris Tuchscherer,,Flyweight,21,4,0,187.96,193.04,Orthodox,,3.17,31,47,1.19,,0,0.6
Dustin Stoltzfus,,Strawweight,16,7,0,182.88,190.5,Orthodox,,3.14,45,47,2.26,,46,1.3
Julie Kedzie,,Strawweight,16,13,0,165.1,,Orthodox,,3.18,36,46,1.14,,78,0.0
Roland Payne,,Strawweight,0,1,0,175.26,,Orthodox,,0.0,0,0,0.0,,0,0.0
Logan Clark,,Strawweight,18,6,0,187.96,,Orthodox,,1.49,54,53,0.31,,30,2.1
Roberto Traven,,Strawweight,6,4,1,190.5,,Orthodox,,2.77,50,57,0.0,,0,0.0
Kamuela Kirk,,Strawweight,12,6,0,177.8,190.5,Switch,,5.87,50,40,1.5,,47,1.2
Pawel Pawlak,,Strawweight,12,3,0,182.88,185.42,Orthodox,,2.22,33,53,1.0,,70,0.0
Jordan Leavitt,,Strawweight,12,3,0,175.26,180.34,Southpaw,,1.79,61,57,2.92,,30,1.3
Shane Burgos,,Strawweight,15,3,0,180.34,190.5,Orthodox,,6.78,52,56,0.43,,91,0.4
Grigory Popov,,Strawweight,13,3,0,170.18,172.72,Switch,,4.2,37,55,0.0,,45,0.0
Leonard Garcia,,Strawweight,18,13,1,177.8,172.72,Orthodox,,4.79,24,52,0.3,,42,0.5
Wesley Correira,,Flyweight,20,16,0,190.5,,Orthodox,,8.8,36,40,0.0,,90,0.0
Collin Hart,,Strawweight,6,3,1,185.42,,Orthodox,,7.53,44,51,2.0,,50,0.0
Rony Jason,,Strawweight,14,7,0,170.18,185.42,Orthodox,,3.14,44,53,0.59,,36,0.8
Jason Tan,,Strawweight,5,3,0,177.8,,Orthodox,,7.37,29,18,0.0,,0,0.0
Kennedy Nzechukwu,,Strawweight,14,6,0,195.58,210.82,Southpaw,,4.89,46,51,0.55,,80,0.2
Jared Hamman,,Strawweight,14,6,0,190.5,190.5,Orthodox,,3.93,42,55,1.57,,30,0.0
Bruna Brasil,,Strawweight,11,5,1,167.64,165.1,Orthodox,,3.82,56,52,1.46,,53,0.2
Michael McDonald,,Strawweight,17,4,0,175.26,177.8,Orthodox,,2.76,42,57,1.09,,52,1.4
Katlyn Cerminara,,Strawweight,18,6,0,175.26,172.72,Orthodox,,4.48,34,62,0.31,,50,0.3
Claudia Gadelha,,Strawweight,18,5,0,162.56,160.02,Orthodox,,4.57,41,57,3.03,,58,0.7
Oleg Taktarov,,Strawweight,17,5,2,182.88,,Orthodox,,0.0,0,0,0.0,,0,0.0
Byron Bloodworth,,Strawweight,6,3,0,172.72,,Orthodox,,5.18,28,50,0.0,,0,0.0
Mike Jackson,,Strawweight,1,2,0,187.96,187.96,Orthodox,,3.73,57,62,0.71,,88,0.0
Randa Markos,,Strawweight,11,12,1,162.56,160.02,Orthodox,,3.1,43,58,1.12,,52,0.2
Oluwale Bamgbose,,Strawweight,6,4,0,180.34,198.12,Switch,,2.7,48,55,0.94,,37,0.0
Roldan Sangcha'an,,Strawweight,4,2,0,162.56,,Orthodox,,2.15,46,51,1.94,,68,0.0
Jason Von Flue,,Strawweight,14,12,1,182.88,,Orthodox,,3.23,36,52,0.62,,58,1.5
Jason Reinhardt,,Strawweight,20,3,0,167.64,,Orthodox,,4.07,40,43,1.91,,50,0.0
Chase Sherman,,Strawweight,16,12,0,193.04,198.12,Orthodox,,6.65,45,52,0.09,,74,0.0
Austin Lingo,,Strawweight,9,3,0,177.8,177.8,Orthodox,,4.86,37,57,0.43,,75,0.0
Jared Cannonier,,Strawweight,18,9,0,180.34,195.58,Switch,,4.35,49,56,0.54,,64,0.0
Raquel Pennington,,Strawweight,16,10,0,170.18,170.18,Orthodox,,3.32,49,61,0.83,,62,0.6
Tainara Lisboa,,Strawweight,7,3,0,170.18,170.18,Orthodox,,1.42,43,49,1.53,,58,0.4
Jordan Radev,,Strawweight,23,5,0,170.18,,Southpaw,,2.38,23,66,0.0,,80,0.0
Marcus Silveira,,Strawweight,6,4,0,190.5,,Orthodox,,0.0,0,0,0.0,,0,0.0
Aiemann Zahabi,,Strawweight,13,2,0,172.72,172.72,Orthodox,,4.13,46,69,0.14,,83,0.0
Joey Beltran,,Strawweight,17,14,0,185.42,190.5,Orthodox,,5.27,36,54,0.48,,75,0.0
Stephanie Egger,,Strawweight,8,5,0,167.64,172.72,Orthodox,,2.48,46,52,2.48,,50,0.6
Poliana Botelho,,Strawweight,8,5,0,172.72,170.18,Orthodox,,2.8,58,54,0.85,,76,0.0
Andy Enz,,Strawweight,10,4,0,190.5,198.12,Orthodox,,5.32,23,57,0.0,,58,0.0
Robert Ruchala,,Strawweight,11,2,0,172.72,182.88,Switch,,3.27,35,57,2.0,,0,0.0
Joe Merritt,,Strawweight,7,2,0,182.88,,Orthodox,,0.73,58,66,0.0,,68,0.0
Payton Talbott,,Strawweight,10,1,0,177.8,177.8,Switch,,3.26,54,46,0.24,,76,0.2
Joe Duffy,,Strawweight,16,5,0,177.8,185.42,Orthodox,,3.78,34,54,0.96,,64,0.7
Guto Inocente,,Strawweight,7,4,0,190.5,,Orthodox,,2.92,66,54,0.67,,66,0.7
Alen Amedovski,,Strawweight,8,4,0,177.8,187.96,Orthodox,,3.85,30,46,0.0,,0,0.0
Godofredo Pepey,,Strawweight,13,6,0,170.18,185.42,Orthodox,,3.23,38,47,0.37,,35,1.5
George Sullivan,,Strawweight,17,7,0,182.88,185.42,Orthodox,,2.42,39,57,1.37,,38,0.7
Cal Worsham,,Strawweight,13,10,0,180.34,,Orthodox,,0.0,0,0,0.0,,0,0.0
Alberta Cerra Leon,,Strawweight,0,1,0,172.72,,,,0.0,0,0,0.0,,0,0.0
Jalin Turner,,Strawweight,14,9,0,190.5,195.58,Southpaw,,4.55,48,41,0.77,,75,1.1
Hector Urbina,,Strawweight,17,10,1,180.34,185.42,Orthodox,,2.44,38,39,0.0,,38,3.8
Darrell Montague,,Strawweight,13,5,0,167.64,170.18,Southpaw,,5.38,25,52,0.72,,33,1.4
Herbert Burns,,Strawweight,11,6,0,175.26,185.42,Orthodox,,5.17,36,41,2.94,,66,1.8
Batgerel Danaa,,Strawweight,12,5,0,170.18,177.8,Orthodox,,4.21,36,47,0.52,,62,0.0
Akihiro Gono,,Strawweight,35,21,8,170.18,172.72,Switch,,2.67,48,63,1.01,,46,0.5
Scott Smith,,Strawweight,18,11,0,182.88,177.8,Orthodox,,5.87,27,50,0.12,,58,0.5
Moti Horenstein,,Strawweight,1,6,0,193.04,,Orthodox,,0.0,0,0,0.0,,0,0.0
Jairzinho Rozenstruik,,Strawweight,15,6,0,187.96,198.12,Orthodox,,2.63,48,52,0.0,,72,0.0
Kwan Ho Kwak,,Strawweight,9,2,0,165.1,,Switch,,3.45,41,47,0.78,,26,0.0
Lyoto Machida,,Strawweight,24,8,0,185.42,187.96,Southpaw,,1.57,53,61,1.21,,75,0.4
Cody Donovan,,Strawweight,8,5,0,190.5,187.96,Orthodox,,5.44,59,45,1.67,,0,1.7
Ketlen Vieira,,Strawweight,15,4,0,172.72,172.72,Orthodox,,3.72,41,51,1.28,,90,0.5
Israel Adesanya,,Strawweight,24,5,0,193.04,203.2,Switch,,3.2,48,55,0.05,,76,0.1
John Alessio,,Strawweight,35,17,0,177.8,182.88,Orthodox,,2.91,39,54,1.85,,70,1.2
Cole Smith,,Strawweight,7,2,0,180.34,170.18,Orthodox,,1.96,35,49,1.67,,45,1.7
Rodrigo Damm,,Strawweight,13,9,0,170.18,180.34,Orthodox,,5.61,36,57,0.44,,80,0.3
Julia Polastri,,Strawweight,13,5,0,157.48,160.02,Orthodox,,5.37,55,56,0.87,,58,0.4
Marcin Wrzosek,,Strawweight,12,4,0,175.26,,,,4.07,43,43,3.0,,33,0.0
Donnie Chappell,,Strawweight,0,1,0,180.34,,Southpaw,,0.0,0,0,0.0,,0,0.0
Nick Ring,,Strawweight,14,4,0,182.88,187.96,Southpaw,,3.48,42,62,1.36,,52,0.3
Daniel Santos,,Strawweight,13,2,0,170.18,170.18,Orthodox,,4.96,40,51,3.03,,73,0.0
Greg Hardy,,Flyweight,7,5,0,195.58,203.2,Orthodox,,3.31,50,55,0.2,,64,0.0
Bobby Hoffman,,Strawweight,36,10,1,187.96,,Orthodox,,1.32,70,19,1.17,,0,1.2
Julio Arce,,Strawweight,19,6,0,170.18,177.8,Southpaw,,3.05,36,68,0.46,,96,0.3
Houston Dorr,,Strawweight,1,2,0,185.42,,Orthodox,,0.0,0,0,0.0,,0,0.0
Jason DeLucia,,Strawweight,33,21,1,180.34,,Southpaw,,0.0,0,0,0.0,,0,0.0
Bevon Lewis,,Strawweight,7,3,0,190.5,200.66,Orthodox,,2.67,43,54,0.0,,66,0.0
Stephen Bass,,Strawweight,11,2,0,175.26,,Orthodox,,5.87,52,55,0.0,,0,0.0
Shana Dobson,,Strawweight,4,5,0,167.64,175.26,Orthodox,,5.2,37,50,0.84,,14,0.0
Oumar Sy,,Strawweight,12,1,0,193.04,210.82,Orthodox,,1.72,48,70,2.73,,100,0.4
Vinny Magalhaes,,Strawweight,14,9,0,190.5,190.5,Orthodox,,3.97,24,68,1.55,,66,0.8
Steven Nguyen,,Strawweight,10,2,0,180.34,185.42,Switch,,7.1,42,60,0.24,,88,0.0
Shane Young,,Strawweight,13,8,0,172.72,182.88,Orthodox,,5.46,40,52,0.63,,64,0.0
Nicolas Dalby,,Strawweight,23,6,1,180.34,187.96,Orthodox,,3.69,43,52,0.98,,58,0.1
Eldo Xavier Dias,,Strawweight,0,1,0,180.34,,,,0.0,0,0,0.0,,0,0.0
Anthony Ivy,,Strawweight,8,4,0,187.96,187.96,Orthodox,,4.57,42,51,4.69,,100,0.0
CJ Vergara,,Strawweight,12,7,1,167.64,172.72,Orthodox,,4.69,56,53,0.0,,60,0.2
Gideon Ray,,Strawweight,17,15,1,177.8,,Southpaw,,2.58,40,53,1.49,,0,0.0
Brad Gumm,,Strawweight,10,6,1,180.34,,Orthodox,,0.0,0,0,0.0,,0,0.0
Sheldon Westcott,,Strawweight,10,3,1,185.42,180.34,Southpaw,,3.73,40,37,3.23,,14,0.0
Raulian Paiva,,Strawweight,21,5,0,172.72,175.26,Orthodox,,5.01,42,48,0.65,,77,0.2
Louis Cosce,,Strawweight,7,2,0,175.26,180.34,Orthodox,,5.35,45,47,1.04,,50,0.5
Renato Moicano,,Strawweight,20,7,1,180.34,182.88,Orthodox,,3.57,48,59,1.67,,62,0.5
Luan Chagas,,Strawweight,15,3,1,182.88,190.5,Orthodox,,3.19,47,62,0.32,,85,0.3
Stephan Bonnar,,Strawweight,15,9,0,193.04,200.66,Orthodox,,3.01,38,52,1.32,,60,1.0
Wellington Turman,,Strawweight,18,8,0,182.88,182.88,Orthodox,,4.17,51,45,1.55,,42,0.8
Carlston Harris,,Strawweight,19,7,0,182.88,193.04,Orthodox,,3.46,43,54,1.46,,55,0.6
Kevin Croom,,Strawweight,21,15,0,180.34,185.42,Orthodox,,3.1,34,41,0.48,,30,0.5
Allan Nascimento,,Strawweight,21,6,0,172.72,175.26,Orthodox,,1.96,60,50,1.42,,30,0.9
Jumabieke Tuerxun,,Strawweight,19,4,1,170.18,,Orthodox,,3.08,28,59,0.47,,66,0.9
Nursulton Ruziboev,,Strawweight,36,9,2,195.58,193.04,Orthodox,,2.89,46,48,0.75,,33,0.0
Phil Baroni,,Strawweight,15,18,0,175.26,182.88,Orthodox,,3.93,45,40,1.46,,60,0.5
Ryan Hall,,Strawweight,9,2,0,177.8,177.8,Southpaw,,1.33,50,65,0.22,,0,2.2
Jussier Formiga,,Strawweight,23,8,0,165.1,170.18,Orthodox,,2.34,39,64,1.82,,87,0.6
Ray Wizard,,,0,1,0,,,,,0.0,0,0,0.0,,0,0.0
Reuben Duran,,Strawweight,11,7,1,170.18,180.34,Orthodox,,2.61,49,50,0.98,,25,0.7
Uran Satybaldiev,,Strawweight,9,1,0,193.04,200.66,Orthodox,,3.66,25,44,0.0,,50,1.7
Jose Medina,,Strawweight,11,5,0,182.88,187.96,Orthodox,,5.25,36,47,0.45,,31,0.0
Misha Cirkunov,,Strawweight,15,9,0,190.5,195.58,Orthodox,,3.06,51,57,4.15,,76,1.7
Denise Gomes,,Strawweight,11,3,0,157.48,160.02,Orthodox,,3.04,50,51,1.19,,67,0.8
Dennis Bermudez,,Strawweight,17,9,0,167.64,167.64,Orthodox,,3.07,46,59,3.89,,82,1.1
CJ Keith,,Strawweight,8,4,0,182.88,,Orthodox,,1.82,50,50,0.0,,62,0.0
Kyle Nelson,,Strawweight,16,6,1,180.34,180.34,Switch,,4.72,45,51,1.06,,73,0.6
Chris Price,,Strawweight,19,4,0,187.96,,Southpaw,,2.59,66,48,0.0,,33,2.2
Solomon Hutcherson,,Strawweight,11,7,0,180.34,,Southpaw,,2.59,39,64,3.53,,0,0.0
Stipe Miocic,,Strawweight,20,5,0,193.04,203.2,Orthodox,,4.01,52,52,1.74,,65,0.0
Lone'er Kavanagh,,Strawweight,9,1,0,167.64,170.18,Orthodox,,3.69,49,58,1.79,,88,0.4
Brian Gassaway,,Strawweight,29,20,2,185.42,,Orthodox,,3.65,26,44,0.0,,42,0.0
Shi Ming,,Strawweight,17,6,0,157.48,152.4,Orthodox,,2.92,36,53,0.81,,57,0.0
Joel Sutton,,Strawweight,2,4,1,180.34,,Orthodox,,0.0,0,0,0.0,,0,0.0
Isaac Dulgarian,,Strawweight,7,1,0,170.18,180.34,Orthodox,,1.82,64,41,5.15,,0,2.1
John Yannis,,Strawweight,9,4,0,170.18,177.8,Southpaw,,0.55,0,71,0.0,,0,0.0
Johny Hendricks,,Strawweight,18,8,0,175.26,175.26,Southpaw,,3.99,45,53,3.83,,63,0.3
Yadier del Valle,,Strawweight,9,0,0,175.26,175.26,Southpaw,,3.46,67,52,2.51,,66,1.7
Jhonata Diniz,,Flyweight,9,1,0,193.04,200.66,Orthodox,,3.71,56,59,0.0,,78,0.0
Ateba Gautier,,Strawweight,8,1,0,193.04,205.74,Switch,,2.19,61,52,0.0,,90,0.0
JooSang Yoo,,Strawweight,9,0,0,170.18,180.34,Orthodox,,4.29,75,50,0.0,,0,0.0
Callan Potter,,Strawweight,18,9,0,182.88,182.88,Orthodox,,4.72,50,58,3.29,,100,0.0
Suman Mokhtarian,,Strawweight,8,5,0,172.72,182.88,Orthodox,,6.85,43,48,0.0,,0,0.0
Daniel Jolly,,Strawweight,5,3,0,185.42,190.5,Orthodox,,3.39,46,44,2.83,,50,0.0
Josh Copeland,,Flyweight,12,4,0,185.42,,Orthodox,,3.01,31,55,0.0,,57,0.0
Johnny Case,,Strawweight,22,6,0,177.8,182.88,Orthodox,,2.66,38,61,1.7,,72,0.2
Pat Miletich,,Strawweight,29,7,2,177.8,,Orthodox,,1.66,45,63,1.96,,54,1.0
Alex Karalexis,,Strawweight,10,6,0,172.72,167.64,Orthodox,,2.39,42,54,2.7,,86,0.9
Che Mills,,Strawweight,16,10,0,185.42,193.04,Orthodox,,2.87,52,43,1.18,,58,0.0
Billy Ray Goff,,Strawweight,9,4,0,177.8,182.88,Switch,,5.02,46,59,1.75,,66,0.0
Aleksandar Rakic,,Strawweight,14,5,0,193.04,198.12,Orthodox,,2.91,50,51,0.66,,85,0.1
Taila Santos,,Strawweight,19,3,0,167.64,172.72,Orthodox,,2.64,48,58,2.0,,86,1.1
Tom Aspinall,,Flyweight,15,3,0,195.58,198.12,Orthodox,,2.89,67,65,3.27,,100,1.6
Ray Rodriguez,,Strawweight,16,8,0,170.18,177.8,Orthodox,,3.89,27,40,1.42,,44,0.0
Joey Gilbert,,Strawweight,2,3,0,180.34,,Orthodox,,4.44,42,31,0.0,,0,0.0
Yui Chul Nam,,Strawweight,18,8,1,175.26,,Orthodox,,2.0,51,48,1.33,,57,0.3
Cole Miller,,Strawweight,21,11,0,185.42,185.42,Orthodox,,3.88,33,59,0.6,,38,1.8
CJ Fernandes,,Strawweight,14,8,3,187.96,,,,0.0,0,0,0.0,,0,0.0
Gian Villante,,Strawweight,17,14,0,190.5,193.04,Orthodox,,5.47,44,55,0.45,,83,0.0
Kamal Shalorus,,Strawweight,9,5,2,172.72,172.72,Orthodox,,2.99,32,70,2.07,,80,0.0
Beneil Dariush,,Strawweight,23,6,1,177.8,182.88,Southpaw,,2.61,49,57,2.12,,82,0.8
Roman Mitichyan,,Strawweight,8,3,0,177.8,,Orthodox,,2.7,16,43,1.93,,25,1.9
Viviane Araujo,,Strawweight,13,7,0,162.56,172.72,Orthodox,,4.83,47,55,1.72,,75,0.6
JunYong Park,,Strawweight,19,6,0,177.8,185.42,Orthodox,,3.59,50,53,1.87,,57,0.9
Emily Ducote,,Strawweight,13,9,0,157.48,160.02,Orthodox,,7.84,52,57,0.2,,94,0.0
Matt Frevola,,Strawweight,11,5,1,175.26,180.34,Orthodox,,3.69,40,57,2.39,,36,1.0
Hayder Hassan,,Strawweight,6,3,0,177.8,,,,3.16,46,48,0.0,,25,0.0
Juancamilo Ronderos,,Strawweight,4,2,0,160.02,162.56,Southpaw,,2.18,30,63,2.72,,0,0.0
Justin Martin,,Strawweight,4,3,0,182.88,,,,0.0,0,0,0.0,,0,0.0
Cesar Almeida,,Strawweight,7,1,0,185.42,187.96,Orthodox,,2.32,58,48,0.0,,60,0.3
Justin Salas,,Strawweight,12,7,0,172.72,177.8,Southpaw,,2.96,43,68,2.43,,0,0.0
Dave Galera,,Strawweight,5,1,0,180.34,,Orthodox,,0.53,69,33,0.0,,14,2.0
Montana De La Rosa,,Strawweight,13,9,1,170.18,172.72,Orthodox,,3.39,37,45,1.85,,68,0.8
Azunna Anyanwu,,Strawweight,14,5,0,185.42,,Orthodox,,2.47,42,69,0.65,,0,0.0
Mike Easton,,Strawweight,13,6,0,167.64,177.8,Southpaw,,4.28,37,61,0.75,,66,0.0
Danny Barlow,,Strawweight,9,1,0,187.96,200.66,Southpaw,,3.7,50,51,0.0,,100,0.0
Jake Shields,,Strawweight,31,9,1,182.88,182.88,Orthodox,,1.8,36,56,2.83,,35,1.2
Rostem Akman,,Strawweight,6,2,0,177.8,182.88,Switch,,3.97,25,57,1.0,,87,0.0
Dave Herman,,Strawweight,22,6,0,193.04,195.58,Orthodox,,3.78,60,48,1.49,,58,0.0
Chris Spang,,Strawweight,6,3,0,187.96,,Orthodox,,1.95,36,60,0.0,,50,0.9
Jesse Bongfeldt,,Strawweight,16,5,1,182.88,,Orthodox,,1.01,62,50,1.51,,33,0.0
Henry Briones,,Strawweight,16,8,1,172.72,175.26,Orthodox,,4.68,42,53,0.0,,52,0.6
Dalcha Lungiambula,,Strawweight,11,6,0,172.72,193.04,Orthodox,,3.93,45,52,2.14,,77,0.0
Benardo Sopaj,,Strawweight,12,3,0,167.64,167.64,Orthodox,,4.88,56,49,2.53,,76,0.0
Felipe Silva,,Strawweight,8,2,0,182.88,195.58,Orthodox,,1.8,50,59,1.0,,71,0.0
Jarno Errens,,Strawweight,14,6,1,180.34,185.42,Orthodox,,3.29,44,61,0.0,,33,0.3
Genaro Valdez,,Strawweight,10,3,0,175.26,182.88,Orthodox,,7.16,30,48,1.54,,36,0.4
Raul Rosas Jr.,,Strawweight,11,1,0,175.26,170.18,Switch,,1.37,44,50,4.01,,0,1.1
Michael Johnson,,Strawweight,25,19,0,177.8,185.42,Southpaw,,3.79,39,58,0.58,,81,0.0
Luiz Cane,,Strawweight,17,7,0,187.96,195.58,Southpaw,,5.0,41,60,0.56,,100,0.3
Daniel Teymur,,Strawweight,7,4,0,165.1,175.26,Orthodox,,3.93,46,56,0.56,,60,0.3
Bojan Velickovic,,Strawweight,15,6,1,182.88,193.04,Southpaw,,2.31,34,57,0.67,,55,0.5
Curt Warburton,,Strawweight,13,6,0,182.88,185.42,Orthodox,,3.44,42,43,2.35,,83,0.9
Michael Graves,,Strawweight,6,0,1,177.8,180.34,Orthodox,,1.47,54,58,4.8,,66,0.4
Tucker Lutz,,Strawweight,12,4,0,172.72,182.88,Orthodox,,3.25,46,44,1.99,,69,0.2
Rob Yundt,,Strawweight,9,5,0,185.42,,Orthodox,,2.55,41,31,2.94,,0,0.0
Mansur Abdul-Malik,,Strawweight,8,0,1,187.96,203.2,Orthodox,,3.49,48,51,0.49,,82,0.0
Paul Bradley,,Strawweight,23,8,0,175.26,,Orthodox,,4.13,32,56,1.12,,100,0.0
Brian Melancon,,Strawweight,7,3,0,172.72,,Orthodox,,3.64,49,64,2.02,,66,0.0
James Llontop,,Strawweight,14,5,0,182.88,185.42,Orthodox,,4.12,41,57,0.0,,54,0.0
Tim Williams,,Strawweight,15,5,0,187.96,193.04,Orthodox,,3.55,38,48,1.81,,100,0.0
Pedro Nobre,,Strawweight,18,4,2,165.1,,,,9.16,30,35,0.0,,0,0.0
Neil Seery,,Strawweight,16,13,0,162.56,162.56,Orthodox,,3.79,41,58,0.78,,53,1.6
Brad Blackburn,,Strawweight,18,13,1,177.8,185.42,Orthodox,,3.59,35,65,0.93,,76,0.7
Kamaru Usman,,Strawweight,21,4,0,182.88,193.04,Switch,,2.67,51,55,2.79,,89,0.1
Aaron Riley,,Strawweight,30,14,1,172.72,175.26,Southpaw,,3.78,34,61,1.18,,60,0.1
Cody East,,Strawweight,12,3,0,190.5,,Orthodox,,7.32,43,40,3.97,,16,0.0
Robert Bryczek,,Strawweight,18,6,0,182.88,190.5,Orthodox,,4.08,36,59,0.56,,85,0.0
John Cofer,,Strawweight,8,4,0,175.26,,Southpaw,,3.43,41,62,1.22,,64,0.0
Mike Guymon,,Strawweight,15,6,1,182.88,187.96,Orthodox,,0.79,65,66,1.87,,54,1.2
Antonio Arroyo,,Strawweight,9,5,0,190.5,185.42,Orthodox,,2.02,66,50,1.14,,41,0.2
Jerrod Sanders,,Strawweight,16,3,0,172.72,182.88,Orthodox,,1.14,64,46,2.2,,50,1.6
Homer Moore,,Strawweight,26,9,2,177.8,,Orthodox,,0.68,50,0,5.07,,0,0.0
Mark Hunt,,Flyweight,13,14,1,177.8,182.88,Orthodox,,2.9,43,51,0.51,,64,0.2
Jack Della Maddalena,,Strawweight,18,2,0,180.34,185.42,Switch,,4.53,52,64,0.16,,69,0.2
Gerald Meerschaert,,Strawweight,37,20,0,185.42,195.58,Southpaw,,3.49,45,53,1.83,,42,1.4
Abdul-Kareem Al-Selwady,,Strawweight,15,4,0,172.72,175.26,Orthodox,,3.6,34,59,2.32,,20,0.0
Khaos Williams,,Strawweight,15,5,0,182.88,195.58,Orthodox,,5.39,39,40,0.0,,51,0.0
Shanna Young,,Strawweight,9,6,0,170.18,165.1,Orthodox,,4.88,47,43,0.0,,53,0.6
Bojan Mihajlovic,,Strawweight,10,6,0,180.34,185.42,Orthodox,,5.95,35,47,0.0,,33,0.0
Joey Gambino,,Strawweight,9,2,0,170.18,,Orthodox,,2.53,35,51,0.0,,42,0.8
Dean Barry,,Strawweight,4,2,0,177.8,182.88,Orthodox,,4.66,40,51,0.0,,100,0.0
Keith Jardine,,Strawweight,17,11,2,187.96,193.04,Orthodox,,2.98,36,59,1.18,,62,0.7
Jesse Lennox,,Strawweight,14,4,0,175.26,182.88,Orthodox,,3.2,32,64,1.22,,63,0.3
Ashkan Mokhtarian,,Strawweight,13,3,0,167.64,170.18,Southpaw,,3.66,43,43,0.54,,33,0.0
Nick Aguirre,,Strawweight,7,2,0,175.26,187.96,Southpaw,,2.89,33,45,1.16,,33,0.6
Gan McGee,,Flyweight,13,5,0,208.28,,Orthodox,,2.31,29,59,0.65,,83,0.0
Kenny Florian,,Strawweight,14,6,0,177.8,187.96,Southpaw,,1.85,40,63,2.22,,60,1.3
Roman Bogatov,,Strawweight,10,1,0,172.72,185.42,Orthodox,,4.4,42,44,1.0,,50,0.0
Richardson Moreira,,Strawweight,7,4,0,187.96,,Orthodox,,1.83,28,67,0.0,,100,0.0
Shara Magomedov,,Strawweight,16,1,0,187.96,185.42,Orthodox,,3.85,62,43,0.0,,71,0.0
Trevin Giles,,Strawweight,16,7,0,182.88,187.96,Orthodox,,2.39,54,58,1.07,,72,0.3
Gabriel Benitez,,Strawweight,23,13,0,172.72,180.34,Southpaw,,4.49,41,63,0.22,,55,0.9
Manolo Zecchini,,Strawweight,11,4,0,172.72,172.72,Orthodox,,6.75,21,46,0.0,,0,0.0
Jonathan Micallef,,Strawweight,8,1,0,182.88,195.58,Southpaw,,4.0,43,58,0.83,,50,0.8
Brock Lesnar,,Flyweight,5,3,0,190.5,205.74,Orthodox,,2.11,72,50,3.9,,60,0.5
Robert Drysdale,,Strawweight,7,0,0,190.5,,Orthodox,,0.0,0,0,7.32,,0,21.9
Vitor Belfort,,Strawweight,26,14,0,182.88,187.96,Southpaw,,2.83,46,50,1.02,,53,0.6
William Gomis,,Strawweight,15,3,0,182.88,185.42,Southpaw,,2.76,49,61,0.86,,72,0.3
Alexa Grasso,,Strawweight,16,5,1,165.1,167.64,Orthodox,,3.73,41,58,0.41,,54,0.6
Saparbeg Safarov,,Strawweight,9,3,0,185.42,198.12,Orthodox,,2.96,48,47,2.52,,33,0.0
Jeff Hougland,,Strawweight,10,6,0,170.18,172.72,Orthodox,,3.46,48,47,0.86,,0,1.1
Movsar Evloev,,Strawweight,19,0,0,170.18,182.88,Orthodox,,2.66,48,60,4.67,,61,0.2
Dong Hyun Ma,,Strawweight,16,11,3,180.34,177.8,Orthodox,,4.1,41,54,1.27,,33,0.0
Ron Waterman,,Bantamweight,16,6,2,187.96,,Orthodox,,1.37,50,42,4.19,,50,2.8
David Hood,,Strawweight,1,3,0,182.88,,,,0.0,0,0,0.0,,0,0.0
John Castaneda,,Strawweight,21,8,0,167.64,180.34,Switch,,4.94,50,53,1.68,,73,0.1
Dione Barbosa,,Strawweight,8,4,0,167.64,167.64,Orthodox,,2.45,45,66,2.23,,50,1.9
Tony Petarra,,Strawweight,2,3,1,180.34,,Orthodox,,0.0,0,0,0.0,,0,0.0
Jordan Wright,,Strawweight,12,5,0,187.96,195.58,Orthodox,,6.03,56,31,2.09,,100,0.4
Manon Fiorot,,Strawweight,12,2,0,170.18,165.1,Orthodox,,3.59,41,66,1.06,,87,0.0
Germaine de Randamie,,Strawweight,10,5,0,175.26,180.34,Orthodox,,2.0,46,65,0.0,,65,0.4
Alvaro Herrera Mendoza,,Strawweight,9,6,0,182.88,187.96,Orthodox,,3.4,38,55,0.0,,33,1.1
Yancy Medeiros,,Strawweight,15,8,0,177.8,190.5,Orthodox,,5.67,37,47,0.33,,73,0.7
Derrick Lewis,,Flyweight,29,12,0,190.5,200.66,Orthodox,,2.49,50,40,0.56,,52,0.0
Raoni Barcelos,,Strawweight,20,5,0,170.18,170.18,Orthodox,,4.4,52,60,2.33,,85,0.6
Toshiomi Kazama,,Strawweight,11,5,0,170.18,175.26,Orthodox,,4.56,53,38,1.94,,66,1.0
Ilir Latifi,,Strawweight,17,9,0,177.8,185.42,Orthodox,,2.93,45,56,2.11,,100,0.3
Ramsey Nijem,,Strawweight,9,6,0,180.34,190.5,Orthodox,,1.62,44,62,5.32,,55,1.1
Francis Carmont,,Strawweight,25,12,0,190.5,198.12,Orthodox,,1.64,42,59,1.79,,73,0.6
Jeremy Larsen,,Strawweight,8,5,0,177.8,177.8,Orthodox,,5.75,48,57,2.49,,0,0.0
Vaughan Lee,,Strawweight,14,13,1,167.64,167.64,Orthodox,,2.07,47,70,0.81,,72,1.0
Jeff Joslin,,Strawweight,5,3,0,182.88,,Orthodox,,1.57,39,65,0.5,,64,0.5
Marc-Andre Barriault,,Strawweight,17,10,0,185.42,187.96,Orthodox,,5.63,47,50,0.37,,68,0.1
Chris Wade,,Strawweight,12,3,0,177.8,177.8,Orthodox,,1.75,53,51,2.6,,55,1.1
Julia Avila,,Strawweight,9,4,0,170.18,172.72,Orthodox,,3.28,42,55,0.63,,52,0.2
Sarah Alpar,,Strawweight,9,6,0,162.56,160.02,Southpaw,,6.06,44,38,1.61,,20,0.4
Cristian Quinonez,,Strawweight,18,5,0,172.72,177.8,Orthodox,,4.55,40,55,1.37,,84,0.0
Anthony Njokuani,,Strawweight,16,12,0,185.42,190.5,Orthodox,,2.41,46,65,0.5,,53,0.2
Jack Jenkins,,Strawweight,13,4,0,170.18,172.72,Switch,,2.97,61,58,1.78,,67,0.0
Valmir Lazaro,,Strawweight,15,5,0,182.88,185.42,Orthodox,,4.09,37,61,1.33,,96,0.0
Erik Perez,,Strawweight,17,6,0,172.72,172.72,Orthodox,,2.09,40,66,3.16,,69,0.2
Tecia Pennington,,Strawweight,15,7,0,154.94,152.4,Orthodox,,3.48,48,61,0.54,,62,0.1
Nick Hein,,Strawweight,14,5,0,167.64,167.64,Southpaw,,3.61,35,59,0.86,,83,0.0
Troy Mandaloniz,,Strawweight,3,2,0,175.26,,Orthodox,,4.71,56,63,3.1,,57,0.0
Ricky Simon,,Strawweight,22,6,0,167.64,175.26,Orthodox,,3.72,44,61,5.01,,75,0.3
Matt Lucas,,Strawweight,15,3,0,185.42,,,,3.93,48,40,1.0,,0,0.0
Junior Assuncao,,Strawweight,16,6,0,175.26,182.88,Orthodox,,2.06,62,44,2.43,,66,0.7
George Sotiropoulos,,Strawweight,14,7,0,177.8,180.34,Orthodox,,2.52,27,67,2.32,,53,1.6
Ricardo Abreu,,Strawweight,5,1,0,180.34,,Orthodox,,3.98,31,68,2.13,,100,0.7
Reese Andy,,Strawweight,7,3,0,182.88,,Orthodox,,3.5,50,58,0.67,,40,0.0
Eliot Marshall,,Strawweight,10,4,0,187.96,195.58,Orthodox,,2.39,27,67,0.47,,79,0.9
Curtis Blaydes,,Flyweight,19,5,0,193.04,203.2,Orthodox,,2.0,50,58,5.38,,31,0.0
Jon Jones,,Strawweight,28,1,0,193.04,213.36,Orthodox,,2.24,58,64,1.89,,95,0.5
DeAnna Bennett,,Strawweight,8,3,1,162.56,172.72,Orthodox,,3.27,58,58,0.0,,0,1.0
Marcos Vinicius,,Strawweight,23,11,1,175.26,,Orthodox,,2.91,49,47,0.0,,25,0.5
Rashad Evans,,Strawweight,19,8,1,182.88,190.5,Orthodox,,2.42,37,63,2.98,,73,0.0
Nick Agallar,,Strawweight,24,6,0,172.72,,Orthodox,,4.56,11,42,0.0,,0,0.0
Gunnar Nelson,,Strawweight,19,6,1,180.34,182.88,Switch,,3.06,61,48,2.0,,68,1.0
Mario Pinto,,Flyweight,10,0,0,195.58,200.66,Orthodox,,5.29,71,51,0.0,,100,0.0
Josh Thomson,,Strawweight,22,9,0,177.8,180.34,Orthodox,,2.12,47,64,1.92,,54,1.3
Gerald Strebendt,,Strawweight,9,7,0,175.26,,Orthodox,,4.0,0,38,0.0,,0,16.4
Martin Day,,Strawweight,8,6,0,177.8,185.42,Orthodox,,3.79,45,53,0.72,,65,0.5
Pat Barry,,Strawweight,8,7,0,180.34,187.96,Orthodox,,3.54,52,59,0.0,,76,0.2
Matt Schnell,,Strawweight,17,9,0,172.72,177.8,Orthodox,,4.17,40,55,0.49,,43,1.2
Marcus McGhee,,Strawweight,10,2,0,172.72,175.26,Orthodox,,3.64,45,57,0.31,,90,0.3
Billy Elekana,,Strawweight,8,2,0,190.5,195.58,Southpaw,,3.18,57,49,0.64,,0,0.0
Jose Ochoa,,Strawweight,8,2,0,170.18,170.18,Southpaw,,2.33,37,60,0.43,,59,1.3
Ivan Erslan,,Strawweight,14,5,0,187.96,182.88,Orthodox,,5.17,44,55,0.5,,64,0.0
Jerome Rivera,,Strawweight,10,6,0,177.8,182.88,Southpaw,,2.6,33,51,0.0,,40,0.0
Keita Nakamura,,Strawweight,34,10,2,180.34,185.42,Southpaw,,3.2,36,58,1.65,,63,0.3
Rogerio Nogueira,,Strawweight,23,10,0,187.96,190.5,Southpaw,,2.34,35,59,0.64,,62,0.8
Jeff Hughes,,Strawweight,10,4,0,187.96,195.58,Orthodox,,3.67,51,60,0.71,,45,0.0
Hayato Sakurai,,Strawweight,38,13,2,170.18,,Orthodox,,1.94,49,59,1.87,,56,0.3
Dashon Johnson,,Strawweight,9,2,0,170.18,,Orthodox,,3.83,69,35,0.85,,63,0.8
Cyril Asker,,Strawweight,9,4,0,182.88,187.96,Orthodox,,5.82,39,35,4.41,,100,0.9
Jesse Sanders,,Strawweight,23,7,0,182.88,,Orthodox,,6.45,0,35,0.0,,50,0.0
Lukasz Sajewski,,Strawweight,13,3,0,172.72,180.34,Orthodox,,3.88,35,57,1.01,,66,0.0
Roan Carneiro,,Strawweight,21,11,0,180.34,193.04,Orthodox,,1.82,46,62,3.05,,83,1.4
Dustin Poirier,,Strawweight,30,10,0,175.26,182.88,Southpaw,,4.57,50,52,1.15,,64,1.2
Pedro Falcao,,Strawweight,16,5,0,167.64,167.64,Orthodox,,3.39,48,50,2.73,,66,0.0
Justin Gaethje,,Strawweight,26,5,0,180.34,177.8,Orthodox,,7.18,58,51,0.1,,68,0.0
Sean Daugherty,,Strawweight,0,2,0,182.88,,,,0.0,0,0,0.0,,0,0.0
Virna Jandiroba,,Strawweight,22,3,0,160.02,162.56,Orthodox,,2.55,38,57,2.37,,73,1.8
Istela Nunes,,Strawweight,6,6,0,162.56,167.64,Orthodox,,4.07,47,59,0.0,,47,0.0
Yusaku Kinoshita,,Strawweight,6,3,0,182.88,180.34,Southpaw,,5.12,50,51,0.0,,50,0.0
Dave Berry,,,0,1,0,,,,,0.0,0,0,0.0,,0,0.0
Melissa Mullins,,Strawweight,7,2,0,170.18,172.72,Orthodox,,4.39,50,52,2.03,,85,0.0
Jonathan Pearce,,Strawweight,14,7,0,182.88,180.34,Switch,,3.32,54,54,5.02,,55,0.8
Abdul Razak Alhassan,,Strawweight,12,7,0,177.8,185.42,Orthodox,,4.01,49,54,0.84,,51,0.2
Josh Hendricks,,Strawweight,19,11,0,187.96,,Southpaw,,11.8,20,29,0.0,,0,0.0
Hacran Dias,,Strawweight,23,6,1,172.72,175.26,Orthodox,,3.31,41,55,2.5,,76,0.5
Chidi Njokuani,,Strawweight,25,11,0,190.5,203.2,Orthodox,,2.64,62,57,0.0,,73,0.2
Chris Padilla,,Strawweight,16,6,0,175.26,187.96,Orthodox,,3.68,51,57,1.56,,100,0.5
John Kolosci,,Strawweight,15,9,0,180.34,,Orthodox,,0.85,20,50,0.0,,0,0.0
Sean Brady,,Strawweight,18,1,0,177.8,182.88,Orthodox,,2.94,55,59,3.62,,86,0.9
Scott Baker,,Strawweight,1,1,0,182.88,,,,0.0,0,0,0.0,,0,0.0
Walel Watson,,Strawweight,14,10,0,180.34,190.5,Orthodox,,3.79,29,43,0.0,,61,1.4
Khadis Ibragimov,,Strawweight,8,4,0,190.5,198.12,Orthodox,,4.26,49,47,0.97,,80,0.3
Marcelo Mello,,Strawweight,1,0,0,170.18,,Southpaw,,0.0,0,0,0.0,,0,0.0
Charles Johnson,,Strawweight,18,7,0,175.26,177.8,Switch,,3.78,49,56,0.56,,66,0.4
Nolan Ticman,,Strawweight,4,3,0,167.64,,Orthodox,,2.53,47,67,0.0,,60,0.0
Chico Camus,,Strawweight,17,7,0,167.64,167.64,Orthodox,,2.46,41,64,0.77,,72,0.4
Mark Choinski,,Strawweight,8,1,0,172.72,175.26,Orthodox,,7.33,50,33,2.0,,0,0.0
James Wilks,,Strawweight,7,4,0,185.42,190.5,Orthodox,,2.03,45,50,1.27,,66,3.8
Jess Liaudin,,Strawweight,20,11,0,175.26,182.88,Orthodox,,2.76,51,41,3.28,,30,1.6
Julio Paulino,,Strawweight,23,5,0,182.88,,Orthodox,,1.87,27,48,0.0,,37,0.5
Tony Kelley,,Strawweight,8,3,0,175.26,177.8,Switch,,4.85,47,45,0.0,,52,1.4
Brad Scott,,Strawweight,11,6,0,185.42,193.04,Orthodox,,4.31,41,57,0.32,,63,0.7
Bruno Silva,,Strawweight,14,7,2,162.56,165.1,Orthodox,,4.81,49,50,1.79,,60,0.2
Rolando Bedoya,,Strawweight,14,4,0,180.34,187.96,Orthodox,,6.38,49,52,0.0,,33,0.0
Eddie Mendez,,Strawweight,8,3,1,177.8,,,,3.43,33,11,0.0,,0,0.0
Jim Wallhead,,Strawweight,29,11,0,177.8,,Orthodox,,6.65,26,49,0.0,,100,0.0
Spike Carlyle,,Strawweight,9,3,0,172.72,180.34,Switch,,3.85,54,30,3.34,,57,0.5
Mitch Clarke,,Strawweight,11,5,0,177.8,185.42,Orthodox,,3.27,34,47,0.64,,50,0.4
Blagoy Ivanov,,Strawweight,19,6,0,180.34,185.42,Southpaw,,4.2,40,53,0.69,,61,0.1
Caol Uno,,Strawweight,33,19,5,170.18,177.8,Southpaw,,1.9,49,50,1.95,,37,0.5
Paul Redmond,,Strawweight,12,7,0,177.8,,Orthodox,,2.99,34,41,0.0,,50,0.0
Ange Loosa,,Strawweight,10,5,0,177.8,187.96,Orthodox,,6.59,46,52,2.53,,83,0.2
Mats Nilsson,,Strawweight,11,4,1,185.42,,Orthodox,,5.62,39,63,3.87,,44,2.3
Ricardo Ramos,,Strawweight,17,7,0,175.26,182.88,Orthodox,,4.06,36,54,2.57,,70,0.7
Ali Bagautinov,,Strawweight,15,6,0,162.56,165.1,Orthodox,,3.09,42,52,2.51,,65,0.3
Anthony Birchak,,Strawweight,16,8,0,172.72,175.26,Orthodox,,3.67,36,56,0.48,,61,0.5
Erik Koch,,Strawweight,16,6,0,177.8,180.34,Southpaw,,2.82,42,47,1.02,,81,1.0
Michihiro Omigawa,,Strawweight,17,14,1,167.64,172.72,Orthodox,,3.06,39,64,1.19,,49,1.5
Miesha Tate,,Strawweight,20,10,0,167.64,165.1,Orthodox,,3.05,44,51,1.97,,56,1.2
Thomas Ramirez,,Light Heavyweight,0,1,0,185.42,,Sideways,,0.0,0,0,0.0,,0,0.0
Sage Northcutt,,Strawweight,11,2,0,182.88,180.34,Orthodox,,1.96,52,58,1.81,,41,0.6
Thiago Alves,,Strawweight,23,15,0,175.26,177.8,Orthodox,,3.42,41,62,0.71,,63,0.3
Tyrone Roberts,,Strawweight,43,12,1,175.26,,Orthodox,,0.0,0,0,0.0,,0,0.0
Robert Peralta,,Strawweight,18,8,0,172.72,180.34,Orthodox,,2.97,44,53,0.59,,65,0.0
Sam Hughes,,Strawweight,11,6,0,165.1,162.56,Orthodox,,4.44,46,58,1.23,,60,0.2
Caio Machado,,Strawweight,8,4,1,193.04,198.12,Southpaw,,2.87,53,63,0.0,,82,0.0
Willamy Freire,,Strawweight,26,6,0,172.72,,Orthodox,,0.93,37,62,0.5,,73,0.0
Austin Bashi,,Strawweight,14,1,0,167.64,177.8,Orthodox,,2.34,47,48,7.81,,62,1.7
Thiago Perpetuo,,Strawweight,9,4,1,177.8,,Orthodox,,3.51,69,51,2.82,,66,0.0
Sumudaerji,,Strawweight,18,7,0,172.72,182.88,Southpaw,,2.39,52,60,0.16,,71,0.6
Guangyou Ning,,Strawweight,5,4,1,162.56,162.56,Southpaw,,1.91,41,61,1.09,,62,0.3
Nate Marquardt,,Strawweight,35,19,2,182.88,187.96,Orthodox,,2.32,49,55,1.87,,70,0.8
Edward Faaloloto,,Strawweight,2,5,0,,177.8,Orthodox,,6.25,32,44,1.01,,33,0.0
Floyd Sword,,Strawweight,12,3,0,182.88,,Orthodox,,1.57,42,40,0.0,,33,0.0
Shawn Jordan,,Flyweight,19,8,0,182.88,190.5,Southpaw,,3.3,50,47,1.97,,76,0.1
Valerie Letourneau,,Strawweight,8,6,0,170.18,172.72,Orthodox,,5.4,37,58,0.77,,66,0.3
Cory Hendricks,,Strawweight,3,1,0,190.5,,Switch,,4.07,39,42,0.0,,100,0.0
Danny Downes,,Strawweight,8,3,0,182.88,182.88,Orthodox,,3.53,34,37,0.0,,37,0.5
Nikolas Motta,,Strawweight,15,6,0,175.26,177.8,Orthodox,,5.28,38,52,0.0,,83,0.0
Adlan Amagov,,Strawweight,14,2,1,187.96,193.04,Orthodox,,0.82,47,78,5.84,,100,0.0
Aaron Wilkinson,,Strawweight,11,7,0,177.8,,Orthodox,,0.0,0,100,7.32,,0,0.0
Song Yadong,,Strawweight,22,8,1,172.72,170.18,Orthodox,,4.0,43,55,0.61,,73,0.1
Derek Brunson,,Strawweight,23,9,0,185.42,195.58,Southpaw,,3.05,47,51,3.14,,85,0.6
Brandon Moreno,,Strawweight,23,8,2,170.18,177.8,Orthodox,,3.62,44,60,1.51,,64,0.4
Chris Sanford,,Strawweight,5,1,0,180.34,,Orthodox,,3.22,50,17,0.0,,0,3.5
Sean Sherk,,Strawweight,36,4,1,167.64,170.18,Orthodox,,2.71,35,55,4.09,,56,0.4
Travis Lutter,,Strawweight,10,6,0,180.34,190.5,Orthodox,,2.42,32,42,1.95,,30,0.7
Austin Hubbard,,Strawweight,17,10,0,177.8,180.34,Orthodox,,4.1,42,55,1.63,,68,0.1
Hector Ramirez,,Strawweight,10,6,1,182.88,,Orthodox,,4.6,41,56,2.3,,66,0.5
Sean Woodson,,Strawweight,13,2,1,187.96,198.12,Orthodox,,4.18,46,58,0.58,,84,0.3
Miranda Maverick,,Strawweight,17,6,0,160.02,165.1,Southpaw,,2.25,44,61,2.16,,45,0.4
Li Jingliang,,Strawweight,19,9,0,182.88,180.34,Orthodox,,3.95,42,56,1.19,,60,0.0
David Terrell,,Strawweight,6,2,0,185.42,,Southpaw,,2.71,63,37,5.54,,0,5.5
Rafael Natal,,Strawweight,21,9,1,182.88,195.58,Orthodox,,2.48,47,57,2.55,,77,0.5
Carlos Candelario,,Strawweight,8,3,0,172.72,172.72,Southpaw,,5.17,46,44,2.28,,53,0.3
Mark Hominick,,Strawweight,20,12,0,172.72,172.72,Orthodox,,4.18,42,69,0.25,,71,0.9
Chris Avila,,Strawweight,5,4,0,177.8,,Orthodox,,4.17,30,48,0.0,,46,0.0
Daniel Pineda,,Strawweight,28,17,0,170.18,175.26,Orthodox,,3.26,49,45,1.42,,54,1.5
Chris Lytle,,Strawweight,31,18,5,180.34,172.72,Orthodox,,3.03,45,58,0.7,,55,2.4
Noe Hernandez,,,5,5,0,,,Orthodox,,0.0,0,0,0.0,,0,0.0
Joaquim Silva,,Strawweight,13,6,0,172.72,175.26,Southpaw,,4.53,43,53,0.39,,69,0.8
Luana Pinheiro,,Strawweight,11,5,0,157.48,157.48,Orthodox,,4.06,39,60,2.33,,71,0.2
Aaron Brink,,Strawweight,26,26,0,190.5,,Orthodox,,5.71,42,57,0.0,,0,0.0
Michael Chandler,,Strawweight,23,10,0,172.72,180.34,Orthodox,,4.52,49,43,1.96,,61,0.6
Irina Alekseeva,,Strawweight,5,3,0,172.72,170.18,Orthodox,,5.03,39,46,0.47,,66,0.5
Nate Mohr,,Strawweight,9,7,0,175.26,182.88,Orthodox,,2.5,41,74,0.45,,71,0.0
Reza Madadi,,Strawweight,14,6,0,180.34,185.42,Orthodox,,3.31,46,66,3.17,,89,0.5
Gaston Bolanos,,Strawweight,8,5,0,170.18,175.26,Orthodox,,2.4,49,50,0.66,,42,0.0
Anshul Jubli,,Strawweight,7,2,0,182.88,175.26,Switch,,5.72,46,50,0.81,,63,0.4
TJ O'Brien,,Strawweight,20,8,0,187.96,,Orthodox,,4.78,46,57,0.94,,0,0.0
Gil Castillo,,Strawweight,8,5,0,175.26,,Southpaw,,2.22,45,44,3.33,,50,0.0
Jack Marshman,,Strawweight,23,10,0,182.88,185.42,Orthodox,,4.19,25,56,0.0,,20,0.0
Mike Pyle,,Strawweight,27,14,1,182.88,187.96,Orthodox,,2.84,45,60,1.8,,70,1.5
Raphael Pessoa,,Flyweight,10,2,0,190.5,198.12,Orthodox,,3.43,26,42,0.0,,100,0.0
Eryk Anders,,Strawweight,17,9,0,185.42,190.5,Southpaw,,4.09,48,50,1.75,,80,0.1
Brad Pickett,,Strawweight,25,14,0,167.64,172.72,Orthodox,,4.63,31,55,2.47,,58,0.4
Lucas Rocha,,Strawweight,17,2,0,160.02,162.56,Orthodox,,4.48,44,39,0.0,,61,0.0
Ike Villanueva,,Strawweight,18,14,0,185.42,185.42,Orthodox,,7.24,38,36,0.6,,100,0.0
Cesar Arzamendia,,Strawweight,8,3,0,180.34,,Orthodox,,5.2,45,56,7.32,,0,2.4
Irwin Rivera,,Strawweight,10,6,0,167.64,170.18,Southpaw,,5.07,44,57,1.0,,70,0.0
Edson Barboza,,Strawweight,24,13,0,180.34,190.5,Orthodox,,4.6,44,55,0.43,,73,0.1
Dan Henderson,,Strawweight,32,15,0,180.34,187.96,Orthodox,,2.7,47,51,1.52,,57,0.3
Waldo Cortes-Acosta,,Flyweight,14,2,0,193.04,198.12,Orthodox,,3.51,48,55,0.37,,71,0.1
KJ Noons,,Strawweight,13,9,0,177.8,177.8,Orthodox,,3.78,35,65,0.08,,68,0.0
Kristof Midoux,,Strawweight,6,10,0,185.42,,Orthodox,,2.89,43,49,0.0,,0,0.0
Cameron Smotherman,,Strawweight,12,6,0,175.26,175.26,Orthodox,,3.52,37,58,0.0,,62,0.0
Duane Ludwig,,Strawweight,21,14,0,177.8,177.8,Orthodox,,3.05,44,57,0.43,,59,0.1
Hector Lombard,,Strawweight,34,10,1,175.26,180.34,Southpaw,,3.35,46,53,1.69,,77,0.5
Ricky Rainey,,Strawweight,12,6,0,185.42,195.58,Switch,,2.62,48,46,0.95,,55,0.0
Dan Barrera,,Strawweight,3,1,0,175.26,,Orthodox,,1.2,70,28,1.0,,0,0.0
Kai Kara-France,,Strawweight,25,12,0,162.56,175.26,Orthodox,,3.24,40,64,0.56,,83,0.0
Abu Azaitar,,Strawweight,14,4,1,175.26,193.04,Orthodox,,4.32,43,51,1.0,,42,0.0
Askar Mozharov,,Strawweight,19,13,0,190.5,187.96,Orthodox,,4.07,18,13,0.0,,33,0.0
Mara Romero Borella,,Strawweight,12,9,0,167.64,175.26,Orthodox,,2.48,37,71,1.83,,66,0.2
Tai Tuivasa,,Flyweight,15,8,0,187.96,190.5,Southpaw,,5.18,46,44,0.0,,57,0.0
Keith Mielke,,Strawweight,0,5,0,172.72,,,,0.0,0,0,0.0,,0,0.0
Julian Marquez,,Strawweight,9,6,0,187.96,182.88,Orthodox,,5.35,45,50,0.0,,54,2.6
Adam Yandiev,,Strawweight,9,1,0,175.26,187.96,Orthodox,,6.14,8,36,0.0,,25,0.0
Calvin Kattar,,Strawweight,23,10,0,180.34,182.88,Orthodox,,6.55,37,54,0.34,,77,0.1
Chris Curtis,,Strawweight,32,12,0,177.8,190.5,Orthodox,,6.19,50,54,0.0,,82,0.0
David Onama,,Strawweight,14,2,0,180.34,187.96,Orthodox,,4.73,50,52,1.08,,52,0.5
Brian Foster,,Strawweight,27,10,0,175.26,180.34,Orthodox,,1.63,39,65,3.67,,37,1.8
Matt Grice,,Strawweight,15,5,0,172.72,177.8,Orthodox,,2.69,53,56,2.19,,82,0.5
Azamat Gashimov,,Strawweight,8,3,0,167.64,,Orthodox,,4.75,21,53,1.69,,0,0.0
Jason Knight,,Strawweight,20,5,0,177.8,180.34,Orthodox,,3.02,33,51,1.31,,47,1.7
Ronys Torres,,Strawweight,35,5,0,170.18,,Orthodox,,1.93,26,57,4.0,,16,0.5
Uros Medic,,Strawweight,11,3,0,185.42,180.34,Southpaw,,3.5,60,56,0.36,,55,0.0
Asbel Cancio,,Strawweight,0,1,0,177.8,,,,0.0,0,0,0.0,,0,0.0
Orion Cosce,,Strawweight,8,2,0,180.34,180.34,Switch,,4.02,53,44,1.92,,61,0.0
Ryan Roberts,,Strawweight,21,12,1,167.64,,Orthodox,,22.5,0,45,0.0,,0,0.0
Edwin Figueroa,,Strawweight,9,5,0,170.18,175.26,Orthodox,,3.06,39,51,0.2,,37,0.6
Mark Robinson,,Flyweight,1,0,0,182.88,,Orthodox,,5.8,0,13,0.0,,0,0.0
Isabela de Padua,,Strawweight,5,2,0,160.02,162.56,Orthodox,,2.07,35,50,2.0,,0,1.0
Marcel Fortuna,,Strawweight,9,3,0,185.42,187.96,Orthodox,,4.52,46,64,0.45,,75,0.5
Justin Scoggins,,Strawweight,11,5,0,170.18,167.64,Southpaw,,2.16,51,55,3.42,,82,0.5
Salim Touahri,,Strawweight,10,4,0,177.8,182.88,Orthodox,,2.87,46,58,0.0,,83,0.0
Erin Blanchfield,,Strawweight,13,2,0,162.56,167.64,Orthodox,,4.21,44,59,1.86,,80,0.8
Corey Anderson,,Strawweight,14,5,0,190.5,200.66,Orthodox,,2.22,46,59,4.89,,83,0.0
Marcelo Rojo,,Strawweight,16,10,0,172.72,180.34,Orthodox,,6.42,39,55,0.46,,66,0.0
Jay Perrin,,Strawweight,10,7,0,170.18,170.18,Switch,,3.9,46,44,2.83,,58,0.0
Luigi Vendramini,,Strawweight,9,3,0,172.72,185.42,Orthodox,,3.82,40,57,1.11,,100,0.6
Marcus Aurelio,,Strawweight,22,10,0,177.8,187.96,Orthodox,,2.27,33,59,1.69,,27,1.3
Lauren Mueller,,Strawweight,5,3,0,165.1,170.18,Orthodox,,3.77,41,58,0.7,,71,0.0
Jonathan Brookins,,Strawweight,16,10,0,182.88,187.96,Southpaw,,3.63,39,56,1.94,,80,0.3
Soa Palelei,,Flyweight,22,5,0,193.04,205.74,Orthodox,,2.68,57,48,2.2,,66,0.0
Magomed Gadzhiyasulov,,Strawweight,9,1,0,187.96,190.5,Orthodox,,1.64,49,62,3.67,,61,0.0
Sergio Moraes,,Strawweight,14,6,1,182.88,182.88,Orthodox,,3.73,42,59,1.2,,75,0.4
Willie Gates,,Strawweight,12,7,0,172.72,182.88,Orthodox,,4.28,38,38,0.0,,67,0.4
Ode Osbourne,,Strawweight,13,9,0,170.18,185.42,Southpaw,,3.43,41,47,1.09,,66,0.5
Nik Lentz,,Strawweight,30,12,2,172.72,172.72,Orthodox,,3.25,47,50,3.3,,43,1.2
John Phillips,,Strawweight,22,11,0,180.34,190.5,Southpaw,,4.03,34,49,0.0,,7,0.0
Michel Quinones,,Strawweight,8,3,0,177.8,185.42,Orthodox,,5.98,29,48,0.0,,36,0.0
Chan Sung Jung,,Strawweight,17,8,0,170.18,182.88,Orthodox,,4.52,41,52,0.7,,72,0.6
James Moontasri,,Strawweight,9,5,0,177.8,180.34,Switch,,3.86,48,40,0.0,,79,0.2
Lisa Ellis,,Strawweight,15,11,0,162.56,,,,2.32,48,57,4.19,,50,0.6
Kanako Murata,,Strawweight,12,3,0,154.94,157.48,Orthodox,,2.4,56,53,3.38,,100,0.8
Jack Hermansson,,Strawweight,24,9,0,185.42,195.58,Orthodox,,3.7,45,57,1.5,,80,0.4
John Gunderson,,Strawweight,35,16,2,175.26,175.26,Orthodox,,1.71,27,58,1.67,,11,2.0
Charles Byrd,,Strawweight,10,7,0,177.8,185.42,Orthodox,,2.63,55,55,2.5,,40,1.5
David Heath,,Strawweight,18,7,0,180.34,182.88,Orthodox,,5.16,30,49,0.33,,57,1.0
Takanori Gomi,,Strawweight,35,14,0,170.18,177.8,Southpaw,,3.52,41,60,1.23,,63,0.8
Horacio Gutierrez,,Strawweight,4,3,0,177.8,,,,2.91,26,46,0.0,,50,0.0
James Head,,Strawweight,9,4,0,185.42,185.42,Orthodox,,3.11,48,49,0.41,,66,0.8
Marc Diakiese,,Strawweight,17,7,0,177.8,185.42,Orthodox,,2.64,40,52,3.29,,66,0.0
Sean Strickland,,Strawweight,29,7,0,185.42,193.04,Orthodox,,4.57,42,60,0.73,,76,0.2
Carl Deaton,,Strawweight,17,7,0,170.18,175.26,Orthodox,,1.85,31,61,0.0,,50,0.0
Kevin Burns,,Strawweight,12,7,0,177.8,187.96,Orthodox,,4.3,38,52,0.28,,47,0.8
Ruslan Magomedov,,Strawweight,14,1,0,190.5,198.12,Orthodox,,1.47,47,66,0.33,,88,0.0
Josh Stuart,,Strawweight,1,4,0,175.26,,,,0.0,0,0,0.0,,0,0.0
Michael Aswell,,Strawweight,10,3,0,172.72,175.26,Orthodox,,7.93,44,54,0.0,,57,0.0
Jonathan Wiezorek,,Strawweight,11,2,0,190.5,,Southpaw,,5.47,58,31,1.91,,0,0.0
Colton Smith,,Strawweight,7,4,0,182.88,180.34,Orthodox,,2.3,41,51,4.09,,25,1.4
Nate Quarry,,Strawweight,12,4,0,182.88,182.88,Open Stance,,2.8,44,66,0.25,,60,0.0
Matt Hamill,,Strawweight,12,8,0,185.42,193.04,Orthodox,,3.8,42,61,3.0,,91,0.0
Amilcar Alves,,Strawweight,15,12,0,182.88,,Southpaw,,2.02,46,30,0.0,,53,0.0
Hugo Duarte,,Strawweight,6,3,0,182.88,,Orthodox,,0.0,0,0,0.0,,0,0.0
Darren Till,,Strawweight,18,5,1,182.88,187.96,Southpaw,,3.31,46,56,0.55,,69,0.0
Thomas Almeida,,Strawweight,22,5,0,170.18,177.8,Southpaw,,4.93,43,61,0.17,,75,0.0
Chris Clements,,Strawweight,12,6,0,177.8,177.8,Orthodox,,2.37,49,44,0.0,,32,0.3
Fernando Bruno,,Strawweight,15,4,0,167.64,,,,1.78,39,48,2.02,,56,0.5
Roman Kopylov,,Strawweight,14,4,0,182.88,190.5,Southpaw,,5.08,50,53,1.02,,87,0.0
Felicia Spencer,,Strawweight,9,3,0,167.64,172.72,Orthodox,,4.54,48,45,1.18,,27,0.2
Robert Whittaker,,Strawweight,27,9,0,182.88,185.42,Orthodox,,3.36,43,59,0.73,,82,0.0
David Roberts,,Strawweight,5,8,0,185.42,,Orthodox,,0.0,0,0,0.0,,0,0.0
Aleksandre Topuria,,Strawweight,6,1,0,170.18,172.72,Orthodox,,2.53,51,70,1.0,,100,0.0
Vitor Petrino,,Flyweight,12,2,0,187.96,195.58,Orthodox,,2.6,45,47,3.25,,71,1.0
Carlos Leal,,Strawweight,22,7,0,180.34,187.96,Orthodox,,7.61,50,53,0.75,,90,0.0
Ricardo Funch,,Strawweight,9,6,0,177.8,187.96,Southpaw,,3.57,65,40,1.24,,60,0.0
Enson Inoue,,Strawweight,12,8,0,177.8,,Orthodox,,1.88,63,30,0.0,,33,0.0
Jafel Filho,,Strawweight,16,4,0,170.18,172.72,Orthodox,,1.63,41,47,2.45,,66,2.1
Zachary Scroggin,,Strawweight,7,1,0,190.5,187.96,Orthodox,,8.8,37,68,0.0,,0,0.0
Alessandro Costa,,Strawweight,14,4,0,162.56,170.18,Orthodox,,3.5,47,57,0.27,,90,0.0
Steve Judson,,Strawweight,0,2,0,180.34,,Orthodox,,0.0,0,0,0.0,,0,0.0
Baisangur Susurkaev,,Strawweight,10,0,0,187.96,200.66,Orthodox,,2.88,58,57,2.98,,100,1.5
Jonathan Goulet,,Strawweight,23,12,0,182.88,185.42,Orthodox,,2.01,41,46,4.17,,45,0.6
Patrick Cummins,,Strawweight,10,7,0,187.96,193.04,Orthodox,,3.35,50,55,4.49,,28,0.1
Damien Brown,,Strawweight,17,12,0,177.8,172.72,Orthodox,,4.86,38,50,0.68,,53,0.7
Jesse Ronson,,Strawweight,21,12,0,177.8,177.8,Southpaw,,3.39,47,57,0.46,,57,0.5
Donny Walker,,Strawweight,15,10,0,175.26,,,,3.85,37,46,0.0,,57,1.7
Mason Jones,,Strawweight,17,2,0,177.8,187.96,Orthodox,,4.47,41,50,4.17,,81,0.2
Leah Letson,,Strawweight,5,3,0,170.18,180.34,Southpaw,,3.84,41,52,0.51,,76,0.0
Josh Shockley,,Strawweight,11,4,0,185.42,,Orthodox,,1.75,33,60,0.0,,61,0.8
Vagner Rocha,,Strawweight,14,4,0,177.8,185.42,Orthodox,,4.5,42,48,1.4,,50,1.9
Brandon Melendez,,Strawweight,25,25,0,180.34,,Southpaw,,0.56,26,63,0.0,,25,0.0
Elves Brener,,Strawweight,16,6,0,177.8,182.88,Orthodox,,5.86,47,50,0.99,,76,0.0
Neil Grove,,Flyweight,12,8,1,198.12,,Orthodox,,0.0,0,0,0.0,,100,14.3
Elias Garcia,,Strawweight,6,2,0,165.1,170.18,Southpaw,,5.05,27,50,0.68,,33,1.4
Azat Maksum,,Strawweight,15,2,0,170.18,177.8,Southpaw,,5.0,28,52,2.33,,85,0.3
Keiichiro Yamamiya,,Strawweight,45,35,10,180.34,,Southpaw,,0.0,0,0,0.0,,0,0.0
Robert Sanchez,,Strawweight,8,2,0,167.64,167.64,Orthodox,,1.78,40,46,3.61,,50,0.7
Charles McCarthy,,Strawweight,10,5,0,177.8,180.34,Orthodox,,4.03,12,56,2.67,,0,2.7
Chris Camozzi,,Strawweight,24,13,0,187.96,190.5,Orthodox,,2.96,44,56,0.27,,57,0.5
Bob Cook,,Strawweight,5,0,0,175.26,,Orthodox,,0.0,0,0,0.0,,0,0.0
Mackenzie Dern,,Strawweight,15,5,0,162.56,160.02,Orthodox,,3.9,40,52,0.89,,25,1.2
Joe Son,,Strawweight,0,4,0,162.56,,Orthodox,,0.0,0,0,0.0,,0,0.0
Austin Springer,,Strawweight,12,4,0,172.72,180.34,Orthodox,,3.15,57,41,3.37,,100,0.8
Josh Shockman,,Strawweight,6,3,0,193.04,,Southpaw,,0.87,32,58,0.0,,23,0.0
Viktoriia Dudakova,,Strawweight,8,2,0,165.1,170.18,Orthodox,,3.4,47,50,2.73,,33,0.0
Landon Quinones,,Strawweight,7,3,1,175.26,177.8,Southpaw,,7.7,40,55,0.5,,100,0.0
Emil Meek,,Strawweight,9,5,1,180.34,187.96,Switch,,2.53,39,38,0.25,,47,1.0
Mario Miranda,,Strawweight,14,7,0,190.5,187.96,Orthodox,,2.46,54,36,1.02,,54,0.0
Marlon Vera,,Strawweight,23,10,1,172.72,177.8,Switch,,5.37,49,50,0.51,,72,0.8
Roman Salazar,,Strawweight,10,6,0,170.18,,Orthodox,,2.89,39,57,1.77,,50,0.0
Yazmin Jauregui,,Strawweight,11,2,0,160.02,162.56,Orthodox,,5.25,39,54,0.0,,100,0.0
Eddie Ruiz,,Strawweight,1,1,0,170.18,,Orthodox,,1.4,25,47,2.0,,0,0.0
Keigo Kunihara,,Strawweight,3,2,0,182.88,,Orthodox,,1.99,10,57,4.97,,100,2.5
Jason Thacker,,Strawweight,0,1,0,177.8,,Orthodox,,17.05,33,32,0.0,,0,0.0
Martin Bravo,,Strawweight,11,3,0,172.72,180.34,Southpaw,,5.72,39,51,2.6,,85,0.0
Saimon Oliveira,,Strawweight,18,6,0,162.56,182.88,Orthodox,,4.13,40,46,1.07,,38,1.4
Scott Bessac,,Strawweight,4,6,0,193.04,,,,0.0,0,0,0.0,,0,0.0
Jason Lambert,,Strawweight,26,13,0,190.5,190.5,Orthodox,,1.84,58,50,1.35,,28,2.4
Fares Ziam,,Strawweight,17,4,0,185.42,190.5,Orthodox,,1.62,51,64,1.62,,70,0.2
Nick Sanzo,,Strawweight,1,1,0,175.26,,,,0.0,0,0,0.0,,0,0.0
Shunichi Shimizu,,Strawweight,30,18,11,165.1,,Orthodox,,4.68,33,30,0.0,,0,0.0
Mounir Lazzez,,Strawweight,11,3,0,185.42,193.04,Orthodox,,5.42,55,53,1.8,,71,0.0
Victor Henry,,Strawweight,25,7,0,170.18,172.72,Switch,,5.19,53,48,1.04,,81,0.3
Ernesta Kareckaite,,Strawweight,6,1,1,175.26,180.34,Orthodox,,6.09,42,48,0.67,,82,0.0
Guram Kutateladze,,Strawweight,13,5,0,180.34,182.88,Orthodox,,4.22,45,54,0.61,,75,0.0
Dooho Choi,,Strawweight,16,4,1,177.8,177.8,Orthodox,,4.02,56,56,1.43,,47,0.6
Mairon Santos,,Strawweight,17,1,0,170.18,182.88,Orthodox,,2.38,46,66,0.0,,50,0.0
Antonio Carvalho,,Strawweight,15,6,0,175.26,177.8,Orthodox,,3.62,29,64,0.0,,100,0.0
John Salter,,Strawweight,14,3,0,185.42,187.96,Southpaw,,1.68,32,68,2.85,,66,0.5
Steve Lopez,,Strawweight,13,6,1,180.34,,Orthodox,,2.69,24,62,0.0,,37,0.0
Luke Jumeau,,Strawweight,13,5,0,180.34,182.88,Orthodox,,3.17,43,58,0.25,,86,0.0
Alan Baudot,,Strawweight,8,3,0,190.5,200.66,Orthodox,,4.82,58,46,0.0,,62,0.0
Azamat Bekoev,,Strawweight,20,3,0,182.88,182.88,Orthodox,,4.48,61,46,2.59,,100,0.0
Sean Sharaf,,Strawweight,4,1,0,190.5,195.58,Orthodox,,9.79,44,44,2.07,,0,0.0
Jose Quinonez,,Strawweight,9,5,0,172.72,175.26,Southpaw,,3.0,45,64,2.7,,42,0.6
Daniel Omielanczuk,,Strawweight,19,8,1,182.88,187.96,Southpaw,,3.29,57,47,0.56,,68,0.1
Jared Gordon,,Strawweight,21,7,0,175.26,172.72,Orthodox,,3.91,55,56,1.83,,62,0.0
Ernest Chavez,,Strawweight,10,2,0,172.72,177.8,Orthodox,,3.89,40,59,0.89,,50,0.0
Ildemar Alcantara,,Strawweight,21,11,0,187.96,198.12,Orthodox,,2.63,38,50,2.0,,81,0.9
Val Woodburn,,Strawweight,7,2,0,172.72,187.96,Orthodox,,4.93,35,36,1.92,,50,0.0
Josh Emmett,,Strawweight,19,5,0,167.64,177.8,Orthodox,,4.46,35,60,1.09,,46,0.1
Edilberto de Oliveira,,Strawweight,29,15,2,182.88,,Orthodox,,6.79,32,61,0.0,,0,0.0
Albert Tumenov,,Strawweight,18,4,0,180.34,185.42,Orthodox,,3.34,42,58,0.2,,75,0.0
Esteban Ribovics,,Strawweight,15,2,0,177.8,175.26,Orthodox,,6.3,43,54,0.39,,70,0.2
Josias Musasa,,Strawweight,8,1,0,172.72,187.96,Southpaw,,4.6,43,28,0.82,,77,0.8
Joseph Gigliotti,,Strawweight,7,2,0,180.34,,Orthodox,,2.92,39,45,1.56,,50,0.8
Andre Roberts,,Welterweight,14,2,1,187.96,,Orthodox,,0.0,0,0,0.0,,0,0.0
Yana Santos,,Strawweight,16,8,0,167.64,172.72,Orthodox,,3.07,58,52,0.87,,53,0.1
Stevie Lynch,,Strawweight,5,2,0,177.8,,Orthodox,,7.06,25,41,0.0,,0,0.0
Danny Silva,,Strawweight,10,2,0,180.34,177.8,Switch,,7.47,55,61,2.0,,81,0.2
Frank Mir,,Flyweight,18,11,0,190.5,200.66,Southpaw,,3.84,47,38,2.02,,54,2.0
Curtis Millender,,Strawweight,17,5,0,187.96,193.04,Orthodox,,2.95,46,61,0.43,,57,0.0
David Lee,,Strawweight,12,10,0,177.8,,Orthodox,,3.31,50,42,0.0,,50,0.0
Ronny Markes,,Strawweight,17,5,0,185.42,190.5,Orthodox,,2.43,53,45,3.13,,100,0.5
Renee Forte,,Strawweight,8,4,0,170.18,180.34,Orthodox,,2.12,32,63,2.32,,66,0.0
Khalid Taha,,Strawweight,13,5,0,165.1,175.26,Orthodox,,4.12,32,46,0.0,,61,0.2
Ibo Aslan,,Strawweight,14,3,0,190.5,195.58,Orthodox,,3.47,47,59,0.0,,86,0.0
Jimi Manuwa,,Strawweight,17,6,0,185.42,200.66,Orthodox,,3.97,54,49,0.53,,70,0.4
Louis Smolka,,Strawweight,17,9,0,175.26,172.72,Orthodox,,4.11,47,53,1.69,,32,1.8
Jim Alers,,Strawweight,13,3,0,175.26,180.34,Orthodox,,4.38,40,56,2.26,,80,0.3
Hans Stringer,,Strawweight,22,8,3,190.5,,Orthodox,,2.84,61,41,2.4,,62,0.0
Zach Makovsky,,Strawweight,20,8,0,162.56,162.56,Southpaw,,2.24,43,62,3.71,,56,0.3
John Maguire,,Strawweight,24,9,0,175.26,175.26,Southpaw,,2.44,41,65,2.8,,77,1.1
Tom Egan,,Strawweight,7,5,0,180.34,,Orthodox,,3.91,0,50,0.0,,28,0.0
Matthew Lopez,,Strawweight,10,4,0,170.18,175.26,Southpaw,,3.73,50,55,3.32,,71,1.3
Chepe Mariscal,,Strawweight,18,6,0,170.18,175.26,Orthodox,,3.07,56,51,2.85,,73,0.2
Jean Matsumoto,,Strawweight,17,1,0,167.64,172.72,Orthodox,,5.43,41,48,2.14,,53,0.6
Denis Kang,,Strawweight,35,16,2,180.34,195.58,Orthodox,,1.65,35,67,2.51,,38,1.2
Heather Clark,,Strawweight,7,6,0,167.64,162.56,Orthodox,,5.62,49,50,0.33,,80,0.3
Bartosz Fabinski,,Strawweight,15,5,0,182.88,190.5,Orthodox,,1.46,68,51,7.1,,80,0.0
Hu Yaozong,,Strawweight,3,3,0,190.5,182.88,Orthodox,,5.09,48,35,0.0,,33,0.4
Kazuhiro Nakamura,,Strawweight,21,13,0,180.34,177.8,Orthodox,,1.83,37,59,1.73,,42,0.6
James Te Huna,,Strawweight,16,9,0,187.96,190.5,Orthodox,,2.99,51,62,2.75,,58,0.2
Ryan MacDonald,,Strawweight,10,2,0,180.34,180.34,Switch,,6.49,29,45,0.0,,0,0.0
Katsuhisa Fujii,,Strawweight,9,18,1,182.88,,Orthodox,,4.43,50,64,2.14,,50,2.1
Christian Morecraft,,Flyweight,8,3,0,198.12,205.74,Orthodox,,2.46,34,46,3.26,,50,2.2
Cristina Stanciu,,Strawweight,5,2,0,160.02,,Orthodox,,3.07,50,52,0.85,,40,1.7
Cody Gibson,,Strawweight,22,11,0,177.8,180.34,Orthodox,,3.18,45,57,2.13,,69,0.6
Anying Wang,,Strawweight,2,1,0,182.88,,Orthodox,,1.63,26,44,0.0,,33,0.0
Jose Maria,,Strawweight,37,7,0,165.1,,Orthodox,,3.98,53,52,2.32,,33,2.3
Ben Wall,,Strawweight,8,7,1,177.8,,Orthodox,,8.53,29,29,0.0,,100,0.0
Mitch Gagnon,,Strawweight,12,5,0,165.1,165.1,Southpaw,,2.21,46,61,1.16,,65,1.9
Joselyne Edwards,,Strawweight,16,6,0,172.72,177.8,Orthodox,,3.28,53,50,1.29,,61,0.5
Anthony Torres,,Strawweight,5,3,0,172.72,,Orthodox,,7.52,48,45,0.0,,100,2.2
Efrain Escudero,,Strawweight,28,12,0,175.26,180.34,Orthodox,,2.3,44,63,1.31,,66,0.8
Matt Horwich,,Strawweight,30,25,1,185.42,,Orthodox,,2.16,62,38,0.33,,28,2.7
Jordan Rinaldi,,Strawweight,14,7,0,177.8,182.88,Orthodox,,2.32,35,59,1.45,,20,1.2
Todd Butler,,Strawweight,1,4,0,185.42,,Southpaw,,0.0,0,0,0.0,,0,0.0
Aoriqileng,,Strawweight,25,12,0,170.18,175.26,Orthodox,,5.46,49,48,1.2,,58,0.0
Wallid Ismail,,Strawweight,9,3,0,170.18,,Orthodox,,0.83,31,44,1.85,,0,0.5
Alexandr Romanov,,Flyweight,18,3,0,187.96,190.5,Southpaw,,2.13,51,54,4.49,,28,0.9
Kyle Watson,,Strawweight,13,8,1,182.88,,Southpaw,,3.25,35,62,0.0,,100,0.0
Gilbert Urbina,,Strawweight,7,5,0,190.5,190.5,Orthodox,,4.62,56,44,2.86,,0,0.7
Matt Mitrione,,Flyweight,12,5,0,190.5,208.28,Switch,,2.79,50,64,0.0,,55,0.7
Michel Batista,,Flyweight,4,1,0,190.5,,Orthodox,,4.03,0,40,6.72,,0,0.0
Yan Xiaonan,,Strawweight,19,5,0,165.1,160.02,Orthodox,,3.23,45,60,0.84,,64,0.0
Colin Fletcher,,Strawweight,14,8,0,187.96,,Orthodox,,2.97,34,62,0.0,,27,0.0
Kyle Bochniak,,Strawweight,8,5,0,170.18,177.8,Orthodox,,5.11,31,58,1.14,,62,0.0
Chris Heatherly,,Strawweight,9,4,0,175.26,,Orthodox,,2.67,45,52,3.39,,100,0.7
Nasrat Haqparast,,Strawweight,18,5,0,177.8,182.88,Southpaw,,6.01,45,63,0.35,,84,0.0
Craig White,,Strawweight,14,9,0,187.96,193.04,Orthodox,,3.28,40,39,0.0,,50,0.8
Cung Le,,Strawweight,9,3,0,175.26,177.8,Southpaw,,2.98,48,66,1.37,,88,0.3
Said Nurmagomedov,,Strawweight,18,5,0,172.72,177.8,Orthodox,,2.05,48,55,0.86,,63,1.1
Bryan Battle,,Strawweight,13,2,0,185.42,195.58,Orthodox,,4.11,52,44,0.77,,53,0.4
Ken Stone,,Strawweight,11,4,0,172.72,180.34,Southpaw,,2.9,49,48,1.24,,60,0.6
Julija Stoliarenko,,Strawweight,11,10,2,170.18,167.64,Orthodox,,4.45,38,46,0.78,,54,1.4
Jordan Mein,,Strawweight,31,12,0,182.88,185.42,Orthodox,,2.55,44,69,1.56,,66,0.2
Tagir Ulanbekov,,Strawweight,17,2,0,170.18,177.8,Southpaw,,3.36,49,52,2.94,,62,1.6
Juan Adams,,Flyweight,5,3,0,195.58,203.2,Orthodox,,4.06,55,34,0.91,,57,0.0
Scott Holtzman,,Strawweight,14,6,0,175.26,175.26,Orthodox,,3.66,47,55,1.88,,67,0.2
Tallison Teixeira,,Flyweight,8,1,0,200.66,210.82,Orthodox,,8.98,59,56,0.0,,0,0.0
Brad Kohler,,Strawweight,12,15,0,175.26,,Orthodox,,0.0,0,0,0.0,,0,0.0
Luke Cummo,,Strawweight,6,6,0,182.88,187.96,Orthodox,,1.5,43,59,0.89,,42,1.4
Denis Stojnic,,Strawweight,13,3,0,182.88,,Orthodox,,6.06,23,36,0.0,,80,1.0
Ryan Spann,,Strawweight,23,11,0,195.58,200.66,Orthodox,,4.14,39,43,1.3,,52,1.8
Ron van Clief,,Strawweight,0,1,0,177.8,,Orthodox,,0.0,0,0,0.0,,0,0.0
Paulo Costa,,Strawweight,15,4,0,185.42,182.88,Orthodox,,6.2,58,49,0.32,,80,0.0
Chris Cariaso,,Strawweight,17,8,0,160.02,162.56,Southpaw,,2.23,43,61,1.11,,57,0.8
Wendell Oliveira Marques,,Strawweight,29,10,0,177.8,,Orthodox,,4.4,47,47,0.0,,100,0.0
Francisco Trinaldo,,Strawweight,28,9,0,175.26,177.8,Southpaw,,2.67,45,60,0.98,,60,0.5
Chuck Liddell,,Strawweight,21,8,0,187.96,193.04,Orthodox,,2.71,35,56,0.44,,81,0.0
Dokonjonosuke Mishima,,Strawweight,21,7,2,170.18,,Southpaw,,1.22,41,52,2.47,,25,1.4
Victor Valimaki,,Strawweight,18,10,0,182.88,,Orthodox,,2.99,30,67,0.9,,0,0.0
Alberto Uda,,Strawweight,12,2,0,190.5,,Orthodox,,3.49,52,45,2.83,,66,0.0
Jason Novelli,,Strawweight,11,3,1,182.88,,Orthodox,,3.55,24,66,0.7,,100,0.0
Sarah Kaufman,,Strawweight,18,4,0,165.1,167.64,Orthodox,,4.0,46,62,0.38,,81,0.0
Maryna Moroz,,Strawweight,11,6,0,170.18,170.18,Orthodox,,4.89,33,51,0.7,,42,0.6
Alvin Hines,,Flyweight,7,1,0,187.96,187.96,Orthodox,,7.47,31,38,1.0,,0,0.0
Andrew Sanchez,,Strawweight,13,7,0,185.42,187.96,Orthodox,,5.1,43,50,2.55,,100,0.0
Mike van Arsdale,,Strawweight,8,5,0,187.96,,Switch,,1.91,41,41,1.06,,37,0.0
Viscardi Andrade,,Strawweight,19,6,0,180.34,190.5,Orthodox,,2.77,42,63,1.93,,66,0.3
Claude Patrick,,Strawweight,14,2,0,180.34,190.5,Orthodox,,0.89,55,69,2.32,,84,1.7
Drew Fickett,,Strawweight,42,21,0,177.8,177.8,Orthodox,,2.29,41,57,1.3,,30,2.2
Ednaldo Oliveira,,Strawweight,17,3,1,195.58,,Orthodox,,1.8,22,52,0.0,,42,0.0
Caolan Loughran,,Strawweight,10,2,0,167.64,172.72,Orthodox,,5.2,42,52,3.0,,87,0.0
Jorge Santiago,,Strawweight,25,12,0,185.42,190.5,Orthodox,,2.62,35,56,0.58,,52,0.8
Zhang Weili,,Strawweight,26,3,0,162.56,160.02,Switch,,2.77,53,54,2.24,,74,0.5
Casey O'Neill,,Strawweight,10,2,0,167.64,175.26,Orthodox,,5.65,52,57,1.45,,70,0.7
Sedriques Dumas,,Strawweight,10,3,0,187.96,200.66,Orthodox,,2.5,45,55,1.25,,40,0.2
Carlos Huachin,,Strawweight,10,5,1,162.56,170.18,Southpaw,,4.8,21,50,0.0,,66,0.0
Marco Ruas,,Strawweight,9,4,2,185.42,,Orthodox,,0.0,0,0,0.0,,0,0.0
Mitch Raposo,,Strawweight,9,3,0,165.1,162.56,Switch,,3.2,33,55,3.54,,50,0.0
Dan Evensen,,Strawweight,11,4,0,190.5,,Orthodox,,3.86,10,38,0.0,,0,4.0
Joe Pyfer,,Strawweight,14,3,0,187.96,190.5,Orthodox,,3.2,43,54,1.35,,60,0.7
Mike Breeden,,Strawweight,11,6,0,177.8,177.8,Orthodox,,7.28,45,42,0.98,,67,0.0
Chris Beal,,Strawweight,10,5,0,170.18,175.26,Orthodox,,3.18,35,61,1.6,,78,0.2
Daiju Takase,,Strawweight,12,15,2,182.88,,Southpaw,,1.64,30,47,0.84,,21,1.2
Song Kenan,,Strawweight,22,9,0,182.88,180.34,Orthodox,,5.82,46,51,0.42,,73,0.0
Jared Vanderaa,,Flyweight,12,10,0,193.04,203.2,Orthodox,,5.67,44,45,0.18,,20,0.0
Oban Elliott,,Strawweight,12,3,0,182.88,182.88,Orthodox,,2.24,48,60,1.7,,55,0.0
Kay Hansen,,Strawweight,7,6,0,157.48,160.02,Orthodox,,3.19,50,51,1.83,,37,0.8
Jonathan Meunier,,Strawweight,8,1,0,190.5,,Switch,,1.43,50,69,0.58,,58,0.0
Zac Pauga,,Strawweight,7,3,0,187.96,193.04,Orthodox,,2.73,62,58,0.38,,100,0.0
Lodune Sincaid,,Strawweight,15,9,0,175.26,,Orthodox,,6.17,42,57,0.0,,75,0.0
Johnny Eduardo,,Strawweight,28,13,0,170.18,180.34,Orthodox,,3.22,39,63,0.22,,58,0.4
Jared Papazian,,Strawweight,20,13,0,172.72,170.18,Southpaw,,3.81,39,44,0.0,,50,0.0
Kaue Fernandes,,Strawweight,11,2,0,175.26,185.42,Orthodox,,1.42,55,62,1.18,,76,0.0
Makwan Amirkhani,,Strawweight,17,9,0,177.8,182.88,Southpaw,,2.98,44,46,3.96,,35,1.1
Zak Ottow,,Strawweight,17,7,0,180.34,182.88,Orthodox,,2.73,36,58,0.97,,57,0.4
John Dodson,,Strawweight,22,12,0,160.02,167.64,Orthodox,,3.58,40,61,0.71,,82,0.0
Nick Serra,,Strawweight,7,3,0,175.26,,Orthodox,,1.73,0,43,1.0,,0,2.0
Derrick Noble,,Strawweight,27,15,1,175.26,,Southpaw,,3.79,40,59,0.0,,0,0.0
Jamie Pickett,,Strawweight,13,11,0,187.96,203.2,Orthodox,,3.62,47,50,1.26,,67,0.1
Benson Henderson,,Strawweight,24,7,0,175.26,177.8,Southpaw,,1.79,45,63,2.4,,63,0.8
Brendan Allen,,Strawweight,25,7,0,187.96,190.5,Orthodox,,3.96,53,47,1.65,,56,1.2
Devin Clark,,Strawweight,14,9,0,182.88,190.5,Orthodox,,3.24,54,44,2.17,,58,0.1
Rory MacDonald,,Strawweight,19,4,0,182.88,193.04,Orthodox,,2.8,42,62,1.77,,88,0.4
Richie Smullen,,Strawweight,3,1,1,175.26,172.72,Orthodox,,2.26,77,65,8.49,,0,0.0
John Hathaway,,Strawweight,17,2,0,185.42,190.5,Orthodox,,1.8,40,62,2.61,,60,0.9
Cynthia Calvillo,,Strawweight,9,6,1,162.56,162.56,Orthodox,,4.12,38,64,1.8,,77,0.8
Gilbert Burns,,Strawweight,22,9,0,177.8,180.34,Orthodox,,3.64,48,52,2.12,,53,0.5
Mickey Gall,,Strawweight,7,7,0,187.96,187.96,Switch,,4.72,49,49,1.15,,37,1.6
Robert Whiteford,,Strawweight,14,4,0,175.26,175.26,Southpaw,,1.99,46,62,1.9,,45,0.0
Cezar Ferreira,,Strawweight,13,8,0,185.42,198.12,Southpaw,,2.44,42,53,2.69,,84,0.5
Shavkat Rakhmonov,,Strawweight,19,0,0,185.42,195.58,Orthodox,,2.17,60,51,1.4,,85,1.2
Montserrat Conejo Ruiz,,Strawweight,10,4,0,152.4,154.94,Southpaw,,4.96,27,37,2.05,,33,0.8
Steve Cantwell,,Strawweight,7,6,0,187.96,190.5,Orthodox,,5.76,34,55,0.65,,80,0.7
Antonio Dos Santos,,Strawweight,6,4,0,177.8,,Orthodox,,3.94,51,43,0.0,,100,0.0
Marcio Alexandre Junior,,Strawweight,17,4,0,182.88,190.5,Southpaw,,2.89,45,42,0.35,,66,0.7
Kevin Casey,,Strawweight,9,5,2,180.34,195.58,Southpaw,,3.76,53,46,0.79,,27,0.4
Jimmy Crute,,Strawweight,13,4,2,187.96,187.96,Orthodox,,3.68,52,42,4.2,,58,1.9
Punahele Soriano,,Strawweight,11,4,0,180.34,182.88,Southpaw,,3.88,53,48,1.47,,37,0.0
Tyler Diamond,,Strawweight,9,1,0,170.18,175.26,Orthodox,,2.53,47,44,3.0,,70,0.0
Gaetano Pirrello,,Strawweight,15,7,1,170.18,165.1,Orthodox,,2.44,55,42,0.0,,30,0.0
John Teixeira,,Strawweight,21,2,2,170.18,,Orthodox,,3.2,35,63,1.0,,71,0.7
Damian Stasiak,,Strawweight,10,6,0,165.1,177.8,Orthodox,,3.1,36,52,2.64,,43,0.6
Bharat Kandare,,Strawweight,5,3,0,170.18,182.88,Orthodox,,1.88,10,72,0.0,,0,0.0
Chris Liguori,,Strawweight,15,10,0,175.26,,Orthodox,,1.44,33,0,0.0,,50,0.0
Alan Jouban,,Strawweight,17,7,0,182.88,185.42,Southpaw,,3.77,50,60,0.51,,58,0.3
Chase Hooper,,Strawweight,16,4,1,185.42,187.96,Southpaw,,2.98,49,39,2.49,,55,2.1
Yves Edwards,,Strawweight,42,22,1,175.26,185.42,Southpaw,,2.34,42,66,0.76,,69,0.7
Ebenezer Fontes Braga,,Strawweight,13,7,2,182.88,,Orthodox,,0.42,50,71,0.0,,90,0.6
Harold Howard,,Strawweight,1,3,0,187.96,,Orthodox,,0.0,0,0,0.0,,0,0.0
Takenori Sato,,Strawweight,19,11,7,177.8,,Southpaw,,12.92,33,9,0.0,,0,0.0
John Lober,,Strawweight,5,9,4,180.34,,Orthodox,,0.0,0,0,0.0,,0,0.0
Cameron Dollar,,Strawweight,11,5,0,180.34,,Orthodox,,2.94,38,61,0.0,,0,0.0
Tracy Cortez,,Strawweight,12,2,0,165.1,165.1,Orthodox,,2.84,49,57,2.19,,62,0.3
Anthony Smith,,Strawweight,38,22,0,193.04,193.04,Orthodox,,5.04,49,44,0.44,,50,0.6
Julianna Pena,,Strawweight,13,6,0,167.64,175.26,Orthodox,,2.56,44,57,1.7,,24,0.8
Joe Doerksen,,Strawweight,51,16,0,182.88,190.5,Orthodox,,2.79,42,50,2.02,,33,2.3
Jason Dent,,Strawweight,22,13,0,177.8,180.34,Orthodox,,3.7,39,62,0.0,,26,1.4
Nick Denis,,Strawweight,11,3,0,170.18,,Orthodox,,5.42,53,36,2.8,,80,0.0
Pedro Rizzo,,Strawweight,20,11,0,185.42,,Orthodox,,3.02,34,50,0.26,,78,0.0
Charles Jourdain,,Strawweight,16,8,1,175.26,175.26,Switch,,4.27,48,56,0.34,,47,0.6
Kiru Sahota,,Strawweight,12,3,0,177.8,185.42,Orthodox,,2.64,52,41,0.92,,50,0.5
Mike Perry,,Strawweight,14,8,0,177.8,180.34,Orthodox,,5.16,47,52,0.81,,78,0.2
Sai Wang,,Strawweight,20,6,1,182.88,,Southpaw,,2.27,46,53,0.0,,77,0.0
Andy Anderson,,Strawweight,0,1,0,167.64,,,,0.0,0,0,0.0,,0,0.0
Timur Valiev,,Strawweight,18,3,0,167.64,170.18,Orthodox,,3.33,53,45,1.73,,55,0.3
Mike Kyle,,Strawweight,22,14,1,193.04,195.58,Orthodox,,3.35,51,49,1.33,,50,0.8
Ronald Jhun,,Strawweight,24,26,2,180.34,,Orthodox,,3.01,57,50,1.81,,100,0.0
Wang Guan,,Strawweight,20,1,1,175.26,180.34,Orthodox,,3.27,43,60,0.0,,0,0.0
Darren Uyenoyama,,Strawweight,10,6,0,167.64,165.1,Orthodox,,2.21,39,66,1.42,,35,0.7
Izabela Badurek,,Strawweight,6,3,0,165.1,,Orthodox,,4.9,71,32,1.75,,100,0.0
Diana Belbita,,Strawweight,15,10,0,170.18,172.72,Orthodox,,6.55,41,51,0.86,,64,0.0
Michael Patt,,Strawweight,12,4,0,182.88,,Orthodox,,5.53,28,55,0.0,,0,0.0
John Cholish,,Strawweight,8,3,0,180.34,187.96,Orthodox,,2.29,49,73,1.82,,78,0.4
Brandon Jenkins,,Strawweight,15,9,0,182.88,180.34,Switch,,8.05,41,33,0.0,,27,0.0
Masanori Kanehara,,Strawweight,26,12,5,170.18,170.18,Orthodox,,1.63,49,62,1.44,,63,0.9
Rory Singer,,Strawweight,11,9,0,187.96,195.58,Orthodox,,2.42,39,63,0.39,,64,0.8
Eric Schafer,,Strawweight,14,8,2,190.5,193.04,Orthodox,,3.38,34,56,1.81,,50,1.8
Marco Beltran,,Strawweight,8,6,0,172.72,175.26,Orthodox,,1.93,37,63,0.7,,46,0.2
Dan Stittgen,,Strawweight,12,5,0,185.42,,Orthodox,,4.42,46,37,0.78,,100,0.0
Jonavin Webb,,Strawweight,9,2,0,177.8,,Orthodox,,2.27,30,64,2.5,,40,1.0
Gilbert Smith,,Strawweight,12,6,0,175.26,,Southpaw,,2.73,41,35,3.51,,0,1.2
Joanderson Brito,,Strawweight,17,5,1,172.72,182.88,Orthodox,,2.49,50,42,2.49,,56,1.0
Darren Stewart,,Strawweight,12,8,0,182.88,187.96,Orthodox,,3.29,45,48,1.75,,67,0.1
Lucas Almeida,,Strawweight,15,4,0,180.34,180.34,Orthodox,,5.04,39,44,0.0,,53,0.0
Todd Duffee,,Flyweight,9,3,0,190.5,198.12,Orthodox,,2.87,37,56,0.72,,90,0.0
Francisco Rivera,,Strawweight,11,7,0,172.72,177.8,Orthodox,,3.16,41,68,1.01,,68,0.6
Gleison Tibau,,Strawweight,33,14,0,177.8,180.34,Southpaw,,2.51,31,63,4.08,,92,0.8
Da'Mon Blackshear,,Strawweight,17,8,1,177.8,182.88,Switch,,4.19,45,52,1.48,,71,1.5
Lando Vannata,,Strawweight,12,7,2,175.26,180.34,Orthodox,,4.76,45,55,1.09,,69,0.3
Felipe Bunes,,Strawweight,14,8,0,170.18,175.26,Orthodox,,4.66,50,44,1.13,,40,2.3
Muhammad Mokaev,,Strawweight,13,0,0,170.18,177.8,Orthodox,,1.35,45,57,5.29,,25,0.8
Antonina Shevchenko,,Strawweight,10,4,0,172.72,170.18,Southpaw,,2.93,55,52,0.43,,53,0.4
Dmitry Sosnovskiy,,Strawweight,11,0,0,190.5,195.58,Orthodox,,2.53,70,35,3.16,,100,3.2
Steve Byrnes,,Strawweight,6,1,0,182.88,,Orthodox,,2.67,51,27,3.0,,0,4.0
Luis Henrique,,Strawweight,10,5,0,187.96,187.96,Orthodox,,2.22,43,47,3.09,,50,1.0
Erick Silva,,Strawweight,19,9,0,182.88,187.96,Orthodox,,4.18,48,49,0.85,,56,1.4
Jeka Saragih,,Strawweight,14,5,0,172.72,175.26,Orthodox,,2.82,50,40,2.17,,66,0.5
Tony Ferguson,,Strawweight,26,11,0,180.34,193.04,Orthodox,,4.37,45,55,0.39,,66,0.9
Brodie Farber,,Strawweight,16,7,0,185.42,,Orthodox,,2.17,45,53,0.9,,20,0.9
Sasha Palatnikov,,Strawweight,6,4,0,185.42,182.88,Switch,,5.44,53,52,0.72,,70,0.0
Luana Santos,,Strawweight,9,2,0,167.64,170.18,Orthodox,,3.4,52,62,1.91,,83,1.3
Joe Soto,,Strawweight,18,7,0,167.64,165.1,Orthodox,,5.37,41,67,0.85,,70,1.9
Jeremy Horn,,Strawweight,91,22,5,185.42,187.96,Orthodox,,1.99,39,55,1.83,,29,1.1
Aspen Ladd,,Strawweight,9,3,0,167.64,167.64,Orthodox,,4.65,47,47,1.56,,62,0.6
Jon Manley,,Strawweight,9,4,0,185.42,,Orthodox,,4.33,20,45,1.0,,20,0.0
Diego Brandao,,Strawweight,22,11,0,170.18,162.56,Orthodox,,3.38,47,62,3.21,,80,0.6
Amanda Nunes,,Strawweight,23,5,0,172.72,175.26,Orthodox,,2.62,51,57,2.73,,82,0.7
Cameron Else,,Strawweight,10,6,0,175.26,180.34,Switch,,8.09,40,51,0.0,,0,0.0
Matt Lindland,,Strawweight,22,9,0,182.88,187.96,Southpaw,,1.56,50,52,3.01,,60,1.3
Dan Argueta,,Strawweight,9,3,0,170.18,172.72,Southpaw,,3.44,43,50,4.36,,55,1.4
Kevin Vallejos,,Strawweight,16,1,0,170.18,172.72,Switch,,5.23,45,57,0.84,,83,0.0
Paul Craig,,Strawweight,17,10,1,190.5,193.04,Orthodox,,3.04,45,43,1.43,,35,1.3
Alberto Crane,,Strawweight,15,5,0,165.1,,Orthodox,,2.61,25,57,0.0,,50,4.0
Igor Zinoviev,,Strawweight,4,1,2,185.42,,Orthodox,,0.0,0,0,0.0,,0,0.0
John Moraga,,Strawweight,19,7,0,167.64,167.64,Orthodox,,2.55,43,56,0.62,,44,1.1
Eddie Alvarez,,Strawweight,29,6,0,175.26,175.26,Orthodox,,4.39,41,55,2.92,,92,0.5
Navajo Stirling,,Strawweight,7,0,0,193.04,200.66,Orthodox,,2.49,52,61,1.2,,78,0.0
Alan Omer,,Strawweight,20,5,0,177.8,,Orthodox,,2.21,55,64,1.69,,66,0.0
Dustin Jacoby,,Strawweight,21,9,1,190.5,193.04,Orthodox,,4.02,47,57,0.33,,62,0.0
Angela Hill,,Strawweight,18,15,0,160.02,162.56,Orthodox,,4.92,50,60,0.78,,74,0.1
Tom Nolan,,Strawweight,9,1,0,190.5,185.42,Southpaw,,4.85,45,46,0.41,,66,1.6
Jessica Penne,,Strawweight,14,9,0,165.1,170.18,Orthodox,,5.05,33,45,1.29,,36,0.5
Jason Day,,Strawweight,19,12,0,182.88,182.88,Orthodox,,3.46,54,47,1.13,,0,0.0
Clay Harvison,,Strawweight,13,6,0,185.42,187.96,Orthodox,,3.91,48,58,0.66,,68,1.3
Eric Wisely,,Strawweight,26,9,1,172.72,,Southpaw,,2.08,47,56,0.0,,27,0.9
Tim Means,,Strawweight,33,17,1,187.96,190.5,Orthodox,,3.65,49,60,1.14,,64,0.2
Michael Kuiper,,Strawweight,15,5,0,182.88,185.42,Orthodox,,3.62,54,54,2.3,,79,0.0
Ante Delija,,Strawweight,26,6,0,190.5,198.12,Orthodox,,1.95,46,55,0.0,,0,0.0
Jason MacDonald,,Strawweight,25,16,0,190.5,203.2,Orthodox,,2.7,52,46,1.43,,35,2.0
Barb Honchak,,Strawweight,10,4,0,162.56,165.1,Orthodox,,4.67,30,66,0.0,,0,1.3
Mickael Lebout,,Strawweight,16,7,1,180.34,185.42,Orthodox,,2.98,34,54,0.0,,60,0.0
Renan Barao,,Strawweight,34,9,0,167.64,177.8,Orthodox,,3.9,36,57,1.49,,91,0.5
James Giboo,,Strawweight,13,5,0,180.34,,Orthodox,,7.08,27,39,0.0,,0,0.0
Abner Lloveras,,Strawweight,20,9,1,180.34,,,,6.87,49,43,2.0,,0,0.0
Don'Tale Mayes,,Flyweight,11,9,0,198.12,205.74,Orthodox,,3.61,43,46,0.59,,46,0.0
Yusuke Kasuya,,Strawweight,9,3,0,170.18,,Southpaw,,4.34,44,48,1.36,,0,0.0
Antonio Mendes,,Strawweight,18,13,0,190.5,195.58,Southpaw,,6.85,47,22,2.51,,100,0.0
Bogdan Grad,,Strawweight,15,3,0,172.72,177.8,Orthodox,,5.4,51,49,3.31,,75,0.0
Dequan Townsend,,Strawweight,21,12,0,190.5,200.66,Orthodox,,3.92,34,38,0.0,,46,0.0
Terry Martin,,Strawweight,23,11,0,172.72,180.34,Orthodox,,3.13,43,54,3.1,,92,0.0
Matt Van Buren,,Strawweight,7,6,0,195.58,,,,6.82,45,49,0.0,,50,0.0
Tim Lajcik,,Strawweight,7,6,1,185.42,,Orthodox,,0.0,0,0,0.0,,0,0.0
Tom Niinimaki,,Strawweight,22,8,1,175.26,175.26,Orthodox,,2.31,54,58,2.97,,33,0.5
Takashi Sato,,Strawweight,16,7,0,177.8,185.42,Southpaw,,3.73,41,44,0.76,,60,0.0
Carlos Felipe,,Strawweight,11,2,0,182.88,190.5,Orthodox,,5.6,45,50,0.0,,72,0.0
Bibulatov Magomed,,Strawweight,14,2,0,165.1,165.1,Orthodox,,1.83,51,52,2.85,,75,0.0
Farid Basharat,,Strawweight,13,0,0,172.72,180.34,Orthodox,,2.57,55,59,3.97,,80,0.5
Bobby Moffett,,Strawweight,13,5,0,177.8,185.42,Orthodox,,3.15,39,61,2.74,,66,1.4
Kalib Starnes,,Strawweight,17,11,1,190.5,187.96,Orthodox,,4.43,48,53,1.46,,25,0.6
Daniel Kelly,,Strawweight,13,4,0,182.88,177.8,Southpaw,,4.64,38,61,1.86,,78,0.3
Melinda Fabian,,Strawweight,4,4,2,167.64,167.64,Orthodox,,4.0,41,62,0.0,,100,0.0
Karl Roberson,,Strawweight,9,6,0,185.42,187.96,Southpaw,,2.42,51,57,0.72,,40,0.5
Laureano Staropoli,,Strawweight,9,5,0,185.42,180.34,Orthodox,,3.73,34,54,0.83,,48,0.0
Aalon Cruz,,Strawweight,8,4,0,182.88,198.12,Switch,,8.88,39,58,0.0,,0,0.0
Umar Nurmagomedov,,Strawweight,18,1,0,172.72,175.26,Orthodox,,2.15,57,60,3.26,,78,0.3
Jeremy Kennedy,,Strawweight,11,1,0,180.34,180.34,Orthodox,,2.58,46,47,5.73,,66,0.0
Ryan Jensen,,Strawweight,21,8,0,185.42,193.04,Orthodox,,2.99,39,59,1.55,,31,1.9
Garrett Armfield,,Strawweight,10,5,0,167.64,177.8,Orthodox,,3.64,53,56,1.1,,64,0.6
Omari Akhmedov,,Strawweight,21,6,1,182.88,185.42,Orthodox,,2.84,34,55,2.58,,65,0.2
Bryan Caraway,,Strawweight,21,9,0,172.72,172.72,Orthodox,,3.61,34,54,2.57,,80,0.8
Danny Chavez,,Strawweight,11,5,1,172.72,170.18,Orthodox,,3.83,38,50,1.95,,87,0.0
Ian McCall,,Strawweight,13,5,1,165.1,162.56,Orthodox,,3.25,39,67,2.08,,88,0.0
Joe Jordan,,Strawweight,49,14,2,167.64,,Orthodox,,4.27,25,59,0.0,,66,0.0
Robelis Despaigne,,Flyweight,5,2,0,200.66,213.36,Orthodox,,2.54,59,46,0.0,,50,0.0
Jodie Esquibel,,Strawweight,6,6,0,154.94,162.56,Orthodox,,7.37,31,52,0.75,,83,0.0
Patrick Williams,,Strawweight,8,6,0,172.72,185.42,Orthodox,,4.12,51,52,2.71,,100,0.5
Kazuki Tokudome,,Strawweight,18,7,1,180.34,185.42,Southpaw,,3.63,41,53,2.0,,78,0.0
Ludovit Klein,,Strawweight,23,5,1,170.18,182.88,Southpaw,,3.34,52,52,1.52,,76,0.0
Grant Dawson,,Strawweight,23,2,1,177.8,182.88,Switch,,2.11,52,44,3.87,,57,1.1
Rafael Cavalcante,,Strawweight,12,7,0,185.42,187.96,Orthodox,,3.62,53,49,0.6,,63,0.1
Juan Espino,,Flyweight,11,2,0,190.5,203.2,Orthodox,,1.95,70,40,8.93,,50,2.4
Wilson Gouveia,,Strawweight,14,8,0,185.42,193.04,Orthodox,,4.06,39,56,0.9,,57,2.2
Pat Healy,,Strawweight,34,23,0,182.88,182.88,Orthodox,,2.57,36,50,3.08,,55,1.1
Claudio Ribeiro,,Strawweight,11,5,0,185.42,195.58,Orthodox,,4.9,51,30,0.56,,66,0.0
Iliarde Santos,,Strawweight,30,13,1,165.1,170.18,Orthodox,,6.1,30,57,1.66,,83,0.0
Anthony Lapsley,,Strawweight,23,7,0,175.26,,Southpaw,,0.58,34,66,0.0,,20,0.0
Ryan McGillivray,,Strawweight,12,0,1,180.34,,,,2.2,20,52,0.0,,44,0.0
Bogdan Guskov,,Strawweight,18,3,0,190.5,193.04,Orthodox,,3.3,55,45,0.0,,57,1.1
Ramazan Temirov,,Strawweight,19,3,0,162.56,160.02,Orthodox,,3.93,40,59,0.84,,100,0.0
Kiefer Crosbie,,Strawweight,10,6,0,180.34,177.8,Switch,,5.8,64,46,0.0,,40,0.0
Josh Culibao,,Strawweight,11,4,1,177.8,185.42,Orthodox,,3.04,44,59,0.0,,65,0.3
Royce Gracie,,Strawweight,15,2,3,185.42,,Southpaw,,1.13,41,37,0.0,,66,0.8
Montel Jackson,,Strawweight,15,2,0,177.8,190.5,Southpaw,,1.39,53,62,3.24,,68,0.4
Victor Rodriguez,,Strawweight,7,4,0,165.1,170.18,Switch,,6.11,37,50,0.0,,0,0.0
Jay Silva,,Strawweight,10,11,1,187.96,,Southpaw,,3.07,34,40,0.0,,38,1.0
Marcos Rogerio de Lima,,Strawweight,22,10,1,185.42,190.5,Orthodox,,2.9,57,51,1.4,,59,0.5
Kevin Holland,,Strawweight,28,14,0,190.5,205.74,Orthodox,,3.22,50,50,0.82,,55,0.6
Vinc Pichel,,Strawweight,14,5,0,177.8,182.88,Orthodox,,3.17,46,54,2.5,,31,0.2
Darrell Horcher,,Strawweight,13,4,0,177.8,177.8,Southpaw,,4.21,44,39,0.35,,47,0.7
Ed Herman,,Strawweight,27,16,0,185.42,195.58,Orthodox,,3.71,48,42,1.96,,59,1.0
Steve Jennum,,Strawweight,2,3,0,177.8,,Orthodox,,0.0,0,0,0.0,,0,0.0
Serghei Spivac,,Flyweight,17,6,0,190.5,198.12,Orthodox,,4.25,48,50,4.21,,63,0.5
Torrez Finney,,Strawweight,11,0,0,172.72,190.5,Orthodox,,1.74,68,48,9.31,,0,1.1
Cody Haddon,,Strawweight,8,1,0,170.18,175.26,Orthodox,,3.47,51,64,2.48,,83,0.8
Ricardo Romero,,Strawweight,11,3,0,182.88,193.04,Orthodox,,4.77,55,46,1.63,,100,3.3
Marcin Tybura,,Strawweight,27,10,0,190.5,198.12,Orthodox,,3.33,48,55,1.38,,75,0.1
Rafaello Oliveira,,Strawweight,17,8,0,172.72,180.34,Orthodox,,3.38,33,59,2.49,,11,1.6
Thiago Tavares,,Strawweight,21,7,1,170.18,177.8,Orthodox,,2.31,40,62,3.83,,62,1.5
Mizuto Hirota,,Strawweight,18,10,2,170.18,170.18,Orthodox,,3.5,40,54,1.36,,58,0.1
Trey Waters,,Strawweight,9,2,0,195.58,195.58,Orthodox,,5.83,44,55,0.4,,85,0.8
Mike King,,Strawweight,5,1,0,190.5,,,,1.29,58,72,1.75,,40,3.5
Seth Baczynski,,Strawweight,20,14,0,190.5,190.5,Orthodox,,3.14,31,51,0.89,,48,0.8
Roberto Romero,,Strawweight,8,5,1,172.72,177.8,Orthodox,,6.44,49,44,0.0,,71,0.0
Tereza Bleda,,Strawweight,7,1,0,175.26,180.34,Orthodox,,1.86,53,46,1.81,,83,0.7
David Zawada,,Strawweight,17,7,0,182.88,190.5,Orthodox,,4.54,41,55,0.97,,57,1.7
Carlton Minus,,Strawweight,10,3,0,177.8,190.5,Orthodox,,4.97,40,50,0.0,,58,0.0
David Martinez,,Strawweight,12,1,0,165.1,170.18,Orthodox,,2.7,52,67,0.0,,100,0.0
Viktor Pesta,,Strawweight,10,4,0,190.5,195.58,Orthodox,,2.54,36,56,3.29,,100,0.0
Antonio Banuelos,,Strawweight,20,11,1,165.1,160.02,Orthodox,,3.15,33,58,1.62,,86,0.4
Nick Maximov,,Strawweight,8,2,0,182.88,193.04,Southpaw,,2.64,45,46,4.16,,35,0.2
John Lewis,,Strawweight,3,4,3,182.88,,Southpaw,,4.0,0,66,0.0,,0,0.0
Ihor Potieria,,Strawweight,20,8,0,190.5,190.5,Southpaw,,4.96,50,50,0.73,,66,0.0
Shannon Gugerty,,Strawweight,15,7,0,177.8,180.34,Orthodox,,1.88,39,58,2.13,,50,3.4
Azamat Murzakanov,,Strawweight,15,0,0,177.8,180.34,Southpaw,,2.86,57,61,0.58,,83,0.0
Eduarda Moura,,Strawweight,12,1,0,167.64,170.18,Orthodox,,2.47,37,61,3.73,,80,0.3
Marcio Cruz,,Strawweight,8,3,0,193.04,,Orthodox,,1.51,46,68,0.53,,37,1.6
Dennis Hallman,,Strawweight,53,20,2,175.26,182.88,Orthodox,,1.96,44,43,1.79,,25,2.1
Scott Morris,,Strawweight,2,1,0,177.8,,Orthodox,,0.0,0,0,0.0,,0,0.0
Lerone Murphy,,Strawweight,17,0,1,175.26,185.42,Orthodox,,2.51,53,61,1.41,,51,0.5
Ravena Oliveira,,Strawweight,7,2,1,165.1,165.1,Orthodox,,1.2,48,48,2.0,,62,0.0
Jamey-Lyn Horth,,Strawweight,8,2,0,170.18,167.64,Orthodox,,2.55,54,62,1.2,,76,0.2
Mike de la Torre,,Strawweight,14,7,0,180.34,180.34,Orthodox,,4.75,39,51,0.36,,83,0.0
Muslim Salikhov,,Strawweight,22,5,0,180.34,177.8,Orthodox,,2.92,49,62,1.08,,72,0.0
Adam Wieczorek,,Strawweight,10,2,0,195.58,205.74,Orthodox,,1.87,38,48,0.41,,58,0.4
Andre Ewell,,Strawweight,17,9,0,172.72,190.5,Southpaw,,4.87,40,51,0.36,,72,0.1
Kimo Leopoldo,,Strawweight,10,7,1,190.5,,Orthodox,,2.12,83,30,4.55,,0,2.3
Gabe Green,,Strawweight,12,5,0,177.8,185.42,Switch,,6.19,45,47,0.71,,50,0.5
Piera Rodriguez,,Strawweight,11,2,0,160.02,160.02,Orthodox,,2.81,47,55,4.53,,73,0.0
Richard Crunkilton,,Strawweight,19,4,0,170.18,,Orthodox,,1.45,41,58,4.08,,65,1.3
Roosevelt Roberts,,Strawweight,12,6,0,187.96,185.42,Orthodox,,3.1,43,52,1.18,,50,0.7
Devonte Smith,,Strawweight,11,4,0,175.26,193.04,Orthodox,,3.91,53,49,0.35,,85,0.3
Bruno Silva,,Strawweight,23,13,0,182.88,187.96,Orthodox,,5.35,48,41,0.77,,74,0.0
Tofiq Musayev,,Strawweight,22,6,0,175.26,175.26,Orthodox,,0.44,33,71,0.0,,40,0.0
Yair Rodriguez,,Strawweight,21,6,0,180.34,180.34,Orthodox,,3.78,46,52,0.71,,59,0.6
Gillian Robertson,,Strawweight,16,8,0,165.1,160.02,Orthodox,,2.86,48,56,2.74,,41,0.9
Rob MacDonald,,Strawweight,5,4,0,190.5,198.12,Orthodox,,2.04,50,46,7.19,,80,5.4
Luigi Fioravanti,,Strawweight,26,15,0,172.72,177.8,Orthodox,,2.21,42,69,3.76,,67,0.9
Chris Daukaus,,Strawweight,12,7,0,190.5,193.04,Orthodox,,4.64,50,55,0.0,,100,0.0
Eddie Wineland,,Strawweight,24,16,1,170.18,175.26,Orthodox,,3.76,29,68,0.34,,86,0.1
Tom Watson,,Strawweight,17,9,0,185.42,185.42,Orthodox,,4.41,44,50,0.15,,43,0.0
Gasan Umalatov,,Strawweight,17,4,2,180.34,180.34,Orthodox,,4.1,39,59,0.75,,90,0.0
Arnold Allen,,Strawweight,20,3,0,172.72,177.8,Southpaw,,2.88,41,61,0.93,,75,0.3
SeungGuk Choi,,Strawweight,7,3,0,167.64,162.56,Orthodox,,2.69,42,65,1.02,,74,0.0
Rainy Martinez,,Strawweight,0,2,0,182.88,,Orthodox,,0.0,0,0,0.0,,0,0.0
Francesco Maturi,,,0,1,0,,,,,0.0,0,0,0.0,,0,0.0
Mike Russow,,Flyweight,15,3,0,185.42,185.42,Orthodox,,2.9,47,59,4.66,,0,0.7
Wagner Campos,,Strawweight,12,10,0,167.64,,Southpaw,,2.53,41,51,2.71,,0,0.0
Dominique Steele,,Strawweight,14,9,0,177.8,187.96,Orthodox,,2.42,49,50,2.95,,76,0.0
Shane Roller,,Strawweight,11,7,0,177.8,182.88,Orthodox,,2.65,34,60,2.46,,42,1.9
Brendan Loughnane,,Strawweight,17,3,0,177.8,177.8,Switch,,6.7,63,53,1.5,,92,0.0
Jon Tuck,,Strawweight,10,5,0,180.34,185.42,Orthodox,,3.74,40,60,0.42,,50,1.0
Mike Malott,,Strawweight,12,2,1,185.42,185.42,Orthodox,,2.96,47,54,2.08,,16,0.7
Oliver Enkamp,,Strawweight,7,2,0,182.88,195.58,Switch,,3.55,36,37,0.87,,0,0.0
John Halverson,,Strawweight,16,8,0,175.26,,Southpaw,,5.29,43,47,0.0,,66,2.0
Johnny Rees,,Strawweight,13,5,0,182.88,,Orthodox,,0.84,64,47,1.15,,50,0.0
Justin Willis,,Flyweight,8,2,0,185.42,198.12,Southpaw,,2.57,59,57,0.96,,36,0.0
Mike Brown,,Strawweight,26,9,0,167.64,177.8,Orthodox,,2.45,44,60,3.23,,66,0.6
King Green,,Strawweight,32,17,1,177.8,180.34,Orthodox,,3.72,52,62,1.22,,74,0.3
James McSweeney,,Strawweight,15,15,0,193.04,195.58,Switch,,4.33,55,42,0.52,,100,1.1
Jeremy Kimball,,Strawweight,15,8,0,182.88,182.88,Switch,,3.84,46,49,1.41,,50,0.0
Guido Cannetti,,Strawweight,10,8,0,167.64,172.72,Southpaw,,2.84,55,51,2.27,,64,0.4
Ricky Glenn,,Strawweight,22,9,2,182.88,177.8,Southpaw,,4.3,42,51,0.72,,69,0.4
Glaico Franca Moreira,,Strawweight,15,5,0,182.88,195.58,Orthodox,,3.46,42,47,2.68,,76,0.3
Marcus Davis,,Strawweight,22,11,0,177.8,177.8,Southpaw,,2.79,39,65,1.6,,47,1.4
Donald Cerrone,,Strawweight,36,17,0,185.42,185.42,Orthodox,,4.48,46,53,1.16,,73,1.2
Alexander Volkanovski,,Strawweight,27,4,0,167.64,180.34,Orthodox,,3.36,56,58,1.67,,70,0.2
David Michaud,,Strawweight,11,3,0,175.26,,Orthodox,,4.45,43,54,2.53,,77,0.7
Michael Chiesa,,Strawweight,19,7,0,185.42,190.5,Southpaw,,1.73,40,57,3.05,,67,1.0
Pat Schilling,,Strawweight,5,2,0,172.72,,Orthodox,,8.24,26,52,0.0,,0,0.0
Carls John De Tomas,,Strawweight,6,2,0,165.1,180.34,Southpaw,,3.93,37,44,1.37,,66,0.0
Quillan Salkilld,,Strawweight,9,1,0,182.88,190.5,Orthodox,,3.46,59,45,8.41,,100,0.5
Konstantin Erokhin,,Strawweight,9,3,0,180.34,,Orthodox,,1.83,36,47,0.0,,70,0.0
Jianping Yang,,Strawweight,11,4,1,170.18,,Orthodox,,2.07,26,65,1.0,,33,0.0
Bernardo Magalhaes,,Strawweight,13,4,0,175.26,,Orthodox,,3.37,27,68,0.0,,0,0.5
Townsend Saunders,,Strawweight,0,2,0,165.1,,Orthodox,,0.0,0,0,0.0,,0,0.0
Jocelyn Jones-Lybarger,,Strawweight,6,4,0,170.18,162.56,Orthodox,,4.83,31,56,0.34,,81,0.0
Josh Bryant,,Strawweight,15,4,0,177.8,,Orthodox,,6.1,20,43,0.0,,0,0.0
Joseph Holmes,,Strawweight,8,4,0,193.04,203.2,Orthodox,,3.08,53,54,1.49,,50,0.8
Junior Tafa,,Strawweight,6,4,0,190.5,190.5,Orthodox,,2.49,51,51,0.0,,69,0.0
Alexis Davis,,Strawweight,21,11,0,167.64,172.72,Orthodox,,4.45,49,54,0.95,,34,0.7
Carlos Eduardo Rocha,,Strawweight,9,4,0,177.8,185.42,Orthodox,,1.85,34,55,0.0,,52,1.4
Kyler Phillips,,Strawweight,12,4,0,172.72,182.88,Orthodox,,3.83,42,60,2.31,,75,0.4
Nate Schroeder,,Strawweight,11,10,0,185.42,,,,0.0,0,0,0.0,,0,0.0
Darrick Minner,,Strawweight,26,14,0,170.18,175.26,Orthodox,,2.28,65,35,2.4,,66,2.7
Marvin Vettori,,Strawweight,19,9,1,182.88,187.96,Southpaw,,4.52,45,56,1.43,,65,0.4
Felipe dos Santos,,Strawweight,8,3,0,170.18,177.8,Orthodox,,3.8,39,41,0.0,,20,0.5
Paul Sass,,Strawweight,14,2,0,182.88,185.42,Orthodox,,1.9,26,51,0.53,,33,7.4
Irene Aldana,,Strawweight,15,8,0,175.26,172.72,Orthodox,,6.64,39,56,0.15,,77,0.2
Alex Soto,,Strawweight,8,3,1,172.72,,Southpaw,,5.02,25,59,2.82,,0,0.0
Tyler Toner,,Strawweight,15,7,0,172.72,177.8,Orthodox,,2.13,52,62,0.0,,54,0.4
Cortney Casey,,Strawweight,10,10,0,170.18,170.18,Orthodox,,4.0,39,55,0.39,,39,0.5
Josh Quinlan,,Strawweight,6,3,0,182.88,182.88,Orthodox,,6.38,42,53,0.34,,71,0.0
Russell Doane,,Strawweight,15,8,0,170.18,177.8,Orthodox,,1.68,40,53,2.11,,52,0.8
Henrique da Silva,,Strawweight,14,5,0,190.5,193.04,Orthodox,,5.28,60,40,0.25,,22,0.2
Josiane Nunes,,Strawweight,10,4,0,157.48,170.18,Southpaw,,5.76,43,51,0.0,,58,0.0
Lee Murray,,Strawweight,8,2,1,190.5,,Orthodox,,3.28,15,32,0.9,,42,1.8
Mike Rodriguez,,Strawweight,11,7,0,193.04,208.28,Southpaw,,4.24,53,41,0.0,,37,0.0
Kazula Vargas,,Strawweight,12,5,0,172.72,180.34,Southpaw,,1.77,53,57,0.4,,30,0.4
Cale Yarbrough,,Strawweight,8,3,0,185.42,,Orthodox,,10.0,27,72,0.0,,0,0.0
Mark Kerr,,Flyweight,15,11,0,190.5,,Switch,,0.89,41,28,2.92,,0,0.4
Askar Askarov,,Strawweight,14,1,1,167.64,170.18,Orthodox,,2.8,54,57,2.6,,66,0.4
Don Madge,,Strawweight,9,3,1,182.88,182.88,Southpaw,,0.74,52,67,2.22,,80,0.7
Ryan LaFlare,,Strawweight,14,3,0,185.42,187.96,Southpaw,,1.86,40,63,2.13,,58,0.2
Todd Medina,,Strawweight,11,9,0,177.8,,Southpaw,,0.0,0,0,0.0,,0,0.0
Christian Leroy Duncan,,Strawweight,12,2,0,187.96,200.66,Switch,,2.94,59,51,0.22,,71,0.0
Jack Shore,,Strawweight,17,3,0,172.72,180.34,Orthodox,,2.31,58,56,3.22,,74,0.6
Sam Patterson,,Strawweight,14,2,1,190.5,198.12,Orthodox,,3.93,43,49,1.39,,33,2.8
Mauricio Ruffy,,Strawweight,12,2,0,180.34,190.5,Orthodox,,4.16,57,60,0.0,,84,0.0
Mikey Burnett,,Strawweight,5,2,0,167.64,,Orthodox,,0.0,0,0,0.0,,0,0.0
Yuki Sasaki,,Strawweight,25,22,2,187.96,,Orthodox,,1.2,43,57,0.43,,66,0.0
Phil Rowe,,Strawweight,11,5,0,190.5,203.2,Orthodox,,4.38,49,53,0.6,,56,0.3
Oli Thompson,,Strawweight,17,10,0,185.42,190.5,Orthodox,,5.31,46,46,0.0,,50,0.5
James Irvin,,Strawweight,17,10,0,187.96,190.5,Orthodox,,3.86,48,35,0.0,,36,0.5
Cody Pfister,,Strawweight,13,6,1,177.8,185.42,Orthodox,,2.8,25,51,2.82,,0,0.0
Kevin Randleman,,Strawweight,17,16,0,177.8,,Orthodox,,1.12,54,57,2.0,,30,0.8
Zhang Mingyang,,Strawweight,19,7,0,187.96,190.5,Orthodox,,5.33,60,43,0.0,,75,0.0
Chad Laprise,,Strawweight,13,4,0,177.8,180.34,Orthodox,,3.59,42,65,1.05,,78,0.0
Jon Fitch,,Strawweight,30,7,1,182.88,187.96,Orthodox,,1.65,50,54,3.6,,56,0.8
Rogerio Bontorin,,Strawweight,16,4,0,165.1,170.18,Orthodox,,3.27,52,50,2.9,,51,1.0
Shamil Gaziev,,Flyweight,14,1,0,193.04,198.12,Orthodox,,3.87,48,44,0.96,,83,0.3
Charles Rosa,,Strawweight,14,8,0,175.26,175.26,Switch,,3.86,36,47,1.67,,38,1.0
Semmy Schilt,,Flyweight,26,14,1,208.28,,Orthodox,,1.31,50,53,0.0,,47,1.1
Travis Wiuff,,Strawweight,75,21,0,190.5,,Orthodox,,4.03,30,41,4.84,,44,1.2
Satoshi Honma,,Strawweight,4,6,3,185.42,,Orthodox,,0.0,0,0,0.0,,0,0.0
Josh Neer,,Strawweight,36,16,1,180.34,182.88,Orthodox,,3.63,46,58,1.09,,46,1.3
Omar Morales,,Strawweight,11,4,0,180.34,185.42,Orthodox,,3.18,40,58,0.46,,63,0.0
James Krause,,Strawweight,28,9,0,187.96,185.42,Orthodox,,4.11,49,61,0.96,,59,0.9
Matthew Semelsberger,,Strawweight,11,8,0,185.42,190.5,Switch,,4.24,42,54,1.01,,45,0.4
Besam Yousef,,Strawweight,7,4,0,180.34,,Orthodox,,3.98,53,38,1.33,,50,0.0
Koji Kitao,,Welterweight,1,2,0,200.66,,Southpaw,,0.0,0,0,0.0,,0,0.0
Ross Pearson,,Strawweight,20,16,0,172.72,175.26,Orthodox,,4.09,40,62,0.74,,75,0.0
Clint Hester,,Strawweight,11,6,0,187.96,195.58,Orthodox,,3.44,42,56,1.02,,60,0.0
Austin Vanderford,,Strawweight,13,2,0,180.34,187.96,Orthodox,,2.66,63,51,1.77,,100,1.8
Ilia Topuria,,Strawweight,17,0,0,170.18,175.26,Orthodox,,3.83,48,64,1.96,,93,1.1
Juliana Miller,,Strawweight,5,3,0,170.18,167.64,Orthodox,,3.78,44,36,2.2,,44,1.3
Jack May,,Flyweight,9,3,0,203.2,,Switch,,3.29,38,33,0.91,,20,0.0
Rodrigo Ruas,,Strawweight,4,5,1,177.8,,Orthodox,,7.0,35,41,0.0,,0,0.0
Brad Morris,,Strawweight,10,6,0,187.96,,Orthodox,,6.95,62,27,0.0,,0,0.0
Ricardo Lamas,,Strawweight,20,8,0,172.72,180.34,Orthodox,,2.87,47,57,1.84,,46,0.9
Ivan Menjivar,,Strawweight,25,12,0,167.64,162.56,Orthodox,,2.76,37,65,0.56,,38,1.0
Marco Tulio,,Strawweight,14,1,0,182.88,187.96,Orthodox,,2.53,60,61,0.88,,0,0.4
Diyar Nurgozhay,,Strawweight,10,2,0,187.96,187.96,Southpaw,,2.99,50,61,2.54,,100,0.0
Robbie Lawler,,Strawweight,30,16,0,180.34,187.96,Southpaw,,4.67,47,59,0.65,,65,0.0
Shamil Abdurakhimov,,Strawweight,20,8,0,190.5,193.04,Orthodox,,3.02,44,55,1.01,,45,0.1
George Roop,,Strawweight,15,13,1,185.42,182.88,Orthodox,,2.47,34,60,1.05,,59,0.1
Paul Herrera,,Strawweight,1,1,0,177.8,,Orthodox,,0.0,0,0,0.0,,0,0.0
Leigh Remedios,,Strawweight,18,10,2,170.18,,Orthodox,,1.36,41,68,0.0,,33,0.0
Brad Riddell,,Strawweight,10,4,0,170.18,180.34,Orthodox,,3.53,53,53,1.77,,63,0.0
Marcelo Golm,,Strawweight,6,3,0,190.5,190.5,Orthodox,,4.3,58,45,0.45,,87,0.5
Alessio Sakara,,Strawweight,19,11,0,182.88,182.88,Orthodox,,2.8,47,59,2.18,,62,0.0
Keith Berish,,Strawweight,5,1,0,182.88,,Orthodox,,4.81,36,62,1.76,,0,0.0
Benji Radach,,Strawweight,21,7,0,177.8,,Orthodox,,2.31,49,51,1.06,,71,0.4
Dan Miller,,Strawweight,14,8,0,185.42,187.96,Orthodox,,3.06,36,49,1.67,,47,1.8
Jesus Aguilar,,Strawweight,11,3,0,162.56,157.48,Orthodox,,1.1,45,59,1.83,,40,1.8
Jeff Curran,,Strawweight,36,18,1,167.64,175.26,Orthodox,,2.48,31,60,0.35,,35,1.2
Justin Eilers,,Strawweight,19,7,1,185.42,,Orthodox,,5.66,43,49,0.82,,50,0.0
Shonie Carter,,Strawweight,51,31,7,177.8,,Southpaw,,2.32,36,47,0.75,,75,0.0
Ivan Serati,,Strawweight,12,4,0,182.88,,Orthodox,,5.33,26,29,0.0,,0,0.0
Falaniko Vitale,,Strawweight,30,11,0,177.8,,Orthodox,,3.68,49,47,0.72,,86,0.0
Joanna Jedrzejczyk,,Strawweight,16,5,0,167.64,165.1,Orthodox,,3.25,48,62,0.27,,80,0.1
Anton Kuivanen,,Strawweight,24,10,0,172.72,182.88,Orthodox,,1.63,38,67,1.2,,71,0.4
Tyron Woodley,,Strawweight,19,7,1,175.26,187.96,Orthodox,,2.76,48,54,1.06,,87,0.4
Chris Barnett,,Flyweight,23,9,0,175.26,190.5,Orthodox,,6.53,47,39,0.0,,33,0.0
Matt Arroyo,,Strawweight,3,3,0,177.8,182.88,Orthodox,,2.01,47,58,2.12,,100,5.3
Urijah Faber,,Strawweight,35,11,0,167.64,170.18,Orthodox,,2.59,40,64,1.54,,58,0.8
Tatsuro Taira,,Strawweight,17,1,0,170.18,177.8,Orthodox,,2.54,60,47,3.21,,45,1.7
Carlos Barreto,,Strawweight,14,9,0,193.04,,Orthodox,,0.0,0,0,0.0,,0,0.0
Andreas Michailidis,,Strawweight,13,6,0,182.88,193.04,Orthodox,,3.57,51,44,1.12,,50,0.0
Gokhan Saki,,Strawweight,1,2,0,182.88,185.42,Orthodox,,4.57,58,53,0.0,,100,0.0
Jessica Andrade,,Strawweight,26,15,0,154.94,157.48,Orthodox,,5.58,48,54,2.1,,75,0.3
Peggy Morgan,,Strawweight,4,4,0,185.42,,,,8.2,23,33,0.0,,50,0.0
Shane Nelson,,Strawweight,16,7,0,175.26,177.8,Southpaw,,2.84,31,61,1.31,,54,1.6
Ramiz Brahimaj,,Strawweight,12,5,0,177.8,182.88,Orthodox,,3.81,45,43,1.99,,47,1.7
Jason Miller,,Strawweight,23,10,0,185.42,,Orthodox,,2.3,43,49,1.31,,43,1.3
Diego Rivas,,Strawweight,10,2,0,172.72,175.26,Orthodox,,2.14,40,52,1.79,,64,0.9
Anton Turkalj,,Strawweight,8,4,0,193.04,198.12,Orthodox,,3.42,42,54,4.98,,16,0.0
Andy Wang,,Strawweight,7,8,1,167.64,,Orthodox,,10.29,36,62,0.0,,0,0.0
Phil Johns,,Strawweight,30,14,1,157.48,,Southpaw,,1.8,66,50,0.0,,50,0.0
Jessica Eye,,Strawweight,15,11,0,167.64,167.64,Orthodox,,4.19,37,55,0.58,,57,0.5
Brady Hiestand,,Strawweight,9,2,0,172.72,180.34,Orthodox,,3.75,50,51,4.8,,42,1.1
Igor Severino,,Strawweight,8,1,0,170.18,175.26,Orthodox,,4.33,52,47,9.69,,50,0.0
Kron Gracie,,Strawweight,5,3,0,175.26,177.8,Southpaw,,5.73,42,51,0.35,,0,0.7
Melquizael Costa,,Strawweight,24,7,0,177.8,180.34,Southpaw,,3.09,49,54,1.96,,58,1.2
Michinori Tanaka,,Strawweight,11,3,0,165.1,170.18,Orthodox,,1.99,37,50,2.4,,43,0.2
Asu Almabayev,,Strawweight,22,3,0,162.56,165.1,Orthodox,,1.75,54,52,4.66,,50,1.5
Matt Veach,,Strawweight,17,5,0,180.34,,Orthodox,,4.91,28,44,3.64,,100,1.5
Diego Ferreira,,Strawweight,19,6,0,175.26,187.96,Orthodox,,3.46,40,55,0.86,,57,0.6
Amanda Lemos,,Strawweight,15,4,1,162.56,165.1,Southpaw,,3.46,54,44,1.14,,59,0.7
Desmond Green,,Strawweight,23,8,0,177.8,185.42,Southpaw,,2.51,46,69,1.62,,75,0.0
Leonardo Mafra,,Strawweight,13,4,0,177.8,177.8,Orthodox,,4.38,48,43,2.12,,69,0.4
Mallory Martin,,Strawweight,7,5,0,162.56,160.02,Orthodox,,6.64,48,55,2.28,,25,0.3
Chris Cope,,Strawweight,8,4,0,182.88,182.88,Orthodox,,4.82,26,50,0.0,,80,0.0
Samy Schiavo,,Strawweight,10,6,0,172.72,,Orthodox,,2.62,34,38,0.94,,66,0.9
Rick Story,,Strawweight,19,9,0,175.26,180.34,Southpaw,,2.17,41,62,2.53,,63,0.9
David Levicki,,Flyweight,1,3,0,195.58,,,,0.0,0,0,0.0,,0,0.0
Trevor Peek,,Strawweight,9,3,0,175.26,177.8,Switch,,3.88,53,43,1.45,,52,0.0
Alice Ardelean,,Strawweight,10,7,0,160.02,157.48,Orthodox,,5.04,44,57,1.0,,87,0.0
Jack Nilson,,,2,6,0,,,,,0.0,0,0,0.0,,0,0.0
Scott Junk,,Flyweight,8,3,1,185.42,,Orthodox,,1.81,60,45,0.0,,0,0.0
Parker Porter,,Flyweight,14,9,0,182.88,190.5,Orthodox,,6.32,50,51,1.35,,66,0.5
Ansar Chalangov,,Strawweight,14,5,0,175.26,,Orthodox,,1.69,66,54,0.0,,0,7.6
Chase Gormley,,Flyweight,14,6,0,190.5,,Orthodox,,6.03,42,44,3.12,,0,1.0
Steve Bruno,,Strawweight,15,6,0,177.8,,Orthodox,,3.38,52,36,1.94,,46,0.4
Khusein Askhabov,,Strawweight,23,1,0,172.72,175.26,Orthodox,,4.13,26,56,0.0,,66,0.0
Mike Whitehead,,Strawweight,27,8,0,185.42,,Orthodox,,2.36,33,59,3.59,,77,0.3
Rich Franklin,,Strawweight,29,7,0,185.42,193.04,Southpaw,,2.07,44,62,1.31,,63,0.7
Tom Blackledge,,Strawweight,10,7,0,,,Orthodox,,2.55,61,46,0.0,,75,0.0
Mike Stumpf,,Strawweight,11,4,0,177.8,,,,8.85,43,47,1.59,,33,0.8
Piotr Hallmann,,Strawweight,18,6,0,175.26,180.34,Orthodox,,3.17,45,58,2.55,,70,0.4
Zarrukh Adashev,,Strawweight,4,4,0,165.1,165.1,Southpaw,,3.04,40,64,0.0,,100,0.5
Paige VanZant,,Strawweight,8,5,0,162.56,165.1,Orthodox,,2.62,52,42,1.27,,34,1.0
Bristol Marunde,,Strawweight,16,10,0,185.42,190.5,Orthodox,,4.4,21,47,1.6,,14,0.0
Jason Gonzalez,,Strawweight,11,5,0,187.96,187.96,Southpaw,,3.13,39,58,0.0,,30,1.0
Martin Kampmann,,Strawweight,20,7,0,182.88,182.88,Orthodox,,3.28,42,62,1.86,,78,2.0
Alex Garcia,,Strawweight,15,6,0,175.26,182.88,Orthodox,,3.03,31,59,3.72,,66,0.1
Elise Reed,,Strawweight,8,5,0,160.02,160.02,Orthodox,,3.26,53,51,0.46,,53,0.0
Morgan Charriere,,Strawweight,21,11,1,172.72,175.26,Orthodox,,4.54,50,53,2.11,,83,0.3
Talita Alencar,,Strawweight,6,1,1,154.94,147.32,Orthodox,,3.77,33,53,2.5,,50,0.2
Kelly Dullanty,,Strawweight,4,2,0,172.72,,Orthodox,,0.67,0,75,0.0,,66,0.0
Steve Garcia,,Strawweight,18,5,0,182.88,190.5,Southpaw,,2.2,48,57,0.9,,88,0.5
Lyman Good,,Strawweight,21,6,0,182.88,187.96,Orthodox,,4.01,48,63,0.27,,75,0.0
Makhmud Muradov,,Strawweight,26,8,0,187.96,190.5,Orthodox,,2.57,43,61,3.03,,77,0.2
Sean Spencer,,Strawweight,12,6,0,177.8,187.96,Orthodox,,4.02,32,60,0.14,,68,0.0
Vince Morales,,Strawweight,16,10,0,170.18,177.8,Orthodox,,4.0,37,53,0.59,,58,0.5
Mike Nickels,,Strawweight,9,5,0,193.04,,Orthodox,,1.11,52,64,11.11,,0,2.8
Nurullo Aliev,,Strawweight,10,0,0,177.8,182.88,Orthodox,,1.07,45,58,2.6,,0,0.0
Kody Steele,,Strawweight,7,1,0,175.26,180.34,Orthodox,,7.17,32,52,0.62,,100,0.0
Jim Mullen,,Strawweight,0,2,0,185.42,,Southpaw,,0.0,0,0,0.0,,0,0.0
Brad Katona,,Strawweight,16,5,0,167.64,162.56,Orthodox,,4.75,52,50,1.86,,61,0.0
Sako Chivitchian,,Strawweight,8,1,0,180.34,,Orthodox,,4.8,27,46,0.0,,100,0.0
Dan Lauzon,,Strawweight,17,6,0,177.8,,Orthodox,,4.09,25,61,1.63,,80,2.7
Ryan Janes,,Strawweight,10,3,0,190.5,193.04,Orthodox,,5.53,48,59,0.35,,58,0.0
Karolina Kowalkiewicz,,Strawweight,16,9,0,160.02,162.56,Orthodox,,5.51,43,57,0.31,,74,0.2
Ken Shamrock,,Strawweight,28,17,2,185.42,182.88,Orthodox,,4.3,46,39,0.94,,44,2.5
David Kaplan,,Strawweight,3,4,0,170.18,,Orthodox,,4.32,46,67,4.88,,0,0.7
Taiyilake Nueraji,,Strawweight,12,1,0,187.96,190.5,Southpaw,,5.01,53,58,1.47,,100,0.0
Orlando Wiet,,Strawweight,1,5,0,177.8,,Southpaw,,0.0,0,0,0.0,,0,0.0
Pat Sabatini,,Strawweight,20,5,0,172.72,177.8,Orthodox,,1.22,62,49,3.98,,50,1.8
Patchy Mix,,Strawweight,20,2,0,180.34,177.8,Southpaw,,11.53,40,42,0.0,,0,0.0
Josefine Knutsson,,Strawweight,8,1,0,160.02,152.4,Orthodox,,2.13,51,54,1.6,,35,0.0
Jordan Griffin,,Strawweight,18,9,0,177.8,185.42,Southpaw,,3.02,46,50,1.45,,42,1.9
Nicholas Musoke,,Strawweight,13,5,0,182.88,190.5,Orthodox,,3.8,35,57,1.16,,82,0.2
Siyar Bahadurzada,,Strawweight,24,8,1,180.34,185.42,Orthodox,,3.23,40,49,1.32,,62,0.3
Abubakar Nurmagomedov,,Strawweight,17,4,1,180.34,182.88,Orthodox,,2.61,53,65,1.25,,88,0.0
Frankie Edgar,,Strawweight,23,11,1,167.64,172.72,Orthodox,,2.82,40,65,2.29,,65,0.3
Cameron VanCamp,,Strawweight,15,7,1,187.96,187.96,Switch,,6.41,47,40,0.0,,0,0.0
Adrian Serrano,,Strawweight,56,29,4,172.72,,,,0.0,0,0,0.0,,0,0.0
Alexander Hernandez,,Strawweight,17,8,0,175.26,182.88,Orthodox,,4.6,40,58,1.2,,73,0.1
Chas Skelly,,Strawweight,19,3,0,180.34,182.88,Orthodox,,3.21,40,49,1.74,,39,2.3
Gabriel Gonzaga,,Strawweight,17,11,0,187.96,193.04,Orthodox,,2.94,45,57,2.8,,66,1.1
Nazim Sadykhov,,Strawweight,11,1,1,177.8,175.26,Southpaw,,5.89,50,50,1.29,,75,0.3
Hakeem Dawodu,,Strawweight,13,4,1,172.72,185.42,Orthodox,,3.37,50,56,0.0,,65,0.0
Stevie Ray,,Strawweight,23,9,0,177.8,177.8,Southpaw,,2.93,44,54,0.75,,55,0.6
Priscila Cachoeira,,Strawweight,13,7,0,170.18,165.1,Orthodox,,7.23,44,43,0.15,,67,0.0
Yorgan De Castro,,Strawweight,6,3,0,182.88,187.96,Orthodox,,3.85,43,53,0.0,,77,0.0
Brian Bowles,,Strawweight,10,3,0,170.18,177.8,Orthodox,,2.98,26,64,1.39,,54,1.4
Elizeu Zaleski dos Santos,,Strawweight,25,10,1,180.34,185.42,Orthodox,,3.56,41,55,0.79,,67,0.4
Tim Kennedy,,Strawweight,18,6,0,180.34,187.96,Orthodox,,1.84,47,62,2.58,,70,0.7
Andre Soukhamthath,,Strawweight,13,8,0,175.26,177.8,Orthodox,,4.31,44,49,1.25,,58,0.2
Mike Santiago,,Strawweight,19,12,0,177.8,175.26,Orthodox,,3.58,49,36,2.66,,53,1.1
James Vick,,Strawweight,13,5,0,190.5,193.04,Orthodox,,3.31,39,60,0.26,,57,0.7
Steven Graham,,Bantamweight,2,1,0,185.42,,Orthodox,,0.0,0,0,0.0,,0,0.0
Kai Asakura,,Strawweight,21,6,0,172.72,175.26,Orthodox,,3.53,32,52,0.0,,50,0.0
Anton Zafir,,Strawweight,7,3,0,180.34,,Orthodox,,2.31,64,52,6.11,,0,0.0
Tony Halme,,Featherweight,0,4,0,190.5,,Orthodox,,0.0,0,0,0.0,,0,0.0
Fernie Garcia,,Strawweight,10,5,0,170.18,170.18,Orthodox,,3.79,34,48,0.28,,50,0.6
Iuri Alcantara,,Strawweight,35,10,0,175.26,180.34,Southpaw,,2.79,45,49,1.44,,60,0.8
Antonio Carlos Junior,,Strawweight,11,5,0,187.96,200.66,Orthodox,,2.14,42,52,3.42,,53,0.8
Takeya Mizugaki,,Strawweight,21,11,2,170.18,175.26,Orthodox,,3.27,37,57,1.46,,70,0.1
Steve Montgomery,,Strawweight,9,5,0,193.04,,Southpaw,,4.12,39,47,0.0,,64,0.0
Josh Haynes,,Strawweight,14,11,0,175.26,,Orthodox,,4.03,22,52,0.94,,42,0.0
Edimilson Souza,,Strawweight,15,5,0,182.88,187.96,Orthodox,,2.91,44,58,0.0,,50,0.0
Travis Browne,,Flyweight,18,7,1,198.12,200.66,Orthodox,,4.31,41,42,1.21,,75,0.2
Kevin Jordan,,Strawweight,11,9,0,190.5,,Orthodox,,1.91,40,55,0.0,,77,0.6
Impa Kasanganay,,Strawweight,9,2,0,180.34,190.5,Orthodox,,3.66,48,58,1.75,,66,0.2
Tabatha Ricci,,Strawweight,12,3,0,154.94,154.94,Orthodox,,5.19,36,57,2.69,,78,0.1
Christian Rodriguez,,Strawweight,12,4,0,170.18,180.34,Orthodox,,2.85,50,56,1.75,,67,1.1
Sodiq Yusuff,,Strawweight,13,5,0,175.26,180.34,Orthodox,,4.29,49,53,0.36,,62,0.4
Alex Chambers,,Strawweight,5,5,0,160.02,160.02,Southpaw,,5.1,54,50,2.31,,53,1.0
Steven Koslow,,Strawweight,6,1,0,170.18,175.26,Switch,,3.73,37,40,5.28,,0,1.1
Tatsuya Kawajiri,,Strawweight,36,11,2,170.18,175.26,Orthodox,,2.01,44,50,3.63,,63,1.1
Ivana Petrovic,,Strawweight,7,3,0,172.72,177.8,Southpaw,,2.05,41,56,2.12,,61,0.8
Mateusz Gamrot,,Strawweight,25,3,0,177.8,177.8,Southpaw,,3.04,51,59,5.33,,90,0.1
Ericka Almeida,,Strawweight,7,3,0,167.64,,Orthodox,,3.33,39,43,0.5,,37,0.0
Chan-Mi Jeon,,Strawweight,5,2,0,165.1,,Orthodox,,7.77,31,55,0.0,,0,0.0
Paul Taylor,,Strawweight,11,6,1,182.88,182.88,Orthodox,,4.47,47,55,0.27,,56,0.5
Joachim Christensen,,Strawweight,14,6,0,190.5,193.04,Orthodox,,3.29,41,46,0.0,,0,0.0
Maxim Grishin,,Strawweight,32,10,2,190.5,198.12,Orthodox,,2.27,52,58,0.21,,66,0.0
Crafton Wallace,,Strawweight,18,6,1,182.88,,Orthodox,,2.36,44,47,0.0,,42,0.0
Paul Rodriguez,,Strawweight,10,9,2,170.18,,Orthodox,,1.68,100,68,0.0,,50,0.0
Chris Tickle,,Strawweight,9,9,0,175.26,,,,1.13,40,43,1.0,,20,2.0
Claudio Silva,,Strawweight,14,4,0,180.34,180.34,Southpaw,,3.0,42,46,2.85,,44,1.1
Jamahal Hill,,Strawweight,12,4,0,193.04,200.66,Southpaw,,4.03,51,44,0.0,,73,0.0
Alexandre Ferreira,,Strawweight,18,6,0,170.18,,Orthodox,,8.14,60,42,0.0,,0,0.0
Zviad Lazishvili,,Strawweight,13,1,0,167.64,175.26,Orthodox,,6.13,39,51,0.0,,0,0.0
Zhang Tiequan,,Strawweight,15,4,0,172.72,175.26,Orthodox,,2.14,36,51,1.95,,75,3.4
Mateusz Rebecki,,Strawweight,20,3,0,170.18,167.64,Southpaw,,4.53,46,55,3.46,,50,0.6
Geoff Neal,,Strawweight,16,7,0,180.34,190.5,Southpaw,,5.48,51,57,0.54,,87,0.1
Carmelo Marrero,,Strawweight,16,6,0,182.88,185.42,Orthodox,,2.04,34,54,3.21,,36,0.9
Andre Muniz,,Strawweight,24,7,0,185.42,198.12,Southpaw,,2.33,49,51,4.02,,35,1.2
Leandro Silva,,Strawweight,20,6,1,175.26,182.88,Orthodox,,2.08,48,63,1.76,,65,0.4
Wagner Silva,,Strawweight,6,3,0,182.88,,Orthodox,,2.87,29,65,0.0,,58,0.0
Cat Zingano,,Strawweight,10,4,0,167.64,172.72,Southpaw,,1.63,61,47,2.77,,42,0.8
Luis Pena,,Strawweight,9,3,0,190.5,190.5,Southpaw,,3.12,46,51,1.17,,48,1.2
Daniel Zellhuber,,Strawweight,15,3,0,185.42,195.58,Switch,,5.91,39,56,0.15,,94,0.1
Silvana Gomez Juarez,,Strawweight,11,5,0,160.02,165.1,Orthodox,,4.04,32,61,0.0,,30,0.0
Tyson Nam,,Strawweight,21,14,1,170.18,172.72,Orthodox,,4.97,33,65,0.0,,87,0.0
Rodolfo Rubio Perez,,Strawweight,10,16,1,165.1,,Orthodox,,1.0,36,62,2.0,,33,0.0
Leonardo Santos,,Strawweight,18,7,1,182.88,190.5,Orthodox,,3.4,46,54,0.88,,86,0.2
Al Iaquinta,,Strawweight,14,7,1,177.8,177.8,Orthodox,,4.53,40,61,0.63,,74,0.2
TJ Dillashaw,,Strawweight,18,5,0,167.64,170.18,Orthodox,,3.47,41,62,1.56,,77,0.8
Katsunori Kikuno,,Strawweight,24,8,2,172.72,167.64,Orthodox,,2.47,40,61,1.88,,76,0.8
Aaron Pico,,Strawweight,13,5,0,172.72,177.8,Orthodox,,2.39,44,50,8.96,,0,0.0
Naoyuki Kotani,,Strawweight,34,14,7,172.72,167.64,Southpaw,,2.89,31,50,0.83,,46,0.8
Rafael Carino,,Strawweight,2,1,1,203.2,,Orthodox,,0.0,0,0,0.0,,0,0.0
Ian Heinisch,,Strawweight,14,5,0,180.34,182.88,Orthodox,,2.98,50,59,1.02,,59,0.7
Thiago Silva,,Strawweight,19,6,0,187.96,187.96,Orthodox,,2.55,50,67,1.03,,70,0.7
Bekzat Almakhan,,Strawweight,12,2,0,170.18,172.72,Orthodox,,4.29,40,32,0.0,,0,0.0
Michelle Waterson-Gomez,,Strawweight,18,13,0,160.02,157.48,Orthodox,,4.25,46,48,1.39,,69,0.6
Gabriel Miranda,,Strawweight,17,8,0,180.34,180.34,Orthodox,,6.01,43,37,4.75,,0,1.9
Mandy Bohm,,Strawweight,8,2,0,170.18,180.34,Orthodox,,3.24,45,60,0.72,,75,0.7
Dorian Price,,Strawweight,8,5,0,190.5,,Southpaw,,0.0,0,0,0.0,,0,0.0
Vernon White,,Strawweight,26,33,2,182.88,,Southpaw,,2.2,38,54,0.88,,44,0.0
Luke Caudillo,,Strawweight,17,17,0,170.18,,Orthodox,,5.07,28,55,0.44,,85,0.0
Martin Svensson,,Strawweight,15,6,0,185.42,,,,5.91,38,38,0.0,,0,0.0
Leandro Issa,,Strawweight,13,6,0,170.18,175.26,Orthodox,,3.17,37,58,2.38,,50,1.2
Chael Sonnen,,Strawweight,29,15,1,185.42,185.42,Southpaw,,1.1,43,62,3.81,,66,0.4
Sam Adkins,,Strawweight,7,20,2,190.5,,Orthodox,,0.0,0,0,0.0,,0,0.0
Travis Fulton,,Strawweight,253,53,10,182.88,,Orthodox,,0.0,0,0,0.0,,0,0.0
Liudvik Sholinian,,Strawweight,9,4,1,177.8,180.34,Orthodox,,5.67,30,55,0.0,,66,0.0
Cody Brundage,,Strawweight,11,7,1,182.88,182.88,Orthodox,,2.72,51,49,2.05,,68,0.6
Eiji Mitsuoka,,Strawweight,18,9,2,170.18,,Southpaw,,2.26,49,45,2.3,,20,1.6
Eddie Sanchez,,Strawweight,15,8,0,187.96,187.96,Orthodox,,3.3,43,43,1.13,,42,0.0
Tedd Williams,,Flyweight,7,1,0,185.42,,Orthodox,,0.0,0,0,0.0,,0,0.0
Justine Kish,,Strawweight,7,4,0,165.1,162.56,Orthodox,,4.59,48,57,0.87,,50,0.1
Matt Hobar,,Strawweight,9,3,0,177.8,177.8,Southpaw,,4.27,42,52,3.66,,50,0.0
Joe Solecki,,Strawweight,13,6,0,175.26,177.8,Orthodox,,1.85,53,50,2.06,,14,1.4
Matt Serra,,Strawweight,11,7,0,167.64,172.72,Orthodox,,2.64,39,46,2.05,,38,0.9
Jake Hadley,,Strawweight,11,4,0,170.18,177.8,Southpaw,,4.16,43,61,0.33,,54,1.1
Giga Chikadze,,Strawweight,15,5,0,182.88,187.96,Orthodox,,3.48,42,60,0.19,,65,0.2
Zygimantas Ramaska,,Strawweight,9,3,0,180.34,180.34,Orthodox,,2.25,60,30,0.0,,33,2.4
Karl Williams,,Strawweight,10,2,0,190.5,200.66,Orthodox,,2.15,48,55,4.2,,100,0.2
Charlie Ward,,Strawweight,3,3,0,180.34,,Orthodox,,7.21,19,53,0.0,,0,0.0
Sultan Aliev,,Strawweight,15,3,0,180.34,187.96,Orthodox,,2.2,45,56,1.76,,100,0.0
Jason Young,,Strawweight,9,6,0,175.26,185.42,Orthodox,,3.2,37,50,1.98,,55,0.0
Alex Schoenauer,,Strawweight,15,10,0,190.5,,Orthodox,,2.27,40,42,0.0,,22,4.9
Chris Gruetzemacher,,Strawweight,15,5,0,172.72,172.72,Orthodox,,4.96,57,52,0.21,,65,0.0
Sam Sicilia,,Strawweight,15,8,0,172.72,170.18,Orthodox,,3.55,33,59,1.45,,70,0.9
Igor Araujo,,Strawweight,25,9,0,185.42,195.58,Orthodox,,2.86,42,49,0.86,,22,0.6
Spencer Fisher,,Strawweight,24,9,0,170.18,172.72,Southpaw,,3.03,43,64,0.67,,60,0.8
Joey Roberts,,Strawweight,4,3,0,187.96,,,,0.0,0,0,0.0,,0,0.0
Molly McCann,,Strawweight,14,8,0,162.56,157.48,Orthodox,,4.65,49,62,1.78,,38,0.5
Jason Brilz,,Strawweight,22,6,1,180.34,180.34,Orthodox,,1.78,40,65,2.37,,25,1.3
Kyle Prepolec,,Strawweight,18,9,0,177.8,177.8,Southpaw,,5.19,35,49,0.0,,40,0.0
Mark Godbeer,,Strawweight,13,4,0,193.04,195.58,Orthodox,,3.3,53,54,0.0,,28,0.0
Carlos Vera,,Strawweight,12,4,0,167.64,175.26,Orthodox,,2.79,57,49,0.0,,25,1.6
Joe Lauzon,,Strawweight,28,16,0,177.8,180.34,Orthodox,,5.39,39,54,2.39,,54,2.0
Colby Covington,,Strawweight,17,5,0,180.34,182.88,Orthodox,,3.09,38,54,3.64,,68,0.2
Damacio Page,,Strawweight,19,10,0,167.64,167.64,Orthodox,,2.47,38,51,2.63,,23,0.9
Viviane Pereira,,Strawweight,13,2,0,154.94,160.02,Orthodox,,4.48,30,58,0.25,,28,0.2
Mark Bocek,,Strawweight,12,5,0,172.72,190.5,Orthodox,,2.32,43,60,3.65,,31,1.3
Youssef Zalal,,Strawweight,17,5,1,177.8,182.88,Switch,,1.8,50,66,2.09,,59,1.3
Melvin Guillard,,Strawweight,32,18,2,175.26,180.34,Orthodox,,1.85,40,66,1.3,,61,0.2
Hailey Cowan,,Strawweight,7,4,0,172.72,170.18,Southpaw,,2.79,42,33,1.63,,80,0.0
Chris Kelades,,Strawweight,9,3,0,170.18,172.72,Orthodox,,2.64,43,48,1.04,,53,0.3
Kayla Harrison,,Strawweight,19,1,0,172.72,167.64,Southpaw,,1.1,62,66,2.84,,100,0.9
Jaqueline Amorim,,Strawweight,10,1,0,160.02,172.72,Orthodox,,1.43,53,64,2.22,,0,4.8
Markus Perez,,Strawweight,12,5,0,185.42,185.42,Orthodox,,3.72,47,52,0.81,,77,1.0
Fredson Paixao,,Strawweight,10,5,0,167.64,167.64,Orthodox,,2.31,54,62,0.62,,10,2.2
Victor Altamirano,,Strawweight,12,5,0,172.72,177.8,Switch,,3.82,53,53,2.88,,63,0.0
Ryo Chonan,,Strawweight,22,13,0,175.26,177.8,Orthodox,,2.25,43,60,0.61,,39,0.3
Mayra Bueno Silva,,Strawweight,10,5,1,167.64,167.64,Orthodox,,4.85,58,51,0.57,,63,1.5
Iasmin Lucindo,,Strawweight,18,6,0,160.02,167.64,Orthodox,,2.8,45,62,2.28,,68,0.1
Karlos Vemola,,Strawweight,17,5,0,182.88,190.5,Orthodox,,2.13,44,37,1.93,,31,1.7
Christos Giagos,,Strawweight,20,12,0,177.8,180.34,Orthodox,,3.21,41,50,2.84,,52,0.4
Yoshiyuki Yoshida,,Strawweight,18,9,0,180.34,177.8,Southpaw,,3.67,36,36,1.41,,25,2.8
Chris de la Rocha,,Strawweight,5,3,0,190.5,203.2,Orthodox,,6.37,45,43,2.02,,33,1.0
Ian Loveland,,Strawweight,18,10,0,172.72,,Orthodox,,2.36,40,64,1.0,,69,0.3
Sam Hoger,,Strawweight,10,4,0,187.96,,Orthodox,,2.25,25,57,1.12,,29,1.3
Khabib Nurmagomedov,,Strawweight,29,0,0,177.8,177.8,Orthodox,,1.75,48,65,5.32,,84,0.8
Scott Adams,,Strawweight,8,1,0,182.88,,Southpaw,,0.0,0,0,0.0,,0,0.0
Sergey Khandozhko,,Strawweight,28,6,1,185.42,187.96,Orthodox,,2.37,41,60,0.76,,61,0.0
Eric McConico,,Strawweight,10,3,1,182.88,195.58,Southpaw,,2.48,36,52,0.0,,57,0.0
Sean Gannon,,Flyweight,2,1,0,190.5,,Southpaw,,6.38,0,28,0.0,,50,0.0
Constantinos Philippou,,Strawweight,13,5,0,180.34,185.42,Orthodox,,2.73,35,54,0.4,,65,0.3
Bobby Nash,,Strawweight,8,4,0,182.88,187.96,Orthodox,,3.95,37,51,2.37,,100,1.6
Jason Black,,Strawweight,23,4,1,172.72,,Orthodox,,2.6,47,45,0.48,,28,6.2
Joanne Wood,,Strawweight,17,8,0,167.64,165.1,Orthodox,,4.89,51,51,1.52,,58,0.3
Roger Zapata,,Strawweight,4,2,0,180.34,,Southpaw,,2.13,51,36,0.0,,81,1.4
Liang Na,,Strawweight,19,8,0,165.1,170.18,Orthodox,,3.95,42,36,3.6,,25,0.5
Mark Eddiva,,Strawweight,6,3,0,172.72,172.72,Orthodox,,2.98,45,54,1.45,,63,0.0
Jose Delgado,,Strawweight,10,1,0,180.34,187.96,Switch,,3.67,49,55,4.58,,71,0.0
Edmen Shahbazyan,,Strawweight,15,5,0,187.96,190.5,Orthodox,,3.62,48,48,1.69,,66,0.4
Heath Herring,,Strawweight,28,16,0,193.04,198.12,Orthodox,,1.77,50,54,1.22,,32,0.7
Gilbert Yvel,,Strawweight,39,16,1,187.96,195.58,Orthodox,,1.78,47,50,0.0,,25,1.0
Carla Esparza,,Strawweight,20,8,0,154.94,160.02,Orthodox,,2.87,39,54,3.28,,47,0.3
Cody Durden,,Strawweight,17,8,1,170.18,170.18,Southpaw,,4.35,44,50,4.13,,73,0.7
Paul Jones,,Strawweight,11,1,1,175.26,,Orthodox,,0.0,0,0,0.0,,0,0.0
Kai Kamaka,,Strawweight,8,4,1,170.18,175.26,Orthodox,,5.29,57,55,1.93,,52,0.3
Marcelo Guimaraes,,Strawweight,9,2,1,182.88,185.42,Orthodox,,4.41,51,62,1.99,,0,0.0
Yasuhiro Urushitani,,Strawweight,21,8,6,165.1,,Southpaw,,4.71,39,65,0.0,,80,0.0
Royce Alger,,Strawweight,3,2,0,177.8,,Orthodox,,0.0,0,0,0.0,,0,0.0
SuYoung You,,Strawweight,16,3,0,167.64,165.1,Orthodox,,1.96,46,70,3.8,,66,0.4
Anthony Christodoulou,,Strawweight,12,7,0,175.26,,Orthodox,,5.9,26,45,0.0,,40,0.0
Wulijiburen,,Strawweight,20,9,0,175.26,175.26,Orthodox,,3.02,42,56,3.28,,77,0.4
Will Brooks,,Strawweight,18,4,0,177.8,182.88,Orthodox,,2.54,59,56,2.08,,82,0.3
Mick Parkin,,Flyweight,10,1,0,193.04,200.66,Orthodox,,4.13,50,58,1.38,,50,0.2
Alexander Volkov,,Strawweight,38,11,0,200.66,203.2,Orthodox,,2.99,57,54,0.61,,72,0.2
Philipe Lins,,Strawweight,18,5,0,187.96,198.12,Orthodox,,3.59,49,46,1.65,,100,0.0
Mizuki,,Strawweight,15,6,0,160.02,165.1,Orthodox,,5.62,50,48,0.33,,85,0.0
Rustam Khabilov,,Strawweight,24,4,0,172.72,185.42,Orthodox,,2.16,34,65,3.95,,61,0.1
Alexandre Pantoja,,Strawweight,30,5,0,165.1,170.18,Orthodox,,3.88,50,49,2.8,,69,1.0
Thiago Moises,,Strawweight,19,9,0,175.26,177.8,Orthodox,,4.08,42,53,1.31,,52,1.1
Ryan Bader,,Strawweight,23,5,0,187.96,187.96,Orthodox,,1.39,43,71,3.37,,80,0.4
Tom Murphy,,Strawweight,8,0,0,187.96,,Southpaw,,0.17,71,84,7.51,,0,2.5
Luis Pajuelo,,Strawweight,8,2,0,177.8,175.26,Orthodox,,8.2,57,52,0.0,,66,0.0
TJ Grant,,Strawweight,21,5,0,177.8,182.88,Orthodox,,3.21,54,56,1.63,,36,0.6
Sabina Mazo,,Strawweight,9,4,0,170.18,177.8,Orthodox,,4.35,43,57,0.65,,59,0.2
Justin Jones,,Strawweight,9,2,0,180.34,,Orthodox,,3.17,36,45,1.0,,46,0.5
Zubaira Tukhugov,,Strawweight,20,6,1,172.72,172.72,Orthodox,,3.07,39,63,2.13,,100,0.0
Jordan Williams,,Strawweight,9,6,0,185.42,190.5,Southpaw,,5.46,50,35,1.11,,85,0.0
Harry Moskowitz,,Flyweight,6,12,0,195.58,,Orthodox,,0.0,0,0,0.0,,0,0.0
Jorge Rivera,,Strawweight,20,9,0,185.42,185.42,Orthodox,,2.64,48,54,0.84,,63,0.1
Yoji Anjo,,Strawweight,0,5,1,180.34,,Orthodox,,3.13,0,25,0.0,,0,0.0
Drako Rodriguez,,Strawweight,7,3,0,172.72,175.26,Orthodox,,4.4,36,58,2.93,,75,0.7
Jiri Prochazka,,Strawweight,31,5,1,190.5,203.2,Orthodox,,5.7,55,43,0.6,,68,0.2
Jackson McVey,,Strawweight,6,1,0,193.04,195.58,Southpaw,,1.95,26,22,0.0,,0,0.0
Anthony Hamilton,,Flyweight,15,9,0,195.58,193.04,Orthodox,,3.02,65,45,2.62,,78,0.0
Rob Font,,Strawweight,22,8,0,172.72,180.34,Orthodox,,3.67,46,57,0.79,,42,0.4
Matt Andersen,,Strawweight,14,8,1,187.96,,Southpaw,,0.0,0,0,0.0,,0,0.0
Cory Walmsley,,Strawweight,8,2,0,182.88,,Orthodox,,1.18,100,50,0.0,,0,0.0
Dante Rivera,,Strawweight,16,7,0,185.42,,Southpaw,,4.0,53,25,0.0,,16,0.0
Matt Wiman,,Strawweight,16,10,0,177.8,172.72,Orthodox,,3.57,50,51,2.13,,56,1.5
Rayanne dos Santos,,Strawweight,14,9,0,157.48,157.48,Orthodox,,6.47,40,59,0.5,,80,0.0
Colin Robinson,,Strawweight,10,12,0,193.04,,Orthodox,,7.91,69,37,2.58,,50,5.2
Danielle Taylor,,Strawweight,9,4,0,152.4,152.4,Orthodox,,3.31,29,71,0.2,,70,0.2
Caros Fodor,,Strawweight,11,6,0,175.26,187.96,Orthodox,,2.83,54,54,2.1,,50,0.0
Mehdi Baghdad,,Strawweight,11,5,0,185.42,,Orthodox,,4.56,30,46,0.0,,33,0.0
Scott Askham,,Strawweight,14,4,0,190.5,190.5,Southpaw,,3.52,46,52,0.44,,65,0.7
