fighter_a_name,fighter_b_name,winner_name,fight_date,method,round,event_name
Benoit Saint Denis,Mauricio Ruffy,Benoit Saint Denis,2025-09-06,Submission,2,UFC Fight Night: Imavov vs. Borralho
Nassourdine Imavov,Caio Borralho,Nassourdine Imavov,2025-09-06,Decision - Unanimous,5,UFC Fight Night: Imavov vs. Borralho
Modestas Bukauskas,Paul Craig,Modestas Bukauskas,2025-09-06,KO/TKO,1,UFC Fight Night: Imavov vs. Borralho
Bolaji Oki,Mason Jones,Mason Jones,2025-09-06,KO/TKO,2,UFC Fight Night: Imavov vs. Borralho
Axel Sola,Rhys McKee,Axel Sola,2025-09-06,KO/TKO,3,UFC Fight Night: Imavov vs. Borralho
Oumar Sy,Brendson Ribeiro,Oumar Sy,2025-09-06,KO/TKO,1,UFC Fight Night: Imavov vs. Borralho
William Gomis,Robert Ruchala,William Gomis,2025-09-06,Decision - Unanimous,3,UFC Fight Night: Imavov vs. Borralho
Marcin Tybura,Ante Delija,Ante Delija,2025-09-06,KO/TKO,1,UFC Fight Night: Imavov vs. Borralho
Harry Hardwick,Kaue Fernandes,Kaue Fernandes,2025-09-06,KO/TKO,1,UFC Fight Night: Imavov vs. Borralho
Andreas Gustafsson,Rinat Fakhretdinov,Rinat Fakhretdinov,2025-09-06,KO/TKO,1,UFC Fight Night: Imavov vs. Borralho
Sam Patterson,Trey Waters,Sam Patterson,2025-09-06,KO/TKO,1,UFC Fight Night: Imavov vs. Borralho
Brad Tavares,Robert Bryczek,Robert Bryczek,2025-09-06,KO/TKO,3,UFC Fight Night: Imavov vs. Borralho
Johnny Walker,Zhang Mingyang,Johnny Walker,2025-08-23,KO/TKO,2,UFC Fight Night: Walker vs. Zhang
Shauna Bannon,Sam Hughes,Sam Hughes,2025-09-06,Submission,2,UFC Fight Night: Imavov vs. Borralho
Brian Ortega,Aljamain Sterling,Aljamain Sterling,2025-08-23,Decision - Unanimous,5,UFC Fight Night: Walker vs. Zhang
Sergei Pavlovich,Waldo Cortes-Acosta,Sergei Pavlovich,2025-08-23,Decision - Unanimous,3,UFC Fight Night: Walker vs. Zhang
Sumudaerji,Kevin Borjas,Sumudaerji,2025-08-23,Decision - Unanimous,3,UFC Fight Night: Walker vs. Zhang
Taiyilake Nueraji,Kiefer Crosbie,Taiyilake Nueraji,2025-08-23,KO/TKO,1,UFC Fight Night: Walker vs. Zhang
Maheshate,Gauge Young,Gauge Young,2025-08-23,Decision - Unanimous,3,UFC Fight Night: Walker vs. Zhang
Rongzhu,Austin Hubbard,Rongzhu,2025-08-23,Decision - Unanimous,3,UFC Fight Night: Walker vs. Zhang
Charles Johnson,Lone'er Kavanagh,Charles Johnson,2025-08-23,KO/TKO,2,UFC Fight Night: Walker vs. Zhang
Xiao Long,SuYoung You,SuYoung You,2025-08-23,Decision - Unanimous,3,UFC Fight Night: Walker vs. Zhang
Michel Pereira,Kyle Daukaus,Kyle Daukaus,2025-08-23,KO/TKO,1,UFC Fight Night: Walker vs. Zhang
Yizha,Westin Wilson,Yizha,2025-08-23,KO/TKO,1,UFC Fight Night: Walker vs. Zhang
Dricus Du Plessis,Khamzat Chimaev,Khamzat Chimaev,2025-08-16,Decision - Unanimous,5,UFC 319: Du Plessis vs. Chimaev
Uran Satybaldiev,Diyar Nurgozhay,Uran Satybaldiev,2025-08-23,Submission,1,UFC Fight Night: Walker vs. Zhang
Lerone Murphy,Aaron Pico,Lerone Murphy,2025-08-16,KO/TKO,1,UFC 319: Du Plessis vs. Chimaev
Geoff Neal,Carlos Prates,Carlos Prates,2025-08-16,KO/TKO,1,UFC 319: Du Plessis vs. Chimaev
Jared Cannonier,Michael Page,Michael Page,2025-08-16,Decision - Unanimous,3,UFC 319: Du Plessis vs. Chimaev
Tim Elliott,Kai Asakura,Tim Elliott,2025-08-16,Submission,2,UFC 319: Du Plessis vs. Chimaev
Baisangur Susurkaev,Eric Nolan,Baisangur Susurkaev,2025-08-16,Submission,2,UFC 319: Du Plessis vs. Chimaev
Gerald Meerschaert,Michal Oleksiejczuk,Michal Oleksiejczuk,2025-08-16,KO/TKO,1,UFC 319: Du Plessis vs. Chimaev
Jessica Andrade,Loopy Godinez,Loopy Godinez,2025-08-16,Decision - Unanimous,3,UFC 319: Du Plessis vs. Chimaev
Chase Hooper,Alexander Hernandez,Alexander Hernandez,2025-08-16,KO/TKO,1,UFC 319: Du Plessis vs. Chimaev
Edson Barboza,Drakkar Klose,Drakkar Klose,2025-08-16,Decision - Unanimous,3,UFC 319: Du Plessis vs. Chimaev
Karine Silva,Dione Barbosa,Karine Silva,2025-08-16,Decision - Unanimous,3,UFC 319: Du Plessis vs. Chimaev
Alibi Idiris,Joseph Morales,Joseph Morales,2025-08-16,Submission,2,UFC 319: Du Plessis vs. Chimaev
Tatsuro Taira,HyunSung Park,Tatsuro Taira,2025-08-02,Submission,2,UFC Fight Night: Taira vs. Park
Mateusz Rebecki,Chris Duncan,Chris Duncan,2025-08-02,Decision - Unanimous,3,UFC Fight Night: Taira vs. Park
Elves Brener,Esteban Ribovics,Esteban Ribovics,2025-08-02,Decision - Unanimous,3,UFC Fight Night: Taira vs. Park
Karol Rosa,Nora Cornolle,Karol Rosa,2025-08-02,Decision - Unanimous,3,UFC Fight Night: Taira vs. Park
Neil Magny,Elizeu Zaleski dos Santos,Neil Magny,2025-08-02,KO/TKO,2,UFC Fight Night: Taira vs. Park
Danny Silva,Kevin Vallejos,Kevin Vallejos,2025-08-02,Decision - Unanimous,3,UFC Fight Night: Taira vs. Park
Rinya Nakamura,Nathan Fletcher,Rinya Nakamura,2025-08-02,KO/TKO,1,UFC Fight Night: Taira vs. Park
Rodolfo Vieira,Tresean Gore,Rodolfo Vieira,2025-08-02,Decision - Unanimous,3,UFC Fight Night: Taira vs. Park
Nick Klein,Andrey Pulyaev,Andrey Pulyaev,2025-08-02,KO/TKO,2,UFC Fight Night: Taira vs. Park
Austin Bashi,John Yannis,Austin Bashi,2025-08-02,Submission,1,UFC Fight Night: Taira vs. Park
Rafael Estevam,Felipe Bunes,Rafael Estevam,2025-08-02,Decision - Unanimous,3,UFC Fight Night: Taira vs. Park
Piera Rodriguez,Ketlen Souza,Piera Rodriguez,2025-08-02,Decision - Split,3,UFC Fight Night: Taira vs. Park
Roman Dolidze,Anthony Hernandez,Anthony Hernandez,2025-08-09,Submission,4,UFC Fight Night: Dolidze vs. Hernandez
Steve Erceg,Ode Osbourne,Steve Erceg,2025-08-09,Decision - Unanimous,3,UFC Fight Night: Dolidze vs. Hernandez
Iasmin Lucindo,Angela Hill,Iasmin Lucindo,2025-08-09,Decision - Unanimous,3,UFC Fight Night: Dolidze vs. Hernandez
Miles Johns,Jean Matsumoto,Jean Matsumoto,2025-08-09,Decision - Split,3,UFC Fight Night: Dolidze vs. Hernandez
Andre Fili,Christian Rodriguez,Andre Fili,2025-08-09,Decision - Split,3,UFC Fight Night: Dolidze vs. Hernandez
Eryk Anders,Christian Leroy Duncan,Christian Leroy Duncan,2025-08-09,KO/TKO,1,UFC Fight Night: Dolidze vs. Hernandez
Julius Walker,Rafael Cerqueira,Julius Walker,2025-08-09,Decision - Unanimous,3,UFC Fight Night: Dolidze vs. Hernandez
Elijah Smith,Toshiomi Kazama,Elijah Smith,2025-08-09,KO/TKO,1,UFC Fight Night: Dolidze vs. Hernandez
Joselyne Edwards,Priscila Cachoeira,Joselyne Edwards,2025-08-09,KO/TKO,1,UFC Fight Night: Dolidze vs. Hernandez
Uros Medic,Gilbert Urbina,Uros Medic,2025-08-09,KO/TKO,1,UFC Fight Night: Dolidze vs. Hernandez
Max Holloway,Dustin Poirier,Max Holloway,2025-07-19,Decision - Unanimous,5,UFC 318: Holloway vs. Poirier 3
Gabriella Fernandes,Julija Stoliarenko,Gabriella Fernandes,2025-08-09,Decision - Unanimous,3,UFC Fight Night: Dolidze vs. Hernandez
Cody Brundage,Eric McConico,Eric McConico,2025-08-09,Decision - Split,3,UFC Fight Night: Dolidze vs. Hernandez
Kevin Holland,Daniel Rodriguez,Daniel Rodriguez,2025-07-19,Decision - Unanimous,3,UFC 318: Holloway vs. Poirier 3
Paulo Costa,Roman Kopylov,Paulo Costa,2025-07-19,Decision - Unanimous,3,UFC 318: Holloway vs. Poirier 3
Dan Ige,Patricio Freire,Patricio Freire,2025-07-19,Decision - Unanimous,3,UFC 318: Holloway vs. Poirier 3
Michael Johnson,Daniel Zellhuber,Michael Johnson,2025-07-19,Decision - Unanimous,3,UFC 318: Holloway vs. Poirier 3
Kyler Phillips,Vinicius Oliveira,Vinicius Oliveira,2025-07-19,Decision - Unanimous,3,UFC 318: Holloway vs. Poirier 3
Marvin Vettori,Brendan Allen,Brendan Allen,2025-07-19,Decision - Unanimous,3,UFC 318: Holloway vs. Poirier 3
Ateba Gautier,Robert Valentin,Ateba Gautier,2025-07-19,KO/TKO,1,UFC 318: Holloway vs. Poirier 3
Francisco Prado,Nikolay Veretennikov,Nikolay Veretennikov,2025-07-19,Decision - Split,3,UFC 318: Holloway vs. Poirier 3
Adam Fugitt,Islam Dulatov,Islam Dulatov,2025-07-19,KO/TKO,1,UFC 318: Holloway vs. Poirier 3
Jimmy Crute,Marcin Prachnio,Jimmy Crute,2025-07-19,Submission,1,UFC 318: Holloway vs. Poirier 3
Ryan Spann,Lukasz Brzeski,Ryan Spann,2025-07-19,Submission,1,UFC 318: Holloway vs. Poirier 3
Brunno Ferreira,Jackson McVey,Brunno Ferreira,2025-07-19,Submission,1,UFC 318: Holloway vs. Poirier 3
Carli Judice,Nicolle Caliari,Carli Judice,2025-07-19,KO/TKO,3,UFC 318: Holloway vs. Poirier 3
Robert Whittaker,Reinier de Ridder,Reinier de Ridder,2025-07-26,Decision - Split,5,UFC Fight Night: Whittaker vs. De Ridder
Petr Yan,Marcus McGhee,Petr Yan,2025-07-26,Decision - Unanimous,3,UFC Fight Night: Whittaker vs. De Ridder
Shara Magomedov,Marc-Andre Barriault,Shara Magomedov,2025-07-26,Decision - Unanimous,3,UFC Fight Night: Whittaker vs. De Ridder
Asu Almabayev,Jose Ochoa,Asu Almabayev,2025-07-26,Decision - Unanimous,3,UFC Fight Night: Whittaker vs. De Ridder
Nikita Krylov,Bogdan Guskov,Bogdan Guskov,2025-07-26,KO/TKO,1,UFC Fight Night: Whittaker vs. De Ridder
Bryce Mitchell,Said Nurmagomedov,Bryce Mitchell,2025-07-26,Decision - Unanimous,3,UFC Fight Night: Whittaker vs. De Ridder
Muslim Salikhov,Carlos Leal,Muslim Salikhov,2025-07-26,KO/TKO,1,UFC Fight Night: Whittaker vs. De Ridder
Davey Grant,Da'Mon Blackshear,Davey Grant,2025-07-26,Decision - Unanimous,3,UFC Fight Night: Whittaker vs. De Ridder
Amanda Ribas,Tabatha Ricci,Tabatha Ricci,2025-07-26,KO/TKO,2,UFC Fight Night: Whittaker vs. De Ridder
Ibo Aslan,Billy Elekana,Billy Elekana,2025-07-26,Decision - Unanimous,3,UFC Fight Night: Whittaker vs. De Ridder
Mohammad Yahya,Steven Nguyen,Steven Nguyen,2025-07-26,KO/TKO,2,UFC Fight Night: Whittaker vs. De Ridder
Martin Buday,Marcus Buchecha,Martin Buday,2025-07-26,Decision - Unanimous,3,UFC Fight Night: Whittaker vs. De Ridder
Derrick Lewis,Tallison Teixeira,Derrick Lewis,2025-07-12,KO/TKO,1,UFC Fight Night: Lewis vs. Teixeira
Calvin Kattar,Steve Garcia,Steve Garcia,2025-07-12,Decision - Unanimous,3,UFC Fight Night: Lewis vs. Teixeira
Stephen Thompson,Gabriel Bonfim,Gabriel Bonfim,2025-07-12,Decision - Split,3,UFC Fight Night: Lewis vs. Teixeira
Nate Landwehr,Morgan Charriere,Morgan Charriere,2025-07-12,KO/TKO,3,UFC Fight Night: Lewis vs. Teixeira
Vitor Petrino,Austen Lane,Vitor Petrino,2025-07-12,Submission,1,UFC Fight Night: Lewis vs. Teixeira
Junior Tafa,Tuco Tokkos,Tuco Tokkos,2025-07-12,Submission,2,UFC Fight Night: Lewis vs. Teixeira
Jake Matthews,Chidi Njokuani,Jake Matthews,2025-07-12,Submission,1,UFC Fight Night: Lewis vs. Teixeira
Max Griffin,Chris Curtis,Chris Curtis,2025-07-12,Decision - Split,3,UFC Fight Night: Lewis vs. Teixeira
Kennedy Nzechukwu,Valter Walker,Valter Walker,2025-07-12,Submission,1,UFC Fight Night: Lewis vs. Teixeira
Lauren Murphy,Eduarda Moura,Eduarda Moura,2025-07-12,Decision - Unanimous,3,UFC Fight Night: Lewis vs. Teixeira
Ilia Topuria,Charles Oliveira,Ilia Topuria,2025-06-28,KO/TKO,1,UFC 317: Topuria vs. Oliveira
Mitch Ramirez,Mike Davis,Mike Davis,2025-07-12,KO/TKO,2,UFC Fight Night: Lewis vs. Teixeira
Fatima Kline,Melissa Martinez,Fatima Kline,2025-07-12,KO/TKO,3,UFC Fight Night: Lewis vs. Teixeira
Beneil Dariush,Renato Moicano,Beneil Dariush,2025-06-28,Decision - Unanimous,3,UFC 317: Topuria vs. Oliveira
Alexandre Pantoja,Kai Kara-France,Alexandre Pantoja,2025-06-28,Submission,3,UFC 317: Topuria vs. Oliveira
Brandon Royval,Joshua Van,Joshua Van,2025-06-28,Decision - Unanimous,3,UFC 317: Topuria vs. Oliveira
Payton Talbott,Felipe Lima,Payton Talbott,2025-06-28,Decision - Unanimous,3,UFC 317: Topuria vs. Oliveira
Hyder Amil,Jose Delgado,Jose Delgado,2025-06-28,KO/TKO,1,UFC 317: Topuria vs. Oliveira
Jack Hermansson,Gregory Rodrigues,Gregory Rodrigues,2025-06-28,KO/TKO,1,UFC 317: Topuria vs. Oliveira
Viviane Araujo,Tracy Cortez,Tracy Cortez,2025-06-28,Decision - Unanimous,3,UFC 317: Topuria vs. Oliveira
Niko Price,Jacobe Smith,Jacobe Smith,2025-06-28,Submission,2,UFC 317: Topuria vs. Oliveira
Jhonata Diniz,Alvin Hines,Jhonata Diniz,2025-06-28,Decision - Unanimous,3,UFC 317: Topuria vs. Oliveira
Terrance McKinney,Viacheslav Borshchev,Terrance McKinney,2025-06-28,Submission,1,UFC 317: Topuria vs. Oliveira
Rafael Fiziev,Ignacio Bahamondes,Rafael Fiziev,2025-06-21,Decision - Unanimous,3,UFC Fight Night: Hill vs. Rountree Jr.
Curtis Blaydes,Rizvan Kuniev,Curtis Blaydes,2025-06-21,Decision - Split,3,UFC Fight Night: Hill vs. Rountree Jr.
Jamahal Hill,Khalil Rountree Jr.,Khalil Rountree Jr.,2025-06-21,Decision - Unanimous,5,UFC Fight Night: Hill vs. Rountree Jr.
Tofiq Musayev,Myktybek Orolbai,Myktybek Orolbai,2025-06-21,Submission,1,UFC Fight Night: Hill vs. Rountree Jr.
Nazim Sadykhov,Nikolas Motta,Nazim Sadykhov,2025-06-21,KO/TKO,2,UFC Fight Night: Hill vs. Rountree Jr.
Muhammad Naimov,Bogdan Grad,Muhammad Naimov,2025-06-21,Decision - Unanimous,3,UFC Fight Night: Hill vs. Rountree Jr.
Seokhyeon Ko,Oban Elliott,Seokhyeon Ko,2025-06-21,Decision - Unanimous,3,UFC Fight Night: Hill vs. Rountree Jr.
Daria Zhelezniakova,Melissa Mullins,Daria Zhelezniakova,2025-06-21,Decision - Unanimous,3,UFC Fight Night: Hill vs. Rountree Jr.
Ismail Naurdiev,JunYong Park,JunYong Park,2025-06-21,Decision - Unanimous,3,UFC Fight Night: Hill vs. Rountree Jr.
Irina Alekseeva,Klaudia Sygula,Klaudia Sygula,2025-06-21,Decision - Unanimous,3,UFC Fight Night: Hill vs. Rountree Jr.
Hamdy Abdelwahab,Mohammed Usman,Mohammed Usman,2025-06-21,Decision - Unanimous,3,UFC Fight Night: Hill vs. Rountree Jr.
Tagir Ulanbekov,Azat Maksum,Tagir Ulanbekov,2025-06-21,Decision - Unanimous,3,UFC Fight Night: Hill vs. Rountree Jr.
Edmen Shahbazyan,Andre Petroski,Edmen Shahbazyan,2025-06-14,Decision - Unanimous,3,UFC Fight Night: Usman vs. Buckley
Kamaru Usman,Joaquin Buckley,Kamaru Usman,2025-06-14,Decision - Unanimous,5,UFC Fight Night: Usman vs. Buckley
Rose Namajunas,Miranda Maverick,Rose Namajunas,2025-06-14,Decision - Unanimous,3,UFC Fight Night: Usman vs. Buckley
Cody Garbrandt,Raoni Barcelos,Raoni Barcelos,2025-06-14,Decision - Unanimous,3,UFC Fight Night: Usman vs. Buckley
Alonzo Menifield,Oumar Sy,Alonzo Menifield,2025-06-14,Decision - Unanimous,3,UFC Fight Night: Usman vs. Buckley
Malcolm Wellmaker,Kris Moutinho,Malcolm Wellmaker,2025-06-14,KO/TKO,1,UFC Fight Night: Usman vs. Buckley
Michael Chiesa,Court McGee,Michael Chiesa,2025-06-14,Decision - Unanimous,3,UFC Fight Night: Usman vs. Buckley
Cody Durden,Jose Ochoa,Jose Ochoa,2025-06-14,KO/TKO,2,UFC Fight Night: Usman vs. Buckley
Ricky Simon,Cameron Smotherman,Ricky Simon,2025-06-14,Decision - Unanimous,3,UFC Fight Night: Usman vs. Buckley
Jamey-Lyn Horth,Vanessa Demopoulos,Jamey-Lyn Horth,2025-06-14,Decision - Unanimous,3,UFC Fight Night: Usman vs. Buckley
Phil Rowe,Ange Loosa,Phil Rowe,2025-06-14,KO/TKO,3,UFC Fight Night: Usman vs. Buckley
Merab Dvalishvili,Sean O'Malley,Merab Dvalishvili,2025-06-07,Submission,3,UFC 316: Dvalishvili vs. O'Malley 2
Kelvin Gastelum,Joe Pyfer,Joe Pyfer,2025-06-07,Decision - Unanimous,3,UFC 316: Dvalishvili vs. O'Malley 2
Julianna Pena,Kayla Harrison,Kayla Harrison,2025-06-07,Submission,2,UFC 316: Dvalishvili vs. O'Malley 2
Vicente Luque,Kevin Holland,Kevin Holland,2025-06-07,Submission,2,UFC 316: Dvalishvili vs. O'Malley 2
Bruno Silva,Joshua Van,Joshua Van,2025-06-07,KO/TKO,3,UFC 316: Dvalishvili vs. O'Malley 2
Mario Bautista,Patchy Mix,Mario Bautista,2025-06-07,Decision - Unanimous,3,UFC 316: Dvalishvili vs. O'Malley 2
Azamat Murzakanov,Brendson Ribeiro,Azamat Murzakanov,2025-06-07,KO/TKO,1,UFC 316: Dvalishvili vs. O'Malley 2
Serghei Spivac,Waldo Cortes-Acosta,Waldo Cortes-Acosta,2025-06-07,Decision - Unanimous,3,UFC 316: Dvalishvili vs. O'Malley 2
Khaos Williams,Andreas Gustafsson,Andreas Gustafsson,2025-06-07,Decision - Unanimous,3,UFC 316: Dvalishvili vs. O'Malley 2
Jeka Saragih,JooSang Yoo,JooSang Yoo,2025-06-07,KO/TKO,1,UFC 316: Dvalishvili vs. O'Malley 2
Ariane da Silva,Wang Cong,Wang Cong,2025-06-07,Decision - Unanimous,3,UFC 316: Dvalishvili vs. O'Malley 2
Quillan Salkilld,Yanal Ashmouz,Quillan Salkilld,2025-06-07,Decision - Unanimous,3,UFC 316: Dvalishvili vs. O'Malley 2
MarQuel Mederos,Mark Choinski,MarQuel Mederos,2025-06-07,Decision - Unanimous,3,UFC 316: Dvalishvili vs. O'Malley 2
Mateusz Gamrot,Ludovit Klein,Mateusz Gamrot,2025-05-31,Decision - Unanimous,3,UFC Fight Night: Blanchfield vs. Barber
Dustin Jacoby,Bruno Lopes,Dustin Jacoby,2025-05-31,KO/TKO,1,UFC Fight Night: Blanchfield vs. Barber
Billy Ray Goff,Ramiz Brahimaj,Ramiz Brahimaj,2025-05-31,Submission,1,UFC Fight Night: Blanchfield vs. Barber
Ketlen Vieira,Macy Chiasson,Ketlen Vieira,2025-05-31,Decision - Unanimous,3,UFC Fight Night: Blanchfield vs. Barber
Zachary Reese,Dusko Todorovic,Zachary Reese,2025-05-31,Decision - Unanimous,3,UFC Fight Night: Blanchfield vs. Barber
Jafel Filho,Allan Nascimento,Allan Nascimento,2025-05-31,Decision - Unanimous,3,UFC Fight Night: Blanchfield vs. Barber
Bolaji Oki,Michael Aswell,Bolaji Oki,2025-05-31,Decision - Unanimous,3,UFC Fight Night: Blanchfield vs. Barber
Kurt Holobaugh,Jordan Leavitt,Jordan Leavitt,2025-05-31,Submission,1,UFC Fight Night: Blanchfield vs. Barber
Rayanne dos Santos,Alice Ardelean,Alice Ardelean,2025-05-31,Decision - Unanimous,3,UFC Fight Night: Blanchfield vs. Barber
Gilbert Burns,Michael Morales,Michael Morales,2025-05-17,KO/TKO,1,UFC Fight Night: Burns vs. Morales
Sodiq Yusuff,Mairon Santos,Mairon Santos,2025-05-17,Decision - Unanimous,3,UFC Fight Night: Burns vs. Morales
Dustin Stoltzfus,Nursulton Ruziboev,Nursulton Ruziboev,2025-05-17,Decision - Unanimous,3,UFC Fight Night: Burns vs. Morales
Jared Gordon,Thiago Moises,Jared Gordon,2025-05-17,KO/TKO,1,UFC Fight Night: Burns vs. Morales
Gabe Green,Matheus Camilo,Gabe Green,2025-05-17,Submission,2,UFC Fight Night: Burns vs. Morales
Julian Erosa,Melquizael Costa,Melquizael Costa,2025-05-17,Decision - Unanimous,3,UFC Fight Night: Burns vs. Morales
Yadier del Valle,Connor Matthews,Yadier del Valle,2025-05-17,Submission,1,UFC Fight Night: Burns vs. Morales
Elise Reed,Denise Gomes,Denise Gomes,2025-05-17,KO/TKO,2,UFC Fight Night: Burns vs. Morales
Luana Santos,Tainara Lisboa,Luana Santos,2025-05-17,Submission,2,UFC Fight Night: Burns vs. Morales
HyunSung Park,Carlos Hernandez,HyunSung Park,2025-05-17,Submission,1,UFC Fight Night: Burns vs. Morales
Valentina Shevchenko,Manon Fiorot,Valentina Shevchenko,2025-05-10,Decision - Unanimous,5,UFC 315: Muhammad vs. Della Maddalena
Belal Muhammad,Jack Della Maddalena,Jack Della Maddalena,2025-05-10,Decision - Unanimous,5,UFC 315: Muhammad vs. Della Maddalena
Tecia Pennington,Luana Pinheiro,Tecia Pennington,2025-05-17,Decision - Unanimous,3,UFC Fight Night: Burns vs. Morales
Jose Aldo,Aiemann Zahabi,Aiemann Zahabi,2025-05-10,Decision - Unanimous,3,UFC 315: Muhammad vs. Della Maddalena
Benoit Saint Denis,Kyle Prepolec,Benoit Saint Denis,2025-05-10,Submission,2,UFC 315: Muhammad vs. Della Maddalena
Alexa Grasso,Natalia Silva,Natalia Silva,2025-05-10,Decision - Unanimous,3,UFC 315: Muhammad vs. Della Maddalena
Mike Malott,Charles Radtke,Mike Malott,2025-05-10,KO/TKO,2,UFC 315: Muhammad vs. Della Maddalena
Jessica Andrade,Jasmine Jasudavicius,Jasmine Jasudavicius,2025-05-10,Submission,1,UFC 315: Muhammad vs. Della Maddalena
Navajo Stirling,Ivan Erslan,Navajo Stirling,2025-05-10,Decision - Unanimous,3,UFC 315: Muhammad vs. Della Maddalena
Marc-Andre Barriault,Bruno Silva,Marc-Andre Barriault,2025-05-10,KO/TKO,1,UFC 315: Muhammad vs. Della Maddalena
Modestas Bukauskas,Ion Cutelaba,Modestas Bukauskas,2025-05-10,Decision - Split,3,UFC 315: Muhammad vs. Della Maddalena
Daniel Santos,JeongYeong Lee,Daniel Santos,2025-05-10,Decision - Unanimous,3,UFC 315: Muhammad vs. Della Maddalena
Brad Katona,Bekzat Almakhan,Bekzat Almakhan,2025-05-10,KO/TKO,1,UFC 315: Muhammad vs. Della Maddalena
Cory Sandhagen,Deiveson Figueiredo,Cory Sandhagen,2025-05-03,KO/TKO,2,UFC Fight Night: Sandhagen vs. Figueiredo
Santiago Ponzinibbio,Daniel Rodriguez,Daniel Rodriguez,2025-05-03,KO/TKO,3,UFC Fight Night: Sandhagen vs. Figueiredo
Reinier de Ridder,Bo Nickal,Reinier de Ridder,2025-05-03,KO/TKO,2,UFC Fight Night: Sandhagen vs. Figueiredo
Jeremy Stephens,Mason Jones,Mason Jones,2025-05-03,Decision - Unanimous,3,UFC Fight Night: Sandhagen vs. Figueiredo
Montel Jackson,Daniel Marcos,Montel Jackson,2025-05-03,Decision - Unanimous,3,UFC Fight Night: Sandhagen vs. Figueiredo
Cameron Smotherman,Serhiy Sidey,Serhiy Sidey,2025-05-03,Decision - Unanimous,3,UFC Fight Night: Sandhagen vs. Figueiredo
Ryan Loder,Azamat Bekoev,Azamat Bekoev,2025-05-03,KO/TKO,1,UFC Fight Night: Sandhagen vs. Figueiredo
Yana Santos,Miesha Tate,Yana Santos,2025-05-03,Decision - Unanimous,3,UFC Fight Night: Sandhagen vs. Figueiredo
Marina Rodriguez,Gillian Robertson,Gillian Robertson,2025-05-03,KO/TKO,2,UFC Fight Night: Sandhagen vs. Figueiredo
Thomas Petersen,Don'Tale Mayes,Thomas Petersen,2025-05-03,Decision - Unanimous,3,UFC Fight Night: Sandhagen vs. Figueiredo
Gaston Bolanos,Quang Le,Quang Le,2025-05-03,Submission,2,UFC Fight Night: Sandhagen vs. Figueiredo
Anthony Smith,Zhang Mingyang,Zhang Mingyang,2025-04-26,KO/TKO,1,UFC Fight Night: Machado Garry vs. Prates
Juliana Miller,Ivana Petrovic,Juliana Miller,2025-05-03,Decision - Unanimous,3,UFC Fight Night: Sandhagen vs. Figueiredo
Ian Machado Garry,Carlos Prates,Ian Machado Garry,2025-04-26,Decision - Unanimous,5,UFC Fight Night: Machado Garry vs. Prates
Giga Chikadze,David Onama,David Onama,2025-04-26,Decision - Unanimous,3,UFC Fight Night: Machado Garry vs. Prates
Randy Brown,Nicolas Dalby,Randy Brown,2025-04-26,KO/TKO,2,UFC Fight Night: Machado Garry vs. Prates
Michel Pereira,Abus Magomedov,Abus Magomedov,2025-04-26,Decision - Unanimous,3,UFC Fight Night: Machado Garry vs. Prates
Evan Elder,Gauge Young,Evan Elder,2025-04-26,Decision - Unanimous,3,UFC Fight Night: Machado Garry vs. Prates
Ikram Aliskerov,Andre Muniz,Ikram Aliskerov,2025-04-26,KO/TKO,1,UFC Fight Night: Machado Garry vs. Prates
Matt Schnell,Jimmy Flick,Matt Schnell,2025-04-26,Decision - Unanimous,3,UFC Fight Night: Machado Garry vs. Prates
Chris Gutierrez,John Castaneda,Chris Gutierrez,2025-04-26,Decision - Split,3,UFC Fight Night: Machado Garry vs. Prates
Malcolm Wellmaker,Cameron Saaiman,Malcolm Wellmaker,2025-04-26,KO/TKO,1,UFC Fight Night: Machado Garry vs. Prates
Da'Mon Blackshear,Alatengheili,Da'Mon Blackshear,2025-04-26,Decision - Unanimous,3,UFC Fight Night: Machado Garry vs. Prates
Chelsea Chandler,Joselyne Edwards,Joselyne Edwards,2025-04-26,KO/TKO,1,UFC Fight Night: Machado Garry vs. Prates
Jaqueline Amorim,Polyana Viana,Jaqueline Amorim,2025-04-26,Submission,2,UFC Fight Night: Machado Garry vs. Prates
Timmy Cuamba,Roberto Romero,Timmy Cuamba,2025-04-26,KO/TKO,2,UFC Fight Night: Machado Garry vs. Prates
Josh Emmett,Lerone Murphy,Lerone Murphy,2025-04-05,Decision - Unanimous,5,UFC Fight Night: Emmett vs. Murphy
Pat Sabatini,Joanderson Brito,Pat Sabatini,2025-04-05,Decision - Unanimous,3,UFC Fight Night: Emmett vs. Murphy
Cortavious Romious,ChangHo Lee,ChangHo Lee,2025-04-05,KO/TKO,2,UFC Fight Night: Emmett vs. Murphy
Brad Tavares,Gerald Meerschaert,Brad Tavares,2025-04-05,Decision - Unanimous,3,UFC Fight Night: Emmett vs. Murphy
Ode Osbourne,Luis Gurule,Ode Osbourne,2025-04-05,KO/TKO,2,UFC Fight Night: Emmett vs. Murphy
Torrez Finney,Robert Valentin,Torrez Finney,2025-04-05,Decision - Split,3,UFC Fight Night: Emmett vs. Murphy
Diana Belbita,Dione Barbosa,Dione Barbosa,2025-04-05,Submission,1,UFC Fight Night: Emmett vs. Murphy
Rhys McKee,Daniel Frunza,Rhys McKee,2025-04-05,TKO - Doctor's Stoppage,1,UFC Fight Night: Emmett vs. Murphy
Loma Lookboonmee,Istela Nunes,Loma Lookboonmee,2025-04-05,Decision - Unanimous,3,UFC Fight Night: Emmett vs. Murphy
Martin Buday,Uran Satybaldiev,Martin Buday,2025-04-05,Decision - Unanimous,3,UFC Fight Night: Emmett vs. Murphy
Victor Henry,Pedro Falcao,Victor Henry,2025-04-05,Decision - Unanimous,3,UFC Fight Night: Emmett vs. Murphy
Vanessa Demopoulos,Talita Alencar,Talita Alencar,2025-04-05,Decision - Unanimous,3,UFC Fight Night: Emmett vs. Murphy
Alexander Volkanovski,Diego Lopes,Alexander Volkanovski,2025-04-12,Decision - Unanimous,5,UFC 314: Volkanovski vs. Lopes
Michael Chandler,Paddy Pimblett,Paddy Pimblett,2025-04-12,KO/TKO,3,UFC 314: Volkanovski vs. Lopes
Yair Rodriguez,Patricio Freire,Yair Rodriguez,2025-04-12,Decision - Unanimous,3,UFC 314: Volkanovski vs. Lopes
Bryce Mitchell,Jean Silva,Jean Silva,2025-04-12,Submission,2,UFC 314: Volkanovski vs. Lopes
Nikita Krylov,Dominick Reyes,Dominick Reyes,2025-04-12,KO/TKO,1,UFC 314: Volkanovski vs. Lopes
Dan Ige,Sean Woodson,Dan Ige,2025-04-12,KO/TKO,3,UFC 314: Volkanovski vs. Lopes
Darren Elkins,Julian Erosa,Julian Erosa,2025-04-12,KO/TKO,1,UFC 314: Volkanovski vs. Lopes
Yan Xiaonan,Virna Jandiroba,Virna Jandiroba,2025-04-12,Decision - Unanimous,3,UFC 314: Volkanovski vs. Lopes
Sedriques Dumas,Michal Oleksiejczuk,Michal Oleksiejczuk,2025-04-12,KO/TKO,1,UFC 314: Volkanovski vs. Lopes
Jim Miller,Chase Hooper,Chase Hooper,2025-04-12,Decision - Unanimous,3,UFC 314: Volkanovski vs. Lopes
Sumudaerji,Mitch Raposo,Sumudaerji,2025-04-12,Decision - Split,3,UFC 314: Volkanovski vs. Lopes
Tresean Gore,Marco Tulio,Marco Tulio,2025-04-12,KO/TKO,2,UFC 314: Volkanovski vs. Lopes
Nora Cornolle,Hailey Cowan,Nora Cornolle,2025-04-12,Submission,2,UFC 314: Volkanovski vs. Lopes
Jan Blachowicz,Carlos Ulberg,Carlos Ulberg,2025-03-22,Decision - Unanimous,3,UFC Fight Night: Edwards vs. Brady
Gunnar Nelson,Kevin Holland,Kevin Holland,2025-03-22,Decision - Unanimous,3,UFC Fight Night: Edwards vs. Brady
Leon Edwards,Sean Brady,Sean Brady,2025-03-22,Submission,4,UFC Fight Night: Edwards vs. Brady
Molly McCann,Alexia Thainara,Alexia Thainara,2025-03-22,Submission,1,UFC Fight Night: Edwards vs. Brady
Jordan Vucenic,Chris Duncan,Chris Duncan,2025-03-22,Submission,2,UFC Fight Night: Edwards vs. Brady
Nathaniel Wood,Morgan Charriere,Nathaniel Wood,2025-03-22,Decision - Unanimous,3,UFC Fight Night: Edwards vs. Brady
Lone'er Kavanagh,Felipe dos Santos,Lone'er Kavanagh,2025-03-22,Decision - Unanimous,3,UFC Fight Night: Edwards vs. Brady
Jai Herbert,Chris Padilla,Chris Padilla,2025-03-22,Decision - Split,3,UFC Fight Night: Edwards vs. Brady
Marcin Tybura,Mick Parkin,Marcin Tybura,2025-03-22,Decision - Unanimous,3,UFC Fight Night: Edwards vs. Brady
Christian Leroy Duncan,Andrey Pulyaev,Christian Leroy Duncan,2025-03-22,Decision - Unanimous,3,UFC Fight Night: Edwards vs. Brady
Shauna Bannon,Puja Tomar,Shauna Bannon,2025-03-22,Submission,2,UFC Fight Night: Edwards vs. Brady
Nathan Fletcher,Caolan Loughran,Caolan Loughran,2025-03-22,Decision - Split,3,UFC Fight Night: Edwards vs. Brady
Marvin Vettori,Roman Dolidze,Roman Dolidze,2025-03-15,Decision - Unanimous,5,UFC Fight Night: Vettori vs. Dolidze 2
Guram Kutateladze,Kaue Fernandes,Kaue Fernandes,2025-03-22,Decision - Unanimous,3,UFC Fight Night: Edwards vs. Brady
Chidi Njokuani,Elizeu Zaleski dos Santos,Chidi Njokuani,2025-03-15,KO/TKO,2,UFC Fight Night: Vettori vs. Dolidze 2
Alexander Hernandez,Kurt Holobaugh,Alexander Hernandez,2025-03-15,Decision - Unanimous,3,UFC Fight Night: Vettori vs. Dolidze 2
Da'Mon Blackshear,Cody Gibson,Da'Mon Blackshear,2025-03-15,Submission,2,UFC Fight Night: Vettori vs. Dolidze 2
Diyar Nurgozhay,Brendson Ribeiro,Brendson Ribeiro,2025-03-15,Submission,2,UFC Fight Night: Vettori vs. Dolidze 2
SeungWoo Choi,Kevin Vallejos,Kevin Vallejos,2025-03-15,KO/TKO,1,UFC Fight Night: Vettori vs. Dolidze 2
Waldo Cortes-Acosta,Ryan Spann,Waldo Cortes-Acosta,2025-03-15,KO/TKO,2,UFC Fight Night: Vettori vs. Dolidze 2
Stephanie Luciano,Sam Hughes,Sam Hughes,2025-03-15,Decision - Split,3,UFC Fight Night: Vettori vs. Dolidze 2
SuYoung You,AJ Cunningham,SuYoung You,2025-03-15,Decision - Unanimous,3,UFC Fight Night: Vettori vs. Dolidze 2
Carlos Vera,Josias Musasa,Carlos Vera,2025-03-15,Submission,1,UFC Fight Night: Vettori vs. Dolidze 2
Josiane Nunes,Priscila Cachoeira,Priscila Cachoeira,2025-03-15,KO/TKO,1,UFC Fight Night: Vettori vs. Dolidze 2
Daniel Barez,Andre Lima,Andre Lima,2025-03-15,Submission,3,UFC Fight Night: Vettori vs. Dolidze 2
Yuneisy Duben,Carli Judice,Carli Judice,2025-03-15,KO/TKO,1,UFC Fight Night: Vettori vs. Dolidze 2
Manuel Torres,Drew Dober,Manuel Torres,2025-03-29,KO/TKO,1,UFC Fight Night: Moreno vs. Erceg
Brandon Moreno,Steve Erceg,Brandon Moreno,2025-03-29,Decision - Unanimous,5,UFC Fight Night: Moreno vs. Erceg
Edgar Chairez,CJ Vergara,Edgar Chairez,2025-03-29,Submission,1,UFC Fight Night: Moreno vs. Erceg
Raul Rosas Jr.,Vince Morales,Raul Rosas Jr.,2025-03-29,Decision - Unanimous,3,UFC Fight Night: Moreno vs. Erceg
David Martinez,Saimon Oliveira,David Martinez,2025-03-29,KO/TKO,1,UFC Fight Night: Moreno vs. Erceg
Ronaldo Rodriguez,Kevin Borjas,Kevin Borjas,2025-03-29,Decision - Unanimous,3,UFC Fight Night: Moreno vs. Erceg
Christian Rodriguez,Melquizael Costa,Melquizael Costa,2025-03-29,Decision - Unanimous,3,UFC Fight Night: Moreno vs. Erceg
Jose Medina,Ateba Gautier,Ateba Gautier,2025-03-29,KO/TKO,1,UFC Fight Night: Moreno vs. Erceg
Loopy Godinez,Julia Polastri,Loopy Godinez,2025-03-29,Decision - Unanimous,3,UFC Fight Night: Moreno vs. Erceg
MarQuel Mederos,Austin Hubbard,MarQuel Mederos,2025-03-29,Decision - Split,3,UFC Fight Night: Moreno vs. Erceg
Jamall Emmers,Gabriel Miranda,Jamall Emmers,2025-03-29,KO/TKO,1,UFC Fight Night: Moreno vs. Erceg
Rafa Garcia,Vinc Pichel,Rafa Garcia,2025-03-29,Decision - Unanimous,3,UFC Fight Night: Moreno vs. Erceg
Justin Gaethje,Rafael Fiziev,Justin Gaethje,2025-03-08,Decision - Unanimous,3,UFC 313: Pereira vs. Ankalaev
Jalin Turner,Ignacio Bahamondes,Ignacio Bahamondes,2025-03-08,Submission,1,UFC 313: Pereira vs. Ankalaev
Amanda Lemos,Iasmin Lucindo,Amanda Lemos,2025-03-08,Decision - Unanimous,3,UFC 313: Pereira vs. Ankalaev
Alex Pereira,Magomed Ankalaev,Magomed Ankalaev,2025-03-08,Decision - Unanimous,5,UFC 313: Pereira vs. Ankalaev
King Green,Mauricio Ruffy,Mauricio Ruffy,2025-03-08,KO/TKO,1,UFC 313: Pereira vs. Ankalaev
Joshua Van,Rei Tsuruya,Joshua Van,2025-03-08,Decision - Unanimous,3,UFC 313: Pereira vs. Ankalaev
Brunno Ferreira,Armen Petrosyan,Brunno Ferreira,2025-03-08,Submission,2,UFC 313: Pereira vs. Ankalaev
Alex Morono,Carlos Leal,Carlos Leal,2025-03-08,KO/TKO,1,UFC 313: Pereira vs. Ankalaev
Mairon Santos,Francis Marshall,Mairon Santos,2025-03-08,Decision - Split,3,UFC 313: Pereira vs. Ankalaev
Djorden Santos,Ozzy Diaz,Ozzy Diaz,2025-03-08,Decision - Unanimous,3,UFC 313: Pereira vs. Ankalaev
Cody Brundage,Julian Marquez,Cody Brundage,2025-03-01,KO/TKO,1,UFC Fight Night: Kape vs. Almabayev
Manel Kape,Asu Almabayev,Manel Kape,2025-03-01,KO/TKO,3,UFC Fight Night: Kape vs. Almabayev
Hyder Amil,William Gomis,Hyder Amil,2025-03-01,Decision - Split,3,UFC Fight Night: Kape vs. Almabayev
Nasrat Haqparast,Esteban Ribovics,Nasrat Haqparast,2025-03-01,Decision - Split,3,UFC Fight Night: Kape vs. Almabayev
Danny Barlow,Sam Patterson,Sam Patterson,2025-03-01,KO/TKO,1,UFC Fight Night: Kape vs. Almabayev
Austen Lane,Mario Pinto,Mario Pinto,2025-03-01,KO/TKO,2,UFC Fight Night: Kape vs. Almabayev
Danny Silva,Lucas Almeida,Danny Silva,2025-03-01,Decision - Split,3,UFC Fight Night: Kape vs. Almabayev
Ricardo Ramos,Chepe Mariscal,Chepe Mariscal,2025-03-01,Decision - Unanimous,3,UFC Fight Night: Kape vs. Almabayev
Charles Johnson,Ramazan Temirov,Ramazan Temirov,2025-03-01,Decision - Unanimous,3,UFC Fight Night: Kape vs. Almabayev
Andrea Lee,JJ Aldrich,JJ Aldrich,2025-03-01,Decision - Unanimous,3,UFC Fight Night: Kape vs. Almabayev
Henry Cejudo,Song Yadong,Song Yadong,2025-02-22,Decision - Unanimous,3,UFC Fight Night: Cejudo vs. Song
Brendan Allen,Anthony Hernandez,Anthony Hernandez,2025-02-22,Decision - Unanimous,3,UFC Fight Night: Cejudo vs. Song
Rob Font,Jean Matsumoto,Rob Font,2025-02-22,Decision - Split,3,UFC Fight Night: Cejudo vs. Song
Jean Silva,Melsik Baghdasaryan,Jean Silva,2025-02-22,KO/TKO,1,UFC Fight Night: Cejudo vs. Song
Alonzo Menifield,Julius Walker,Alonzo Menifield,2025-02-22,Decision - Split,3,UFC Fight Night: Cejudo vs. Song
Ion Cutelaba,Ibo Aslan,Ion Cutelaba,2025-02-22,Submission,1,UFC Fight Night: Cejudo vs. Song
Andre Fili,Melquizael Costa,Melquizael Costa,2025-02-22,Submission,1,UFC Fight Night: Cejudo vs. Song
Mansur Abdul-Malik,Nick Klein,Mansur Abdul-Malik,2025-02-22,KO/TKO,2,UFC Fight Night: Cejudo vs. Song
Ricky Simon,Javid Basharat,Ricky Simon,2025-02-22,KO/TKO,1,UFC Fight Night: Cejudo vs. Song
Nikolay Veretennikov,Austin Vanderford,Austin Vanderford,2025-02-22,KO/TKO,2,UFC Fight Night: Cejudo vs. Song
Nursulton Ruziboev,Eric McConico,Nursulton Ruziboev,2025-02-22,KO/TKO,2,UFC Fight Night: Cejudo vs. Song
Modestas Bukauskas,Rafael Cerqueira,Modestas Bukauskas,2025-02-22,KO/TKO,1,UFC Fight Night: Cejudo vs. Song
Jared Cannonier,Gregory Rodrigues,Jared Cannonier,2025-02-15,KO/TKO,4,UFC Fight Night: Cannonier vs. Rodrigues
Calvin Kattar,Youssef Zalal,Youssef Zalal,2025-02-15,Decision - Unanimous,3,UFC Fight Night: Cannonier vs. Rodrigues
Rodolfo Vieira,Andre Petroski,Andre Petroski,2025-02-15,Decision - Unanimous,3,UFC Fight Night: Cannonier vs. Rodrigues
Edmen Shahbazyan,Dylan Budka,Edmen Shahbazyan,2025-02-15,KO/TKO,1,UFC Fight Night: Cannonier vs. Rodrigues
Ismael Bonfim,Nazim Sadykhov,Nazim Sadykhov,2025-02-15,TKO - Doctor's Stoppage,1,UFC Fight Night: Cannonier vs. Rodrigues
Angela Hill,Ketlen Souza,Angela Hill,2025-02-15,Decision - Split,3,UFC Fight Night: Cannonier vs. Rodrigues
Connor Matthews,Jose Delgado,Jose Delgado,2025-02-15,KO/TKO,1,UFC Fight Night: Cannonier vs. Rodrigues
Rafael Estevam,Jesus Aguilar,Rafael Estevam,2025-02-15,Decision - Unanimous,3,UFC Fight Night: Cannonier vs. Rodrigues
Gabriel Bonfim,Khaos Williams,Gabriel Bonfim,2025-02-15,Submission,2,UFC Fight Night: Cannonier vs. Rodrigues
Vince Morales,Elijah Smith,Elijah Smith,2025-02-15,Decision - Unanimous,3,UFC Fight Night: Cannonier vs. Rodrigues
Don'Tale Mayes,Valter Walker,Valter Walker,2025-02-15,Submission,1,UFC Fight Night: Cannonier vs. Rodrigues
Julia Avila,Jacqueline Cavalcanti,Jacqueline Cavalcanti,2025-02-15,Decision - Unanimous,3,UFC Fight Night: Cannonier vs. Rodrigues
Dricus Du Plessis,Sean Strickland,Dricus Du Plessis,2025-02-08,Decision - Unanimous,5,UFC 312: Du Plessis vs. Strickland 2
Zhang Weili,Tatiana Suarez,Zhang Weili,2025-02-08,Decision - Unanimous,5,UFC 312: Du Plessis vs. Strickland 2
Justin Tafa,Tallison Teixeira,Tallison Teixeira,2025-02-08,KO/TKO,1,UFC 312: Du Plessis vs. Strickland 2
Jake Matthews,Francisco Prado,Jake Matthews,2025-02-08,Decision - Unanimous,3,UFC 312: Du Plessis vs. Strickland 2
Tom Nolan,Viacheslav Borshchev,Tom Nolan,2025-02-08,Decision - Unanimous,3,UFC 312: Du Plessis vs. Strickland 2
Jack Jenkins,Gabriel Santos,Gabriel Santos,2025-02-08,Submission,3,UFC 312: Du Plessis vs. Strickland 2
Wang Cong,Bruna Brasil,Wang Cong,2025-02-08,Decision - Unanimous,3,UFC 312: Du Plessis vs. Strickland 2
Colby Thicknesse,Aleksandre Topuria,Aleksandre Topuria,2025-02-08,Decision - Unanimous,3,UFC 312: Du Plessis vs. Strickland 2
Rongzhu,Kody Steele,Rongzhu,2025-02-08,Decision - Unanimous,3,UFC 312: Du Plessis vs. Strickland 2
Jonathan Micallef,Kevin Jousset,Jonathan Micallef,2025-02-08,Decision - Unanimous,3,UFC 312: Du Plessis vs. Strickland 2
Quillan Salkilld,Anshul Jubli,Quillan Salkilld,2025-02-08,KO/TKO,1,UFC 312: Du Plessis vs. Strickland 2
Israel Adesanya,Nassourdine Imavov,Nassourdine Imavov,2025-02-01,KO/TKO,2,UFC Fight Night: Adesanya vs. Imavov
Shara Magomedov,Michael Page,Michael Page,2025-02-01,Decision - Unanimous,3,UFC Fight Night: Adesanya vs. Imavov
Said Nurmagomedov,Vinicius Oliveira,Vinicius Oliveira,2025-02-01,Decision - Unanimous,3,UFC Fight Night: Adesanya vs. Imavov
Fares Ziam,Mike Davis,Fares Ziam,2025-02-01,Decision - Unanimous,3,UFC Fight Night: Adesanya vs. Imavov
Muhammad Naimov,Kaan Ofli,Muhammad Naimov,2025-02-01,Decision - Unanimous,3,UFC Fight Night: Adesanya vs. Imavov
Sergei Pavlovich,Jairzinho Rozenstruik,Sergei Pavlovich,2025-02-01,Decision - Unanimous,3,UFC Fight Night: Adesanya vs. Imavov
Shamil Gaziev,Thomas Petersen,Shamil Gaziev,2025-02-01,KO/TKO,1,UFC Fight Night: Adesanya vs. Imavov
Terrance McKinney,Damir Hadzovic,Terrance McKinney,2025-02-01,KO/TKO,1,UFC Fight Night: Adesanya vs. Imavov
Jasmine Jasudavicius,Mayra Bueno Silva,Jasmine Jasudavicius,2025-02-01,Decision - Unanimous,3,UFC Fight Night: Adesanya vs. Imavov
Bogdan Grad,Lucas Alexander,Bogdan Grad,2025-02-01,KO/TKO,2,UFC Fight Night: Adesanya vs. Imavov
Hamdy Abdelwahab,Jamal Pogues,Hamdy Abdelwahab,2025-02-01,Decision - Split,3,UFC Fight Night: Adesanya vs. Imavov
Islam Makhachev,Renato Moicano,Islam Makhachev,2025-01-18,Submission,1,UFC 311: Makhachev vs. Moicano
Merab Dvalishvili,Umar Nurmagomedov,Merab Dvalishvili,2025-01-18,Decision - Unanimous,5,UFC 311: Makhachev vs. Moicano
Jiri Prochazka,Jamahal Hill,Jiri Prochazka,2025-01-18,KO/TKO,3,UFC 311: Makhachev vs. Moicano
Kevin Holland,Reinier de Ridder,Reinier de Ridder,2025-01-18,Submission,1,UFC 311: Makhachev vs. Moicano
Jailton Almeida,Serghei Spivac,Jailton Almeida,2025-01-18,KO/TKO,1,UFC 311: Makhachev vs. Moicano
Payton Talbott,Raoni Barcelos,Raoni Barcelos,2025-01-18,Decision - Unanimous,3,UFC 311: Makhachev vs. Moicano
Bogdan Guskov,Billy Elekana,Bogdan Guskov,2025-01-18,Submission,2,UFC 311: Makhachev vs. Moicano
Zachary Reese,Azamat Bekoev,Azamat Bekoev,2025-01-18,KO/TKO,1,UFC 311: Makhachev vs. Moicano
Grant Dawson,Diego Ferreira,Grant Dawson,2025-01-18,Decision - Unanimous,3,UFC 311: Makhachev vs. Moicano
Karol Rosa,Ailin Perez,Ailin Perez,2025-01-18,Decision - Unanimous,3,UFC 311: Makhachev vs. Moicano
Rinya Nakamura,Muin Gafurov,Muin Gafurov,2025-01-18,Decision - Unanimous,3,UFC 311: Makhachev vs. Moicano
Tagir Ulanbekov,Clayton Carpenter,Tagir Ulanbekov,2025-01-18,Decision - Unanimous,3,UFC 311: Makhachev vs. Moicano
Mackenzie Dern,Amanda Ribas,Mackenzie Dern,2025-01-11,Submission,3,UFC Fight Night: Dern vs. Ribas 2
Ricky Turcios,Benardo Sopaj,Benardo Sopaj,2025-01-18,Decision - Unanimous,3,UFC 311: Makhachev vs. Moicano
Santiago Ponzinibbio,Carlston Harris,Santiago Ponzinibbio,2025-01-11,KO/TKO,3,UFC Fight Night: Dern vs. Ribas 2
Chris Curtis,Roman Kopylov,Roman Kopylov,2025-01-11,KO/TKO,3,UFC Fight Night: Dern vs. Ribas 2
Cesar Almeida,Abdul Razak Alhassan,Cesar Almeida,2025-01-11,KO/TKO,1,UFC Fight Night: Dern vs. Ribas 2
Christian Rodriguez,Austin Bashi,Christian Rodriguez,2025-01-11,Decision - Unanimous,3,UFC Fight Night: Dern vs. Ribas 2
Punahele Soriano,Uros Medic,Punahele Soriano,2025-01-11,KO/TKO,1,UFC Fight Night: Dern vs. Ribas 2
Marco Tulio,Ihor Potieria,Marco Tulio,2025-01-11,KO/TKO,1,UFC Fight Night: Dern vs. Ribas 2
Jose Johnson,Felipe Bunes,Felipe Bunes,2025-01-11,Submission,1,UFC Fight Night: Dern vs. Ribas 2
Thiago Moises,Trey Ogden,Thiago Moises,2025-01-11,Decision - Unanimous,3,UFC Fight Night: Dern vs. Ribas 2
Preston Parsons,Jacobe Smith,Jacobe Smith,2025-01-11,KO/TKO,1,UFC Fight Night: Dern vs. Ribas 2
Ernesta Kareckaite,Nicolle Caliari,Ernesta Kareckaite,2025-01-11,Decision - Split,3,UFC Fight Night: Dern vs. Ribas 2
Magomed Gadzhiyasulov,Bruno Lopes,Bruno Lopes,2025-01-11,Decision - Unanimous,3,UFC Fight Night: Dern vs. Ribas 2
Fatima Kline,Viktoriia Dudakova,Fatima Kline,2025-01-11,KO/TKO,2,UFC Fight Night: Dern vs. Ribas 2
Nurullo Aliev,Joe Solecki,Nurullo Aliev,2025-01-11,Decision - Unanimous,3,UFC Fight Night: Dern vs. Ribas 2
Colby Covington,Joaquin Buckley,Joaquin Buckley,2024-12-14,TKO - Doctor's Stoppage,3,UFC Fight Night: Covington vs. Buckley
Cub Swanson,Billy Quarantillo,Cub Swanson,2024-12-14,KO/TKO,3,UFC Fight Night: Covington vs. Buckley
Vitor Petrino,Dustin Jacoby,Dustin Jacoby,2024-12-14,KO/TKO,3,UFC Fight Night: Covington vs. Buckley
Manel Kape,Bruno Silva,Manel Kape,2024-12-14,KO/TKO,3,UFC Fight Night: Covington vs. Buckley
Navajo Stirling,Tuco Tokkos,Navajo Stirling,2024-12-14,Decision - Unanimous,3,UFC Fight Night: Covington vs. Buckley
Adrian Yanez,Daniel Marcos,Daniel Marcos,2024-12-14,Decision - Split,3,UFC Fight Night: Covington vs. Buckley
Michael Johnson,Ottman Azaitar,Michael Johnson,2024-12-14,KO/TKO,2,UFC Fight Night: Covington vs. Buckley
Sean Woodson,Fernando Padilla,Sean Woodson,2024-12-14,KO/TKO,1,UFC Fight Night: Covington vs. Buckley
Joel Alvarez,Drakkar Klose,Joel Alvarez,2024-12-14,KO/TKO,1,UFC Fight Night: Covington vs. Buckley
Miles Johns,Felipe Lima,Felipe Lima,2024-12-14,Decision - Unanimous,3,UFC Fight Night: Covington vs. Buckley
Miranda Maverick,Jamey-Lyn Horth,Miranda Maverick,2024-12-14,Decision - Unanimous,3,UFC Fight Night: Covington vs. Buckley
Josefine Knutsson,Piera Rodriguez,Piera Rodriguez,2024-12-14,Decision - Unanimous,3,UFC Fight Night: Covington vs. Buckley
Davey Grant,Ramon Taveras,Davey Grant,2024-12-14,Decision - Unanimous,3,UFC Fight Night: Covington vs. Buckley
Yan Xiaonan,Tabatha Ricci,Yan Xiaonan,2024-11-23,Decision - Unanimous,3,UFC Fight Night: Yan vs. Figueiredo
Petr Yan,Deiveson Figueiredo,Petr Yan,2024-11-23,Decision - Unanimous,5,UFC Fight Night: Yan vs. Figueiredo
Song Kenan,Muslim Salikhov,Muslim Salikhov,2024-11-23,KO/TKO,1,UFC Fight Night: Yan vs. Figueiredo
Wang Cong,Gabriella Fernandes,Gabriella Fernandes,2024-11-23,Submission,2,UFC Fight Night: Yan vs. Figueiredo
Zhang Mingyang,Ozzy Diaz,Zhang Mingyang,2024-11-23,KO/TKO,1,UFC Fight Night: Yan vs. Figueiredo
Volkan Oezdemir,Carlos Ulberg,Carlos Ulberg,2024-11-23,Decision - Unanimous,3,UFC Fight Night: Yan vs. Figueiredo
Baergeng Jieleyisi,SuYoung You,SuYoung You,2024-11-23,Decision - Unanimous,3,UFC Fight Night: Yan vs. Figueiredo
Kiru Sahota,DongHun Choi,DongHun Choi,2024-11-23,KO/TKO,1,UFC Fight Night: Yan vs. Figueiredo
Shi Ming,Feng Xiaocan,Shi Ming,2024-11-23,KO/TKO,3,UFC Fight Night: Yan vs. Figueiredo
Nyamjargal Tumendemberel,Carlos Hernandez,Carlos Hernandez,2024-11-23,Decision - Split,3,UFC Fight Night: Yan vs. Figueiredo
Lone'er Kavanagh,Jose Ochoa,Lone'er Kavanagh,2024-11-23,Decision - Unanimous,3,UFC Fight Night: Yan vs. Figueiredo
Maheshate,Nikolas Motta,Nikolas Motta,2024-11-23,Decision - Unanimous,3,UFC Fight Night: Yan vs. Figueiredo
Alexandre Pantoja,Kai Asakura,Alexandre Pantoja,2024-12-07,Submission,2,UFC 310: Pantoja vs. Asakura
Ciryl Gane,Alexander Volkov,Ciryl Gane,2024-12-07,Decision - Split,3,UFC 310: Pantoja vs. Asakura
Xiao Long,Quang Le,Xiao Long,2024-11-23,KO/TKO,3,UFC Fight Night: Yan vs. Figueiredo
Shavkat Rakhmonov,Ian Machado Garry,Shavkat Rakhmonov,2024-12-07,Decision - Unanimous,5,UFC 310: Pantoja vs. Asakura
Nate Landwehr,Dooho Choi,Dooho Choi,2024-12-07,KO/TKO,3,UFC 310: Pantoja vs. Asakura
Bryce Mitchell,Kron Gracie,Bryce Mitchell,2024-12-07,KO/TKO,3,UFC 310: Pantoja vs. Asakura
Dominick Reyes,Anthony Smith,Dominick Reyes,2024-12-07,KO/TKO,2,UFC 310: Pantoja vs. Asakura
Vicente Luque,Themba Gorimbo,Vicente Luque,2024-12-07,Submission,1,UFC 310: Pantoja vs. Asakura
Movsar Evloev,Aljamain Sterling,Movsar Evloev,2024-12-07,Decision - Unanimous,3,UFC 310: Pantoja vs. Asakura
Randy Brown,Bryan Battle,Bryan Battle,2024-12-07,Decision - Split,3,UFC 310: Pantoja vs. Asakura
Cody Durden,Joshua Van,Joshua Van,2024-12-07,Decision - Unanimous,3,UFC 310: Pantoja vs. Asakura
Michael Chiesa,Max Griffin,Michael Chiesa,2024-12-07,Submission,3,UFC 310: Pantoja vs. Asakura
Chris Weidman,Eryk Anders,Eryk Anders,2024-12-07,KO/TKO,2,UFC 310: Pantoja vs. Asakura
Kennedy Nzechukwu,Lukasz Brzeski,Kennedy Nzechukwu,2024-12-07,KO/TKO,1,UFC 310: Pantoja vs. Asakura
Clay Guida,Chase Hooper,Chase Hooper,2024-12-07,Submission,1,UFC 310: Pantoja vs. Asakura
Jon Jones,Stipe Miocic,Jon Jones,2024-11-16,KO/TKO,3,UFC 309: Jones vs. Miocic
Bo Nickal,Paul Craig,Bo Nickal,2024-11-16,Decision - Unanimous,3,UFC 309: Jones vs. Miocic
Charles Oliveira,Michael Chandler,Charles Oliveira,2024-11-16,Decision - Unanimous,5,UFC 309: Jones vs. Miocic
Viviane Araujo,Karine Silva,Viviane Araujo,2024-11-16,Decision - Unanimous,3,UFC 309: Jones vs. Miocic
Mauricio Ruffy,James Llontop,Mauricio Ruffy,2024-11-16,Decision - Unanimous,3,UFC 309: Jones vs. Miocic
Jonathan Martinez,Marcus McGhee,Marcus McGhee,2024-11-16,Decision - Unanimous,3,UFC 309: Jones vs. Miocic
David Onama,Roberto Romero,David Onama,2024-11-16,Decision - Unanimous,3,UFC 309: Jones vs. Miocic
Jim Miller,Damon Jackson,Jim Miller,2024-11-16,Submission,1,UFC 309: Jones vs. Miocic
Marcin Tybura,Jhonata Diniz,Marcin Tybura,2024-11-16,TKO - Doctor's Stoppage,2,UFC 309: Jones vs. Miocic
Mickey Gall,Ramiz Brahimaj,Ramiz Brahimaj,2024-11-16,KO/TKO,1,UFC 309: Jones vs. Miocic
Bassil Hafez,Oban Elliott,Oban Elliott,2024-11-16,KO/TKO,3,UFC 309: Jones vs. Miocic
Veronica Hardy,Eduarda Moura,Eduarda Moura,2024-11-16,Decision - Unanimous,3,UFC 309: Jones vs. Miocic
Gaston Bolanos,Cortavious Romious,Gaston Bolanos,2024-11-09,Decision - Unanimous,3,UFC Fight Night: Magny vs. Prates
Neil Magny,Carlos Prates,Carlos Prates,2024-11-09,KO/TKO,1,UFC Fight Night: Magny vs. Prates
Gerald Meerschaert,Reinier de Ridder,Reinier de Ridder,2024-11-09,Submission,3,UFC Fight Night: Magny vs. Prates
Luana Pinheiro,Gillian Robertson,Gillian Robertson,2024-11-09,Decision - Unanimous,3,UFC Fight Night: Magny vs. Prates
Mansur Abdul-Malik,Dusko Todorovic,Mansur Abdul-Malik,2024-11-09,KO/TKO,1,UFC Fight Night: Magny vs. Prates
Karolina Kowalkiewicz,Denise Gomes,Denise Gomes,2024-11-09,Decision - Unanimous,3,UFC Fight Night: Magny vs. Prates
Elizeu Zaleski dos Santos,Zachary Scroggin,Elizeu Zaleski dos Santos,2024-11-09,KO/TKO,1,UFC Fight Night: Magny vs. Prates
Matthew Semelsberger,Charles Radtke,Charles Radtke,2024-11-09,KO/TKO,1,UFC Fight Night: Magny vs. Prates
Cody Stamann,Da'Mon Blackshear,Da'Mon Blackshear,2024-11-09,Submission,1,UFC Fight Night: Magny vs. Prates
Tresean Gore,Antonio Trocoli,Tresean Gore,2024-11-09,Submission,1,UFC Fight Night: Magny vs. Prates
Melissa Mullins,Klaudia Sygula,Melissa Mullins,2024-11-09,KO/TKO,2,UFC Fight Night: Magny vs. Prates
Brandon Moreno,Amir Albazi,Brandon Moreno,2024-11-02,Decision - Unanimous,5,UFC Fight Night: Moreno vs. Albazi
Erin Blanchfield,Rose Namajunas,Erin Blanchfield,2024-11-02,Decision - Unanimous,5,UFC Fight Night: Moreno vs. Albazi
Caio Machado,Brendson Ribeiro,Brendson Ribeiro,2024-11-02,Decision - Split,3,UFC Fight Night: Moreno vs. Albazi
Ariane da Silva,Jasmine Jasudavicius,Jasmine Jasudavicius,2024-11-02,Submission,3,UFC Fight Night: Moreno vs. Albazi
Marc-Andre Barriault,Dustin Stoltzfus,Dustin Stoltzfus,2024-11-02,KO/TKO,1,UFC Fight Night: Moreno vs. Albazi
Mike Malott,Trevin Giles,Mike Malott,2024-11-02,Decision - Unanimous,3,UFC Fight Night: Moreno vs. Albazi
Aiemann Zahabi,Pedro Munhoz,Aiemann Zahabi,2024-11-02,Decision - Unanimous,3,UFC Fight Night: Moreno vs. Albazi
Charles Jourdain,Victor Henry,Charles Jourdain,2024-11-02,Submission,2,UFC Fight Night: Moreno vs. Albazi
Jack Shore,Youssef Zalal,Youssef Zalal,2024-11-02,Submission,2,UFC Fight Night: Moreno vs. Albazi
Serhiy Sidey,Garrett Armfield,Serhiy Sidey,2024-11-02,Decision - Split,3,UFC Fight Night: Moreno vs. Albazi
Alexandr Romanov,Rodrigo Nascimento,Alexandr Romanov,2024-11-02,Decision - Unanimous,3,UFC Fight Night: Moreno vs. Albazi
Jamey-Lyn Horth,Ivana Petrovic,Jamey-Lyn Horth,2024-11-02,Decision - Split,3,UFC Fight Night: Moreno vs. Albazi
Chad Anheliger,Cody Gibson,Cody Gibson,2024-11-02,Decision - Unanimous,3,UFC Fight Night: Moreno vs. Albazi
Ilia Topuria,Max Holloway,Ilia Topuria,2024-10-26,KO/TKO,3,UFC 308: Topuria vs. Holloway
Robert Whittaker,Khamzat Chimaev,Khamzat Chimaev,2024-10-26,Submission,1,UFC 308: Topuria vs. Holloway
Magomed Ankalaev,Aleksandar Rakic,Magomed Ankalaev,2024-10-26,Decision - Unanimous,3,UFC 308: Topuria vs. Holloway
Shara Magomedov,Armen Petrosyan,Shara Magomedov,2024-10-26,KO/TKO,2,UFC 308: Topuria vs. Holloway
Lerone Murphy,Dan Ige,Lerone Murphy,2024-10-26,Decision - Unanimous,3,UFC 308: Topuria vs. Holloway
Ibo Aslan,Rafael Cerqueira,Ibo Aslan,2024-10-26,KO/TKO,1,UFC 308: Topuria vs. Holloway
Mateusz Rebecki,Myktybek Orolbai,Mateusz Rebecki,2024-10-26,Decision - Split,3,UFC 308: Topuria vs. Holloway
Abus Magomedov,Brunno Ferreira,Abus Magomedov,2024-10-26,Submission,3,UFC 308: Topuria vs. Holloway
Geoff Neal,Rafael Dos Anjos,Geoff Neal,2024-10-26,KO/TKO,1,UFC 308: Topuria vs. Holloway
Ismail Naurdiev,Bruno Silva,Ismail Naurdiev,2024-10-26,Decision - Unanimous,3,UFC 308: Topuria vs. Holloway
Kennedy Nzechukwu,Chris Barnett,Kennedy Nzechukwu,2024-10-26,KO/TKO,1,UFC 308: Topuria vs. Holloway
Farid Basharat,Victor Hugo,Farid Basharat,2024-10-26,Decision - Unanimous,3,UFC 308: Topuria vs. Holloway
Rinat Fakhretdinov,Carlos Leal,Rinat Fakhretdinov,2024-10-26,Decision - Unanimous,3,UFC 308: Topuria vs. Holloway
Rob Font,Kyler Phillips,Rob Font,2024-10-19,Decision - Unanimous,3,UFC Fight Night: Hernandez vs. Pereira
Anthony Hernandez,Michel Pereira,Anthony Hernandez,2024-10-19,KO/TKO,5,UFC Fight Night: Hernandez vs. Pereira
Charles Johnson,Sumudaerji,Charles Johnson,2024-10-19,Decision - Unanimous,3,UFC Fight Night: Hernandez vs. Pereira
Jake Hadley,Cameron Smotherman,Cameron Smotherman,2024-10-19,Decision - Unanimous,3,UFC Fight Night: Hernandez vs. Pereira
Darren Elkins,Daniel Pineda,Darren Elkins,2024-10-19,Decision - Unanimous,3,UFC Fight Night: Hernandez vs. Pereira
Matheus Nicolau,Asu Almabayev,Asu Almabayev,2024-10-19,Decision - Unanimous,3,UFC Fight Night: Hernandez vs. Pereira
Brad Katona,Jean Matsumoto,Jean Matsumoto,2024-10-19,Decision - Unanimous,3,UFC Fight Night: Hernandez vs. Pereira
Jessica Penne,Elise Reed,Elise Reed,2024-10-19,Decision - Unanimous,3,UFC Fight Night: Hernandez vs. Pereira
Melissa Martinez,Alice Ardelean,Melissa Martinez,2024-10-19,Decision - Unanimous,3,UFC Fight Night: Hernandez vs. Pereira
Joselyne Edwards,Tamires Vidal,Joselyne Edwards,2024-10-19,Submission,3,UFC Fight Night: Hernandez vs. Pereira
Austen Lane,Robelis Despaigne,Austen Lane,2024-10-19,Decision - Unanimous,3,UFC Fight Night: Hernandez vs. Pereira
Brad Tavares,JunYong Park,JunYong Park,2024-10-12,Decision - Split,3,UFC Fight Night: Royval vs. Taira
Brandon Royval,Tatsuro Taira,Brandon Royval,2024-10-12,Decision - Split,5,UFC Fight Night: Royval vs. Taira
Grant Dawson,Rafa Garcia,Grant Dawson,2024-10-12,KO/TKO,2,UFC Fight Night: Royval vs. Taira
Chidi Njokuani,Jared Gooden,Chidi Njokuani,2024-10-12,Decision - Unanimous,3,UFC Fight Night: Royval vs. Taira
CJ Vergara,Ramazan Temirov,Ramazan Temirov,2024-10-12,KO/TKO,1,UFC Fight Night: Royval vs. Taira
Daniel Rodriguez,Alex Morono,Daniel Rodriguez,2024-10-12,Decision - Split,3,UFC Fight Night: Royval vs. Taira
Jonathan Pearce,Pat Sabatini,Pat Sabatini,2024-10-12,Submission,1,UFC Fight Night: Royval vs. Taira
Themba Gorimbo,Niko Price,Themba Gorimbo,2024-10-12,Decision - Unanimous,3,UFC Fight Night: Royval vs. Taira
Junior Tafa,Sean Sharaf,Junior Tafa,2024-10-12,KO/TKO,2,UFC Fight Night: Royval vs. Taira
Julia Polastri,Cory McKenna,Julia Polastri,2024-10-12,Decision - Split,3,UFC Fight Night: Royval vs. Taira
Renato Moicano,Benoit Saint Denis,Renato Moicano,2024-09-28,TKO - Doctor's Stoppage,2,UFC Fight Night: Moicano vs. Saint Denis
Dan Argueta,Cody Haddon,Cody Haddon,2024-10-12,Decision - Unanimous,3,UFC Fight Night: Royval vs. Taira
Clayton Carpenter,Lucas Rocha,Clayton Carpenter,2024-10-12,Submission,2,UFC Fight Night: Royval vs. Taira
William Gomis,Joanderson Brito,William Gomis,2024-09-28,Decision - Split,3,UFC Fight Night: Moicano vs. Saint Denis
Kevin Jousset,Bryan Battle,Bryan Battle,2024-09-28,KO/TKO,2,UFC Fight Night: Moicano vs. Saint Denis
Nassourdine Imavov,Brendan Allen,Nassourdine Imavov,2024-09-28,Decision - Unanimous,3,UFC Fight Night: Moicano vs. Saint Denis
Morgan Charriere,Gabriel Miranda,Morgan Charriere,2024-09-28,KO/TKO,2,UFC Fight Night: Moicano vs. Saint Denis
Fares Ziam,Matt Frevola,Fares Ziam,2024-09-28,KO/TKO,3,UFC Fight Night: Moicano vs. Saint Denis
Ion Cutelaba,Ivan Erslan,Ion Cutelaba,2024-09-28,Decision - Split,3,UFC Fight Night: Moicano vs. Saint Denis
Ludovit Klein,Roosevelt Roberts,Ludovit Klein,2024-09-28,Decision - Unanimous,3,UFC Fight Night: Moicano vs. Saint Denis
Oumar Sy,Da Woon Jung,Oumar Sy,2024-09-28,Decision - Unanimous,3,UFC Fight Night: Moicano vs. Saint Denis
Taylor Lapilus,Vince Morales,Taylor Lapilus,2024-09-28,Decision - Unanimous,3,UFC Fight Night: Moicano vs. Saint Denis
Ailin Perez,Daria Zhelezniakova,Ailin Perez,2024-09-28,Submission,1,UFC Fight Night: Moicano vs. Saint Denis
Daniel Barez,Victor Altamirano,Daniel Barez,2024-09-28,Decision - Unanimous,3,UFC Fight Night: Moicano vs. Saint Denis
Alex Pereira,Khalil Rountree Jr.,Alex Pereira,2024-10-05,KO/TKO,4,UFC 307: Pereira vs. Rountree Jr.
Bolaji Oki,Chris Duncan,Chris Duncan,2024-09-28,Submission,1,UFC Fight Night: Moicano vs. Saint Denis
Nora Cornolle,Jacqueline Cavalcanti,Jacqueline Cavalcanti,2024-09-28,Decision - Split,3,UFC Fight Night: Moicano vs. Saint Denis
Jose Aldo,Mario Bautista,Mario Bautista,2024-10-05,Decision - Split,3,UFC 307: Pereira vs. Rountree Jr.
Ketlen Vieira,Kayla Harrison,Kayla Harrison,2024-10-05,Decision - Unanimous,3,UFC 307: Pereira vs. Rountree Jr.
Roman Dolidze,Kevin Holland,Roman Dolidze,2024-10-05,KO/TKO,1,UFC 307: Pereira vs. Rountree Jr.
Raquel Pennington,Julianna Pena,Julianna Pena,2024-10-05,Decision - Split,5,UFC 307: Pereira vs. Rountree Jr.
Stephen Thompson,Joaquin Buckley,Joaquin Buckley,2024-10-05,KO/TKO,3,UFC 307: Pereira vs. Rountree Jr.
Marina Rodriguez,Iasmin Lucindo,Iasmin Lucindo,2024-10-05,Decision - Split,3,UFC 307: Pereira vs. Rountree Jr.
Austin Hubbard,Alexander Hernandez,Alexander Hernandez,2024-10-05,Decision - Split,3,UFC 307: Pereira vs. Rountree Jr.
Cesar Almeida,Ihor Potieria,Cesar Almeida,2024-10-05,Decision - Unanimous,3,UFC 307: Pereira vs. Rountree Jr.
Ryan Spann,Ovince Saint Preux,Ryan Spann,2024-10-05,Submission,1,UFC 307: Pereira vs. Rountree Jr.
Sean O'Malley,Merab Dvalishvili,Merab Dvalishvili,2024-09-14,Decision - Unanimous,5,UFC 306: Riyadh Season Noche UFC
Carla Esparza,Tecia Pennington,Tecia Pennington,2024-10-05,Decision - Unanimous,3,UFC 307: Pereira vs. Rountree Jr.
Court McGee,Tim Means,Court McGee,2024-10-05,Submission,1,UFC 307: Pereira vs. Rountree Jr.
Alexa Grasso,Valentina Shevchenko,Valentina Shevchenko,2024-09-14,Decision - Unanimous,5,UFC 306: Riyadh Season Noche UFC
Brian Ortega,Diego Lopes,Diego Lopes,2024-09-14,Decision - Unanimous,3,UFC 306: Riyadh Season Noche UFC
Daniel Zellhuber,Esteban Ribovics,Esteban Ribovics,2024-09-14,Decision - Split,3,UFC 306: Riyadh Season Noche UFC
Ronaldo Rodriguez,Ode Osbourne,Ronaldo Rodriguez,2024-09-14,Decision - Unanimous,3,UFC 306: Riyadh Season Noche UFC
Manuel Torres,Ignacio Bahamondes,Ignacio Bahamondes,2024-09-14,KO/TKO,1,UFC 306: Riyadh Season Noche UFC
Irene Aldana,Norma Dumont,Norma Dumont,2024-09-14,Decision - Unanimous,3,UFC 306: Riyadh Season Noche UFC
Edgar Chairez,Joshua Van,Joshua Van,2024-09-14,Decision - Unanimous,3,UFC 306: Riyadh Season Noche UFC
Raul Rosas Jr.,Aoriqileng,Raul Rosas Jr.,2024-09-14,Decision - Unanimous,3,UFC 306: Riyadh Season Noche UFC
Yazmin Jauregui,Ketlen Souza,Ketlen Souza,2024-09-14,Submission,1,UFC 306: Riyadh Season Noche UFC
Jared Cannonier,Caio Borralho,Caio Borralho,2024-08-24,Decision - Unanimous,5,UFC Fight Night: Cannonier vs. Borralho
Kaan Ofli,Mairon Santos,Mairon Santos,2024-08-24,KO/TKO,2,UFC Fight Night: Cannonier vs. Borralho
Robert Valentin,Ryan Loder,Ryan Loder,2024-08-24,KO/TKO,2,UFC Fight Night: Cannonier vs. Borralho
Angela Hill,Tabatha Ricci,Tabatha Ricci,2024-08-24,Decision - Unanimous,3,UFC Fight Night: Cannonier vs. Borralho
Neil Magny,Michael Morales,Michael Morales,2024-08-24,KO/TKO,1,UFC Fight Night: Cannonier vs. Borralho
Edmen Shahbazyan,Gerald Meerschaert,Gerald Meerschaert,2024-08-24,Submission,2,UFC Fight Night: Cannonier vs. Borralho
Zachary Reese,Jose Medina,Zachary Reese,2024-08-24,Decision - Unanimous,3,UFC Fight Night: Cannonier vs. Borralho
Dennis Buzukja,Francis Marshall,Francis Marshall,2024-08-24,Decision - Split,3,UFC Fight Night: Cannonier vs. Borralho
Viacheslav Borshchev,James Llontop,Viacheslav Borshchev,2024-08-24,Decision - Split,3,UFC Fight Night: Cannonier vs. Borralho
Jacqueline Cavalcanti,Josiane Nunes,Jacqueline Cavalcanti,2024-08-24,Decision - Split,3,UFC Fight Night: Cannonier vs. Borralho
Wang Cong,Victoria Leonardo,Wang Cong,2024-08-24,KO/TKO,1,UFC Fight Night: Cannonier vs. Borralho
Gilbert Burns,Sean Brady,Sean Brady,2024-09-07,Decision - Unanimous,5,UFC Fight Night: Burns vs. Brady
Jessica Andrade,Natalia Silva,Natalia Silva,2024-09-07,Decision - Unanimous,3,UFC Fight Night: Burns vs. Brady
Matt Schnell,Cody Durden,Cody Durden,2024-09-07,Submission,2,UFC Fight Night: Burns vs. Brady
Steve Garcia,Kyle Nelson,Steve Garcia,2024-09-07,KO/TKO,1,UFC Fight Night: Burns vs. Brady
Trevor Peek,Yanal Ashmouz,Yanal Ashmouz,2024-09-07,Decision - Unanimous,3,UFC Fight Night: Burns vs. Brady
Rongzhu,Chris Padilla,Chris Padilla,2024-09-07,TKO - Doctor's Stoppage,2,UFC Fight Night: Burns vs. Brady
Felipe dos Santos,Andre Lima,Andre Lima,2024-09-07,Decision - Unanimous,3,UFC Fight Night: Burns vs. Brady
Isaac Dulgarian,Brendon Marotte,Isaac Dulgarian,2024-09-07,Submission,2,UFC Fight Night: Burns vs. Brady
Jaqueline Amorim,Vanessa Demopoulos,Jaqueline Amorim,2024-09-07,Submission,1,UFC Fight Night: Burns vs. Brady
Yizha,Gabriel Santos,Gabriel Santos,2024-09-07,Decision - Unanimous,3,UFC Fight Night: Burns vs. Brady
Andre Petroski,Dylan Budka,Andre Petroski,2024-09-07,Decision - Unanimous,3,UFC Fight Night: Burns vs. Brady
Zygimantas Ramaska,Nathan Fletcher,Nathan Fletcher,2024-09-07,Submission,2,UFC Fight Night: Burns vs. Brady
Dricus Du Plessis,Israel Adesanya,Dricus Du Plessis,2024-08-17,Submission,4,UFC 305: Du Plessis vs. Adesanya
Kai Kara-France,Steve Erceg,Kai Kara-France,2024-08-17,KO/TKO,1,UFC 305: Du Plessis vs. Adesanya
Mateusz Gamrot,Dan Hooker,Dan Hooker,2024-08-17,Decision - Split,3,UFC 305: Du Plessis vs. Adesanya
Tai Tuivasa,Jairzinho Rozenstruik,Jairzinho Rozenstruik,2024-08-17,Decision - Split,3,UFC 305: Du Plessis vs. Adesanya
Li Jingliang,Carlos Prates,Carlos Prates,2024-08-17,KO/TKO,2,UFC 305: Du Plessis vs. Adesanya
Josh Culibao,Ricardo Ramos,Ricardo Ramos,2024-08-17,Decision - Split,3,UFC 305: Du Plessis vs. Adesanya
Junior Tafa,Valter Walker,Valter Walker,2024-08-17,Submission,1,UFC 305: Du Plessis vs. Adesanya
Jack Jenkins,Herbert Burns,Jack Jenkins,2024-08-17,KO/TKO,3,UFC 305: Du Plessis vs. Adesanya
Casey O'Neill,Luana Santos,Casey O'Neill,2024-08-17,Decision - Unanimous,3,UFC 305: Du Plessis vs. Adesanya
Tom Nolan,Alex Reyes,Tom Nolan,2024-08-17,Decision - Unanimous,3,UFC 305: Du Plessis vs. Adesanya
Marcin Tybura,Serghei Spivac,Serghei Spivac,2024-08-10,Submission,1,UFC Fight Night: Tybura vs. Spivac 2
Song Kenan,Ricky Glenn,Song Kenan,2024-08-17,Decision - Unanimous,3,UFC 305: Du Plessis vs. Adesanya
Stewart Nicoll,Jesus Aguilar,Jesus Aguilar,2024-08-17,Submission,1,UFC 305: Du Plessis vs. Adesanya
Damon Jackson,Chepe Mariscal,Chepe Mariscal,2024-08-10,Decision - Unanimous,3,UFC Fight Night: Tybura vs. Spivac 2
Chris Gutierrez,Quang Le,Chris Gutierrez,2024-08-10,Decision - Unanimous,3,UFC Fight Night: Tybura vs. Spivac 2
Danny Barlow,Nikolay Veretennikov,Danny Barlow,2024-08-10,Decision - Split,3,UFC Fight Night: Tybura vs. Spivac 2
Yana Santos,Chelsea Chandler,Yana Santos,2024-08-10,Decision - Unanimous,3,UFC Fight Night: Tybura vs. Spivac 2
Toshiomi Kazama,Charalampos Grigoriou,Toshiomi Kazama,2024-08-10,Submission,2,UFC Fight Night: Tybura vs. Spivac 2
Jhonata Diniz,Karl Williams,Jhonata Diniz,2024-08-10,Decision - Unanimous,3,UFC Fight Night: Tybura vs. Spivac 2
Karol Rosa,Pannie Kianzad,Karol Rosa,2024-08-10,Decision - Unanimous,3,UFC Fight Night: Tybura vs. Spivac 2
Youssef Zalal,Jarno Errens,Youssef Zalal,2024-08-10,Submission,1,UFC Fight Night: Tybura vs. Spivac 2
Stephanie Luciano,Talita Alencar,Stephanie Luciano,2024-08-10,Decision - Unanimous,3,UFC Fight Night: Tybura vs. Spivac 2
Cory Sandhagen,Umar Nurmagomedov,Umar Nurmagomedov,2024-08-03,Decision - Unanimous,5,UFC Fight Night: Sandhagen vs. Nurmagomedov
Marlon Vera,Deiveson Figueiredo,Deiveson Figueiredo,2024-08-03,Decision - Unanimous,3,UFC Fight Night: Sandhagen vs. Nurmagomedov
Tony Ferguson,Michael Chiesa,Michael Chiesa,2024-08-03,Submission,1,UFC Fight Night: Sandhagen vs. Nurmagomedov
Shara Magomedov,Michal Oleksiejczuk,Shara Magomedov,2024-08-03,Decision - Unanimous,3,UFC Fight Night: Sandhagen vs. Nurmagomedov
Mackenzie Dern,Loopy Godinez,Mackenzie Dern,2024-08-03,Decision - Unanimous,3,UFC Fight Night: Sandhagen vs. Nurmagomedov
Joel Alvarez,Elves Brener,Joel Alvarez,2024-08-03,KO/TKO,3,UFC Fight Night: Sandhagen vs. Nurmagomedov
Mohammad Yahya,Kaue Fernandes,Kaue Fernandes,2024-08-03,KO/TKO,1,UFC Fight Night: Sandhagen vs. Nurmagomedov
Azamat Murzakanov,Alonzo Menifield,Azamat Murzakanov,2024-08-03,KO/TKO,2,UFC Fight Night: Sandhagen vs. Nurmagomedov
Guram Kutateladze,Jordan Vucenic,Guram Kutateladze,2024-08-03,Decision - Unanimous,3,UFC Fight Night: Sandhagen vs. Nurmagomedov
Shamil Gaziev,Don'Tale Mayes,Shamil Gaziev,2024-08-03,Decision - Unanimous,3,UFC Fight Night: Sandhagen vs. Nurmagomedov
Viktoriia Dudakova,Sam Hughes,Sam Hughes,2024-08-03,Decision - Split,3,UFC Fight Night: Sandhagen vs. Nurmagomedov
Jai Herbert,Rolando Bedoya,Jai Herbert,2024-08-03,Decision - Unanimous,3,UFC Fight Night: Sandhagen vs. Nurmagomedov
Sedriques Dumas,Denis Tiuliulin,Sedriques Dumas,2024-08-03,Decision - Unanimous,3,UFC Fight Night: Sandhagen vs. Nurmagomedov
Leon Edwards,Belal Muhammad,Belal Muhammad,2024-07-27,Decision - Unanimous,5,UFC 304: Edwards vs. Muhammad 2
Tom Aspinall,Curtis Blaydes,Tom Aspinall,2024-07-27,KO/TKO,1,UFC 304: Edwards vs. Muhammad 2
King Green,Paddy Pimblett,Paddy Pimblett,2024-07-27,Submission,1,UFC 304: Edwards vs. Muhammad 2
Nathaniel Wood,Daniel Pineda,Nathaniel Wood,2024-07-27,Decision - Unanimous,3,UFC 304: Edwards vs. Muhammad 2
Christian Leroy Duncan,Gregory Rodrigues,Gregory Rodrigues,2024-07-27,Decision - Unanimous,3,UFC 304: Edwards vs. Muhammad 2
Molly McCann,Bruna Brasil,Bruna Brasil,2024-07-27,Decision - Unanimous,3,UFC 304: Edwards vs. Muhammad 2
Arnold Allen,Giga Chikadze,Arnold Allen,2024-07-27,Decision - Unanimous,3,UFC 304: Edwards vs. Muhammad 2
Jake Hadley,Caolan Loughran,Jake Hadley,2024-07-27,Decision - Unanimous,3,UFC 304: Edwards vs. Muhammad 2
Muhammad Mokaev,Manel Kape,Muhammad Mokaev,2024-07-27,Decision - Unanimous,3,UFC 304: Edwards vs. Muhammad 2
Oban Elliott,Preston Parsons,Oban Elliott,2024-07-27,Decision - Unanimous,3,UFC 304: Edwards vs. Muhammad 2
Modestas Bukauskas,Marcin Prachnio,Modestas Bukauskas,2024-07-27,Submission,3,UFC 304: Edwards vs. Muhammad 2
Mick Parkin,Lukasz Brzeski,Mick Parkin,2024-07-27,KO/TKO,1,UFC 304: Edwards vs. Muhammad 2
Sam Patterson,Kiefer Crosbie,Sam Patterson,2024-07-27,Submission,1,UFC 304: Edwards vs. Muhammad 2
Amanda Lemos,Virna Jandiroba,Virna Jandiroba,2024-07-20,Submission,2,UFC Fight Night: Lemos vs. Jandiroba
Steve Garcia,SeungWoo Choi,Steve Garcia,2024-07-20,KO/TKO,1,UFC Fight Night: Lemos vs. Jandiroba
Shauna Bannon,Alice Ardelean,Shauna Bannon,2024-07-27,Decision - Split,3,UFC 304: Edwards vs. Muhammad 2
Kurt Holobaugh,Kaynan Kruschewsky,Kurt Holobaugh,2024-07-20,Decision - Unanimous,3,UFC Fight Night: Lemos vs. Jandiroba
Dooho Choi,Bill Algeo,Dooho Choi,2024-07-20,KO/TKO,2,UFC Fight Night: Lemos vs. Jandiroba
Cody Durden,Bruno Silva,Bruno Silva,2024-07-20,KO/TKO,2,UFC Fight Night: Lemos vs. Jandiroba
Brian Kelleher,Cody Gibson,Cody Gibson,2024-07-20,Submission,1,UFC Fight Night: Lemos vs. Jandiroba
JeongYeong Lee,Hyder Amil,Hyder Amil,2024-07-20,KO/TKO,1,UFC Fight Night: Lemos vs. Jandiroba
Loik Radzhabov,Trey Ogden,Trey Ogden,2024-07-20,Decision - Unanimous,3,UFC Fight Night: Lemos vs. Jandiroba
Miranda Maverick,Dione Barbosa,Miranda Maverick,2024-07-20,Decision - Unanimous,3,UFC Fight Night: Lemos vs. Jandiroba
Luana Carolina,Lucie Pudilova,Luana Carolina,2024-07-20,Decision - Unanimous,3,UFC Fight Night: Lemos vs. Jandiroba
Alex Pereira,Jiri Prochazka,Alex Pereira,2024-06-29,KO/TKO,2,UFC 303: Pereira vs. Prochazka 2
Mohammed Usman,Thomas Petersen,Thomas Petersen,2024-07-20,Decision - Unanimous,3,UFC Fight Night: Lemos vs. Jandiroba
Dan Ige,Diego Lopes,Diego Lopes,2024-06-29,Decision - Unanimous,3,UFC 303: Pereira vs. Prochazka 2
Anthony Smith,Roman Dolidze,Roman Dolidze,2024-06-29,Decision - Unanimous,3,UFC 303: Pereira vs. Prochazka 2
Mayra Bueno Silva,Macy Chiasson,Macy Chiasson,2024-06-29,TKO - Doctor's Stoppage,2,UFC 303: Pereira vs. Prochazka 2
Ian Machado Garry,Michael Page,Ian Machado Garry,2024-06-29,Decision - Unanimous,3,UFC 303: Pereira vs. Prochazka 2
Charles Jourdain,Jean Silva,Jean Silva,2024-06-29,KO/TKO,2,UFC 303: Pereira vs. Prochazka 2
Joe Pyfer,Marc-Andre Barriault,Joe Pyfer,2024-06-29,KO/TKO,1,UFC 303: Pereira vs. Prochazka 2
Cub Swanson,Andre Fili,Andre Fili,2024-06-29,Decision - Split,3,UFC 303: Pereira vs. Prochazka 2
Michelle Waterson-Gomez,Gillian Robertson,Gillian Robertson,2024-06-29,Decision - Unanimous,3,UFC 303: Pereira vs. Prochazka 2
Payton Talbott,Yanis Ghemmouri,Payton Talbott,2024-06-29,KO/TKO,1,UFC 303: Pereira vs. Prochazka 2
Rei Tsuruya,Carlos Hernandez,Rei Tsuruya,2024-06-29,Decision - Unanimous,3,UFC 303: Pereira vs. Prochazka 2
Andrei Arlovski,Martin Buday,Martin Buday,2024-06-29,Decision - Split,3,UFC 303: Pereira vs. Prochazka 2
Ricky Simon,Vinicius Oliveira,Vinicius Oliveira,2024-06-29,Decision - Unanimous,3,UFC 303: Pereira vs. Prochazka 2
Rose Namajunas,Tracy Cortez,Rose Namajunas,2024-07-13,Decision - Unanimous,5,UFC Fight Night: Namajunas vs. Cortez
Santiago Ponzinibbio,Muslim Salikhov,Muslim Salikhov,2024-07-13,Decision - Split,3,UFC Fight Night: Namajunas vs. Cortez
Drew Dober,Jean Silva,Jean Silva,2024-07-13,TKO - Doctor's Stoppage,3,UFC Fight Night: Namajunas vs. Cortez
Gabriel Bonfim,Ange Loosa,Gabriel Bonfim,2024-07-13,Decision - Unanimous,3,UFC Fight Night: Namajunas vs. Cortez
Julian Erosa,Christian Rodriguez,Julian Erosa,2024-07-13,Submission,1,UFC Fight Night: Namajunas vs. Cortez
Joshua Van,Charles Johnson,Charles Johnson,2024-07-13,KO/TKO,3,UFC Fight Night: Namajunas vs. Cortez
Jasmine Jasudavicius,Fatima Kline,Jasmine Jasudavicius,2024-07-13,Decision - Unanimous,3,UFC Fight Night: Namajunas vs. Cortez
Luana Santos,Mariya Agapova,Luana Santos,2024-07-13,Submission,1,UFC Fight Night: Namajunas vs. Cortez
Montel Jackson,Da'Mon Blackshear,Montel Jackson,2024-07-13,KO/TKO,1,UFC Fight Night: Namajunas vs. Cortez
Josh Fremd,Andre Petroski,Andre Petroski,2024-07-13,Decision - Unanimous,3,UFC Fight Night: Namajunas vs. Cortez
Evan Elder,Darrius Flowers,Evan Elder,2024-07-13,Submission,2,UFC Fight Night: Namajunas vs. Cortez
Robert Whittaker,Ikram Aliskerov,Robert Whittaker,2024-06-22,KO/TKO,1,UFC Fight Night: Whittaker vs. Aliskerov
Sergei Pavlovich,Alexander Volkov,Alexander Volkov,2024-06-22,Decision - Unanimous,3,UFC Fight Night: Whittaker vs. Aliskerov
Shara Magomedov,Antonio Trocoli,Shara Magomedov,2024-06-22,KO/TKO,3,UFC Fight Night: Whittaker vs. Aliskerov
Kelvin Gastelum,Daniel Rodriguez,Kelvin Gastelum,2024-06-22,Decision - Unanimous,3,UFC Fight Night: Whittaker vs. Aliskerov
Johnny Walker,Volkan Oezdemir,Volkan Oezdemir,2024-06-22,KO/TKO,1,UFC Fight Night: Whittaker vs. Aliskerov
Nasrat Haqparast,Jared Gordon,Nasrat Haqparast,2024-06-22,Decision - Split,3,UFC Fight Night: Whittaker vs. Aliskerov
Muhammad Naimov,Felipe Lima,Felipe Lima,2024-06-22,Submission,3,UFC Fight Night: Whittaker vs. Aliskerov
Rinat Fakhretdinov,Nicolas Dalby,Rinat Fakhretdinov,2024-06-22,Decision - Split,3,UFC Fight Night: Whittaker vs. Aliskerov
Kyung Ho Kang,Muin Gafurov,Muin Gafurov,2024-06-22,Decision - Unanimous,3,UFC Fight Night: Whittaker vs. Aliskerov
Magomed Gadzhiyasulov,Brendson Ribeiro,Magomed Gadzhiyasulov,2024-06-22,Decision - Majority,3,UFC Fight Night: Whittaker vs. Aliskerov
Xiao Long,ChangHo Lee,ChangHo Lee,2024-06-22,Decision - Split,3,UFC Fight Night: Whittaker vs. Aliskerov
Alex Perez,Tatsuro Taira,Tatsuro Taira,2024-06-15,KO/TKO,2,UFC Fight Night: Perez vs. Taira
Douglas Silva de Andrade,Miles Johns,Miles Johns,2024-06-15,Decision - Unanimous,3,UFC Fight Night: Perez vs. Taira
Brady Hiestand,Garrett Armfield,Brady Hiestand,2024-06-15,Submission,3,UFC Fight Night: Perez vs. Taira
Timmy Cuamba,Lucas Almeida,Lucas Almeida,2024-06-15,Decision - Unanimous,3,UFC Fight Night: Perez vs. Taira
Asu Almabayev,Jose Johnson,Asu Almabayev,2024-06-15,Decision - Unanimous,3,UFC Fight Night: Perez vs. Taira
Jimmy Flick,Nate Maness,Nate Maness,2024-06-15,Decision - Unanimous,3,UFC Fight Night: Perez vs. Taira
Josh Quinlan,Adam Fugitt,Adam Fugitt,2024-06-15,Decision - Split,3,UFC Fight Night: Perez vs. Taira
Carli Judice,Gabriella Fernandes,Gabriella Fernandes,2024-06-15,Decision - Split,3,UFC Fight Night: Perez vs. Taira
Josefine Knutsson,Julia Polastri,Josefine Knutsson,2024-06-15,Decision - Unanimous,3,UFC Fight Night: Perez vs. Taira
Jeka Saragih,Westin Wilson,Westin Wilson,2024-06-15,Submission,1,UFC Fight Night: Perez vs. Taira
Melquizael Costa,Shayilan Nuerdanbieke,Melquizael Costa,2024-06-15,Submission,3,UFC Fight Night: Perez vs. Taira
Jared Cannonier,Nassourdine Imavov,Nassourdine Imavov,2024-06-08,KO/TKO,4,UFC Fight Night: Cannonier vs. Imavov
Raul Rosas Jr.,Ricky Turcios,Raul Rosas Jr.,2024-06-08,Submission,2,UFC Fight Night: Cannonier vs. Imavov
Dominick Reyes,Dustin Jacoby,Dominick Reyes,2024-06-08,KO/TKO,1,UFC Fight Night: Cannonier vs. Imavov
Brunno Ferreira,Dustin Stoltzfus,Brunno Ferreira,2024-06-08,KO/TKO,1,UFC Fight Night: Cannonier vs. Imavov
Julian Marquez,Zachary Reese,Zachary Reese,2024-06-08,KO/TKO,1,UFC Fight Night: Cannonier vs. Imavov
Miguel Baeza,Punahele Soriano,Punahele Soriano,2024-06-08,Decision - Unanimous,3,UFC Fight Night: Cannonier vs. Imavov
Charles Radtke,Carlos Prates,Carlos Prates,2024-06-08,KO/TKO,1,UFC Fight Night: Cannonier vs. Imavov
Thiago Moises,Ludovit Klein,Ludovit Klein,2024-06-08,Decision - Unanimous,3,UFC Fight Night: Cannonier vs. Imavov
Andrea Lee,Montana De La Rosa,Montana De La Rosa,2024-06-08,Decision - Split,3,UFC Fight Night: Cannonier vs. Imavov
John Castaneda,Daniel Marcos,Daniel Marcos,2024-06-08,Decision - Unanimous,3,UFC Fight Night: Cannonier vs. Imavov
Brad Katona,Jesse Butler,Brad Katona,2024-06-08,Decision - Unanimous,3,UFC Fight Night: Cannonier vs. Imavov
Cody Stamann,Taylor Lapilus,Taylor Lapilus,2024-06-08,Decision - Unanimous,3,UFC Fight Night: Cannonier vs. Imavov
Eduarda Moura,Denise Gomes,Denise Gomes,2024-06-08,Decision - Split,3,UFC Fight Night: Cannonier vs. Imavov
Rayanne dos Santos,Puja Tomar,Puja Tomar,2024-06-08,Decision - Split,3,UFC Fight Night: Cannonier vs. Imavov
Khaos Williams,Carlston Harris,Khaos Williams,2024-05-18,KO/TKO,1,UFC Fight Night: Barboza vs. Murphy
Edson Barboza,Lerone Murphy,Lerone Murphy,2024-05-18,Decision - Unanimous,5,UFC Fight Night: Barboza vs. Murphy
Themba Gorimbo,Ramiz Brahimaj,Themba Gorimbo,2024-05-18,Decision - Unanimous,3,UFC Fight Night: Barboza vs. Murphy
Luana Pinheiro,Angela Hill,Angela Hill,2024-05-18,Submission,2,UFC Fight Night: Barboza vs. Murphy
Adrian Yanez,Vinicius Salvador,Adrian Yanez,2024-05-18,KO/TKO,1,UFC Fight Night: Barboza vs. Murphy
Victor Martinez,Tom Nolan,Tom Nolan,2024-05-18,KO/TKO,1,UFC Fight Night: Barboza vs. Murphy
Oumar Sy,Tuco Tokkos,Oumar Sy,2024-05-18,Submission,1,UFC Fight Night: Barboza vs. Murphy
Tamires Vidal,Melissa Gatto,Melissa Gatto,2024-05-18,KO/TKO,3,UFC Fight Night: Barboza vs. Murphy
Abus Magomedov,Warlley Alves,Abus Magomedov,2024-05-18,Decision - Unanimous,3,UFC Fight Night: Barboza vs. Murphy
Piera Rodriguez,Ariane Carnelossi,Ariane Carnelossi,2024-05-18,DQ,2,UFC Fight Night: Barboza vs. Murphy
Alatengheili,Kleydson Rodrigues,Alatengheili,2024-05-18,Decision - Unanimous,3,UFC Fight Night: Barboza vs. Murphy
Vanessa Demopoulos,Emily Ducote,Vanessa Demopoulos,2024-05-18,Decision - Split,3,UFC Fight Night: Barboza vs. Murphy
Islam Makhachev,Dustin Poirier,Islam Makhachev,2024-06-01,Submission,5,UFC 302: Makhachev vs. Poirier
Kevin Holland,Michal Oleksiejczuk,Kevin Holland,2024-06-01,Submission,1,UFC 302: Makhachev vs. Poirier
Niko Price,Alex Morono,Niko Price,2024-06-01,Decision - Unanimous,3,UFC 302: Makhachev vs. Poirier
Sean Strickland,Paulo Costa,Sean Strickland,2024-06-01,Decision - Split,5,UFC 302: Makhachev vs. Poirier
Jailton Almeida,Alexandr Romanov,Jailton Almeida,2024-06-01,Submission,1,UFC 302: Makhachev vs. Poirier
Cesar Almeida,Roman Kopylov,Roman Kopylov,2024-06-01,Decision - Split,3,UFC 302: Makhachev vs. Poirier
Randy Brown,Elizeu Zaleski dos Santos,Randy Brown,2024-06-01,Decision - Unanimous,3,UFC 302: Makhachev vs. Poirier
Grant Dawson,Joe Solecki,Grant Dawson,2024-06-01,Decision - Unanimous,3,UFC 302: Makhachev vs. Poirier
Mickey Gall,Bassil Hafez,Bassil Hafez,2024-06-01,Decision - Unanimous,3,UFC 302: Makhachev vs. Poirier
Ailin Perez,Joselyne Edwards,Ailin Perez,2024-06-01,Decision - Unanimous,3,UFC 302: Makhachev vs. Poirier
Phil Rowe,Jake Matthews,Jake Matthews,2024-06-01,Decision - Unanimous,3,UFC 302: Makhachev vs. Poirier
Mitch Raposo,Andre Lima,Andre Lima,2024-06-01,Decision - Split,3,UFC 302: Makhachev vs. Poirier
Alexandre Pantoja,Steve Erceg,Alexandre Pantoja,2024-05-04,Decision - Unanimous,5,UFC 301: Pantoja vs. Erceg
Jose Aldo,Jonathan Martinez,Jose Aldo,2024-05-04,Decision - Unanimous,3,UFC 301: Pantoja vs. Erceg
Michel Pereira,Ihor Potieria,Michel Pereira,2024-05-04,Submission,1,UFC 301: Pantoja vs. Erceg
Anthony Smith,Vitor Petrino,Anthony Smith,2024-05-04,Submission,1,UFC 301: Pantoja vs. Erceg
Jack Shore,Joanderson Brito,Joanderson Brito,2024-05-04,TKO - Doctor's Stoppage,2,UFC 301: Pantoja vs. Erceg
Karolina Kowalkiewicz,Iasmin Lucindo,Iasmin Lucindo,2024-05-04,Decision - Unanimous,3,UFC 301: Pantoja vs. Erceg
Paul Craig,Caio Borralho,Caio Borralho,2024-05-04,KO/TKO,2,UFC 301: Pantoja vs. Erceg
Elves Brener,Myktybek Orolbai,Myktybek Orolbai,2024-05-04,Decision - Unanimous,3,UFC 301: Pantoja vs. Erceg
Mauricio Ruffy,Jamie Mullarkey,Mauricio Ruffy,2024-05-04,KO/TKO,1,UFC 301: Pantoja vs. Erceg
Dione Barbosa,Ernesta Kareckaite,Dione Barbosa,2024-05-04,Decision - Unanimous,3,UFC 301: Pantoja vs. Erceg
Joaquim Silva,Drakkar Klose,Drakkar Klose,2024-05-04,Decision - Unanimous,3,UFC 301: Pantoja vs. Erceg
Ismael Bonfim,Vinc Pichel,Ismael Bonfim,2024-05-04,Decision - Unanimous,3,UFC 301: Pantoja vs. Erceg
Alessandro Costa,Kevin Borjas,Alessandro Costa,2024-05-04,KO/TKO,2,UFC 301: Pantoja vs. Erceg
Derrick Lewis,Rodrigo Nascimento,Derrick Lewis,2024-05-11,KO/TKO,3,UFC Fight Night: Lewis vs. Nascimento
Joaquin Buckley,Nursulton Ruziboev,Joaquin Buckley,2024-05-11,Decision - Unanimous,3,UFC Fight Night: Lewis vs. Nascimento
Alonzo Menifield,Carlos Ulberg,Carlos Ulberg,2024-05-11,KO/TKO,1,UFC Fight Night: Lewis vs. Nascimento
Diego Ferreira,Mateusz Rebecki,Diego Ferreira,2024-05-11,KO/TKO,3,UFC Fight Night: Lewis vs. Nascimento
Alex Caceres,Sean Woodson,Sean Woodson,2024-05-11,Decision - Unanimous,3,UFC Fight Night: Lewis vs. Nascimento
Waldo Cortes-Acosta,Robelis Despaigne,Waldo Cortes-Acosta,2024-05-11,Decision - Unanimous,3,UFC Fight Night: Lewis vs. Nascimento
Chase Hooper,Viacheslav Borshchev,Chase Hooper,2024-05-11,Submission,2,UFC Fight Night: Lewis vs. Nascimento
Terrance McKinney,Esteban Ribovics,Esteban Ribovics,2024-05-11,KO/TKO,1,UFC Fight Night: Lewis vs. Nascimento
Billy Ray Goff,Trey Waters,Trey Waters,2024-05-11,Decision - Unanimous,3,UFC Fight Night: Lewis vs. Nascimento
Tabatha Ricci,Tecia Pennington,Tabatha Ricci,2024-05-11,Decision - Split,3,UFC Fight Night: Lewis vs. Nascimento
Matheus Nicolau,Alex Perez,Alex Perez,2024-04-27,KO/TKO,2,UFC Fight Night: Nicolau vs. Perez
Charles Johnson,Jake Hadley,Charles Johnson,2024-05-11,Decision - Unanimous,3,UFC Fight Night: Lewis vs. Nascimento
JJ Aldrich,Veronica Hardy,Veronica Hardy,2024-05-11,Decision - Unanimous,3,UFC Fight Night: Lewis vs. Nascimento
Austen Lane,Jhonata Diniz,Jhonata Diniz,2024-04-27,KO/TKO,2,UFC Fight Night: Nicolau vs. Perez
Ryan Spann,Bogdan Guskov,Bogdan Guskov,2024-04-27,KO/TKO,2,UFC Fight Night: Nicolau vs. Perez
Ariane da Silva,Karine Silva,Karine Silva,2024-04-27,Decision - Unanimous,3,UFC Fight Night: Nicolau vs. Perez
Jonathan Pearce,David Onama,David Onama,2024-04-27,Decision - Unanimous,3,UFC Fight Night: Nicolau vs. Perez
Tim Means,Uros Medic,Uros Medic,2024-04-27,KO/TKO,1,UFC Fight Night: Nicolau vs. Perez
Don'Tale Mayes,Caio Machado,Don'Tale Mayes,2024-04-27,Decision - Unanimous,3,UFC Fight Night: Nicolau vs. Perez
Rani Yahya,Victor Henry,Victor Henry,2024-04-27,KO/TKO,3,UFC Fight Night: Nicolau vs. Perez
Austin Hubbard,Michal Figlak,Austin Hubbard,2024-04-27,Decision - Unanimous,3,UFC Fight Night: Nicolau vs. Perez
James Llontop,Chris Padilla,Chris Padilla,2024-04-27,Submission,1,UFC Fight Night: Nicolau vs. Perez
Marnic Mann,Ketlen Souza,Ketlen Souza,2024-04-27,Decision - Unanimous,3,UFC Fight Night: Nicolau vs. Perez
Ivana Petrovic,Liang Na,Ivana Petrovic,2024-04-27,Submission,3,UFC Fight Night: Nicolau vs. Perez
Alex Pereira,Jamahal Hill,Alex Pereira,2024-04-13,KO/TKO,1,UFC 300: Pereira vs. Hill
Gabriel Benitez,Maheshate,Maheshate,2024-04-27,Decision - Split,3,UFC Fight Night: Nicolau vs. Perez
Justin Gaethje,Max Holloway,Max Holloway,2024-04-13,KO/TKO,5,UFC 300: Pereira vs. Hill
Zhang Weili,Yan Xiaonan,Zhang Weili,2024-04-13,Decision - Unanimous,5,UFC 300: Pereira vs. Hill
Charles Oliveira,Arman Tsarukyan,Arman Tsarukyan,2024-04-13,Decision - Split,3,UFC 300: Pereira vs. Hill
Bo Nickal,Cody Brundage,Bo Nickal,2024-04-13,Submission,2,UFC 300: Pereira vs. Hill
Jiri Prochazka,Aleksandar Rakic,Jiri Prochazka,2024-04-13,KO/TKO,2,UFC 300: Pereira vs. Hill
Calvin Kattar,Aljamain Sterling,Aljamain Sterling,2024-04-13,Decision - Unanimous,3,UFC 300: Pereira vs. Hill
Holly Holm,Kayla Harrison,Kayla Harrison,2024-04-13,Submission,2,UFC 300: Pereira vs. Hill
Sodiq Yusuff,Diego Lopes,Diego Lopes,2024-04-13,KO/TKO,1,UFC 300: Pereira vs. Hill
Jalin Turner,Renato Moicano,Renato Moicano,2024-04-13,KO/TKO,2,UFC 300: Pereira vs. Hill
Jessica Andrade,Marina Rodriguez,Jessica Andrade,2024-04-13,Decision - Split,3,UFC 300: Pereira vs. Hill
Deiveson Figueiredo,Cody Garbrandt,Deiveson Figueiredo,2024-04-13,Submission,2,UFC 300: Pereira vs. Hill
King Green,Jim Miller,King Green,2024-04-13,Decision - Unanimous,3,UFC 300: Pereira vs. Hill
Brendan Allen,Chris Curtis,Brendan Allen,2024-04-06,Decision - Split,5,UFC Fight Night: Allen vs. Curtis 2
Alexander Hernandez,Damon Jackson,Damon Jackson,2024-04-06,Decision - Split,3,UFC Fight Night: Allen vs. Curtis 2
Morgan Charriere,Chepe Mariscal,Chepe Mariscal,2024-04-06,Decision - Split,3,UFC Fight Night: Allen vs. Curtis 2
Ignacio Bahamondes,Christos Giagos,Ignacio Bahamondes,2024-04-06,KO/TKO,1,UFC Fight Night: Allen vs. Curtis 2
Trevor Peek,Charlie Campbell,Charlie Campbell,2024-04-06,Decision - Unanimous,3,UFC Fight Night: Allen vs. Curtis 2
Valter Walker,Lukasz Brzeski,Lukasz Brzeski,2024-04-06,Decision - Unanimous,3,UFC Fight Night: Allen vs. Curtis 2
Court McGee,Alex Morono,Alex Morono,2024-04-06,Decision - Unanimous,3,UFC Fight Night: Allen vs. Curtis 2
Norma Dumont,Germaine de Randamie,Norma Dumont,2024-04-06,Decision - Unanimous,3,UFC Fight Night: Allen vs. Curtis 2
Pedro Falcao,Victor Hugo,Victor Hugo,2024-04-06,Decision - Unanimous,3,UFC Fight Night: Allen vs. Curtis 2
Dan Argueta,Jean Matsumoto,Jean Matsumoto,2024-04-06,Submission,2,UFC Fight Night: Allen vs. Curtis 2
Melissa Mullins,Nora Cornolle,Nora Cornolle,2024-04-06,KO/TKO,2,UFC Fight Night: Allen vs. Curtis 2
Dylan Budka,Cesar Almeida,Cesar Almeida,2024-04-06,KO/TKO,2,UFC Fight Night: Allen vs. Curtis 2
Erin Blanchfield,Manon Fiorot,Manon Fiorot,2024-03-30,Decision - Unanimous,5,UFC Fight Night: Blanchfield vs. Fiorot
Vicente Luque,Joaquin Buckley,Joaquin Buckley,2024-03-30,KO/TKO,2,UFC Fight Night: Blanchfield vs. Fiorot
Nursulton Ruziboev,Sedriques Dumas,Nursulton Ruziboev,2024-03-30,KO/TKO,1,UFC Fight Night: Blanchfield vs. Fiorot
Chris Weidman,Bruno Silva,Chris Weidman,2024-03-30,Decision - Unanimous,3,UFC Fight Night: Blanchfield vs. Fiorot
Chidi Njokuani,Rhys McKee,Chidi Njokuani,2024-03-30,Decision - Split,3,UFC Fight Night: Blanchfield vs. Fiorot
Bill Algeo,Kyle Nelson,Kyle Nelson,2024-03-30,KO/TKO,1,UFC Fight Night: Blanchfield vs. Fiorot
Nate Landwehr,Jamall Emmers,Nate Landwehr,2024-03-30,KO/TKO,1,UFC Fight Night: Blanchfield vs. Fiorot
Virna Jandiroba,Loopy Godinez,Virna Jandiroba,2024-03-30,Decision - Unanimous,3,UFC Fight Night: Blanchfield vs. Fiorot
Julio Arce,Herbert Burns,Julio Arce,2024-03-30,KO/TKO,2,UFC Fight Night: Blanchfield vs. Fiorot
Dennis Buzukja,Connor Matthews,Dennis Buzukja,2024-03-30,KO/TKO,3,UFC Fight Night: Blanchfield vs. Fiorot
Ibo Aslan,Anton Turkalj,Ibo Aslan,2024-03-30,KO/TKO,3,UFC Fight Night: Blanchfield vs. Fiorot
Andre Petroski,Jacob Malkoun,Jacob Malkoun,2024-03-30,KO/TKO,2,UFC Fight Night: Blanchfield vs. Fiorot
Amanda Ribas,Rose Namajunas,Rose Namajunas,2024-03-23,Decision - Unanimous,5,UFC Fight Night: Ribas vs. Namajunas
Karl Williams,Justin Tafa,Karl Williams,2024-03-23,Decision - Unanimous,3,UFC Fight Night: Ribas vs. Namajunas
Angel Pacheco,Caolan Loughran,Caolan Loughran,2024-03-30,Decision - Unanimous,3,UFC Fight Night: Blanchfield vs. Fiorot
Payton Talbott,Cameron Saaiman,Payton Talbott,2024-03-23,KO/TKO,2,UFC Fight Night: Ribas vs. Namajunas
Edmen Shahbazyan,AJ Dobson,Edmen Shahbazyan,2024-03-23,KO/TKO,1,UFC Fight Night: Ribas vs. Namajunas
Fernando Padilla,Luis Pajuelo,Fernando Padilla,2024-03-23,Submission,1,UFC Fight Night: Ribas vs. Namajunas
Billy Quarantillo,Youssef Zalal,Youssef Zalal,2024-03-23,Submission,2,UFC Fight Night: Ribas vs. Namajunas
Ricardo Ramos,Julian Erosa,Julian Erosa,2024-03-23,Submission,1,UFC Fight Night: Ribas vs. Namajunas
Kurt Holobaugh,Trey Ogden,Trey Ogden,2024-03-23,Decision - Unanimous,3,UFC Fight Night: Ribas vs. Namajunas
Miles Johns,Cody Gibson,Miles Johns,2024-03-23,Decision - Unanimous,3,UFC Fight Night: Ribas vs. Namajunas
Jarno Errens,Steven Nguyen,Jarno Errens,2024-03-23,Decision - Unanimous,3,UFC Fight Night: Ribas vs. Namajunas
Montse Rendon,Daria Zhelezniakova,Daria Zhelezniakova,2024-03-23,Decision - Unanimous,3,UFC Fight Night: Ribas vs. Namajunas
Tai Tuivasa,Marcin Tybura,Marcin Tybura,2024-03-16,Submission,1,UFC Fight Night: Tuivasa vs. Tybura
Igor Severino,Andre Lima,Andre Lima,2024-03-23,DQ,2,UFC Fight Night: Ribas vs. Namajunas
Mohammed Usman,Mick Parkin,Mick Parkin,2024-03-23,Decision - Unanimous,3,UFC Fight Night: Ribas vs. Namajunas
Christian Rodriguez,Isaac Dulgarian,Christian Rodriguez,2024-03-16,Decision - Split,3,UFC Fight Night: Tuivasa vs. Tybura
Pannie Kianzad,Macy Chiasson,Macy Chiasson,2024-03-16,Submission,1,UFC Fight Night: Tuivasa vs. Tybura
Ovince Saint Preux,Kennedy Nzechukwu,Ovince Saint Preux,2024-03-16,Decision - Split,3,UFC Fight Night: Tuivasa vs. Tybura
Gerald Meerschaert,Bryan Barberena,Gerald Meerschaert,2024-03-16,Submission,2,UFC Fight Night: Tuivasa vs. Tybura
Natan Levy,Mike Davis,Mike Davis,2024-03-16,Submission,2,UFC Fight Night: Tuivasa vs. Tybura
Jafel Filho,Ode Osbourne,Jafel Filho,2024-03-16,Submission,1,UFC Fight Night: Tuivasa vs. Tybura
Josiane Nunes,Chelsea Chandler,Chelsea Chandler,2024-03-16,Decision - Unanimous,3,UFC Fight Night: Tuivasa vs. Tybura
Josh Culibao,Danny Silva,Danny Silva,2024-03-16,Decision - Split,3,UFC Fight Night: Tuivasa vs. Tybura
Jaqueline Amorim,Cory McKenna,Jaqueline Amorim,2024-03-16,Submission,1,UFC Fight Night: Tuivasa vs. Tybura
Thiago Moises,Mitch Ramirez,Thiago Moises,2024-03-16,KO/TKO,3,UFC Fight Night: Tuivasa vs. Tybura
Charalampos Grigoriou,Chad Anheliger,Chad Anheliger,2024-03-16,Decision - Unanimous,3,UFC Fight Night: Tuivasa vs. Tybura
Dustin Poirier,Benoit Saint Denis,Dustin Poirier,2024-03-09,KO/TKO,2,UFC 299: O'Malley vs. Vera 2
Sean O'Malley,Marlon Vera,Sean O'Malley,2024-03-09,Decision - Unanimous,5,UFC 299: O'Malley vs. Vera 2
Kevin Holland,Michael Page,Michael Page,2024-03-09,Decision - Unanimous,3,UFC 299: O'Malley vs. Vera 2
Curtis Blaydes,Jailton Almeida,Curtis Blaydes,2024-03-09,KO/TKO,2,UFC 299: O'Malley vs. Vera 2
Petr Yan,Song Yadong,Petr Yan,2024-03-09,Decision - Unanimous,3,UFC 299: O'Malley vs. Vera 2
Gilbert Burns,Jack Della Maddalena,Jack Della Maddalena,2024-03-09,KO/TKO,3,UFC 299: O'Malley vs. Vera 2
Katlyn Cerminara,Maycee Barber,Maycee Barber,2024-03-09,Decision - Unanimous,3,UFC 299: O'Malley vs. Vera 2
Mateusz Gamrot,Rafael Dos Anjos,Mateusz Gamrot,2024-03-09,Decision - Unanimous,3,UFC 299: O'Malley vs. Vera 2
Pedro Munhoz,Kyler Phillips,Kyler Phillips,2024-03-09,Decision - Unanimous,3,UFC 299: O'Malley vs. Vera 2
Michel Pereira,Michal Oleksiejczuk,Michel Pereira,2024-03-09,Submission,1,UFC 299: O'Malley vs. Vera 2
Robelis Despaigne,Josh Parisian,Robelis Despaigne,2024-03-09,KO/TKO,1,UFC 299: O'Malley vs. Vera 2
Ion Cutelaba,Philipe Lins,Philipe Lins,2024-03-09,Decision - Unanimous,3,UFC 299: O'Malley vs. Vera 2
CJ Vergara,Asu Almabayev,Asu Almabayev,2024-03-09,Decision - Unanimous,3,UFC 299: O'Malley vs. Vera 2
Joanne Wood,Maryna Moroz,Joanne Wood,2024-03-09,Decision - Split,3,UFC 299: O'Malley vs. Vera 2
Jairzinho Rozenstruik,Shamil Gaziev,Jairzinho Rozenstruik,2024-03-02,KO/TKO,4,UFC Fight Night: Rozenstruik vs. Gaziev
Vitor Petrino,Tyson Pedro,Vitor Petrino,2024-03-02,Decision - Unanimous,3,UFC Fight Night: Rozenstruik vs. Gaziev
Alex Perez,Muhammad Mokaev,Muhammad Mokaev,2024-03-02,Decision - Unanimous,3,UFC Fight Night: Rozenstruik vs. Gaziev
Matt Schnell,Steve Erceg,Steve Erceg,2024-03-02,KO/TKO,2,UFC Fight Night: Rozenstruik vs. Gaziev
Umar Nurmagomedov,Bekzat Almakhan,Umar Nurmagomedov,2024-03-02,Decision - Unanimous,3,UFC Fight Night: Rozenstruik vs. Gaziev
Eryk Anders,Jamie Pickett,Eryk Anders,2024-03-02,Decision - Unanimous,3,UFC Fight Night: Rozenstruik vs. Gaziev
Vinicius Oliveira,Benardo Sopaj,Vinicius Oliveira,2024-03-02,KO/TKO,3,UFC Fight Night: Rozenstruik vs. Gaziev
Christian Leroy Duncan,Claudio Ribeiro,Christian Leroy Duncan,2024-03-02,KO/TKO,2,UFC Fight Night: Rozenstruik vs. Gaziev
Aiemann Zahabi,Javid Basharat,Aiemann Zahabi,2024-03-02,Decision - Unanimous,3,UFC Fight Night: Rozenstruik vs. Gaziev
Ludovit Klein,AJ Cunningham,Ludovit Klein,2024-03-02,KO/TKO,1,UFC Fight Night: Rozenstruik vs. Gaziev
Abdul-Kareem Al-Selwady,Loik Radzhabov,Loik Radzhabov,2024-03-02,KO/TKO,3,UFC Fight Night: Rozenstruik vs. Gaziev
Brandon Moreno,Brandon Royval,Brandon Royval,2024-02-24,Decision - Split,5,UFC Fight Night: Moreno vs. Royval 2
Yair Rodriguez,Brian Ortega,Brian Ortega,2024-02-24,Submission,3,UFC Fight Night: Moreno vs. Royval 2
Daniel Zellhuber,Francisco Prado,Daniel Zellhuber,2024-02-24,Decision - Unanimous,3,UFC Fight Night: Moreno vs. Royval 2
Manuel Torres,Chris Duncan,Manuel Torres,2024-02-24,Submission,1,UFC Fight Night: Moreno vs. Royval 2
Yazmin Jauregui,Sam Hughes,Yazmin Jauregui,2024-02-24,Decision - Unanimous,3,UFC Fight Night: Moreno vs. Royval 2
Cristian Quinonez,Raoni Barcelos,Raoni Barcelos,2024-02-24,Submission,3,UFC Fight Night: Moreno vs. Royval 2
Jesus Aguilar,Mateus Mendonca,Jesus Aguilar,2024-02-24,Decision - Split,3,UFC Fight Night: Moreno vs. Royval 2
Edgar Chairez,Daniel Lacerda,Edgar Chairez,2024-02-24,Submission,1,UFC Fight Night: Moreno vs. Royval 2
Claudio Puelles,Fares Ziam,Fares Ziam,2024-02-24,Decision - Split,3,UFC Fight Night: Moreno vs. Royval 2
Victor Altamirano,Felipe dos Santos,Felipe dos Santos,2024-02-24,Decision - Split,3,UFC Fight Night: Moreno vs. Royval 2
Ronaldo Rodriguez,Denys Bondar,Ronaldo Rodriguez,2024-02-24,Submission,2,UFC Fight Night: Moreno vs. Royval 2
Erik Silva,Muhammad Naimov,Muhammad Naimov,2024-02-24,KO/TKO,1,UFC Fight Night: Moreno vs. Royval 2
Robert Whittaker,Paulo Costa,Robert Whittaker,2024-02-17,Decision - Unanimous,3,UFC 298: Volkanovski vs. Topuria
Geoff Neal,Ian Machado Garry,Ian Machado Garry,2024-02-17,Decision - Split,3,UFC 298: Volkanovski vs. Topuria
Alexander Volkanovski,Ilia Topuria,Ilia Topuria,2024-02-17,KO/TKO,2,UFC 298: Volkanovski vs. Topuria
Merab Dvalishvili,Henry Cejudo,Merab Dvalishvili,2024-02-17,Decision - Unanimous,3,UFC 298: Volkanovski vs. Topuria
Anthony Hernandez,Roman Kopylov,Anthony Hernandez,2024-02-17,Submission,2,UFC 298: Volkanovski vs. Topuria
Marcos Rogerio de Lima,Junior Tafa,Marcos Rogerio de Lima,2024-02-17,KO/TKO,2,UFC 298: Volkanovski vs. Topuria
Amanda Lemos,Mackenzie Dern,Amanda Lemos,2024-02-17,Decision - Unanimous,3,UFC 298: Volkanovski vs. Topuria
Zhang Mingyang,Brendson Ribeiro,Zhang Mingyang,2024-02-17,KO/TKO,1,UFC 298: Volkanovski vs. Topuria
Rinya Nakamura,Carlos Vera,Rinya Nakamura,2024-02-17,Decision - Unanimous,3,UFC 298: Volkanovski vs. Topuria
Josh Quinlan,Danny Barlow,Danny Barlow,2024-02-17,KO/TKO,3,UFC 298: Volkanovski vs. Topuria
Oban Elliott,Val Woodburn,Oban Elliott,2024-02-17,Decision - Unanimous,3,UFC 298: Volkanovski vs. Topuria
Andrea Lee,Miranda Maverick,Miranda Maverick,2024-02-17,Decision - Unanimous,3,UFC 298: Volkanovski vs. Topuria
Dan Ige,Andre Fili,Dan Ige,2024-02-10,KO/TKO,1,UFC Fight Night: Hermansson vs. Pyfer
Jack Hermansson,Joe Pyfer,Jack Hermansson,2024-02-10,Decision - Unanimous,5,UFC Fight Night: Hermansson vs. Pyfer
Brad Tavares,Gregory Rodrigues,Gregory Rodrigues,2024-02-10,KO/TKO,3,UFC Fight Night: Hermansson vs. Pyfer
Robert Bryczek,Ihor Potieria,Ihor Potieria,2024-02-10,Decision - Unanimous,3,UFC Fight Night: Hermansson vs. Pyfer
Michael Johnson,Darrius Flowers,Michael Johnson,2024-02-10,Decision - Unanimous,3,UFC Fight Night: Hermansson vs. Pyfer
Bolaji Oki,Timmy Cuamba,Bolaji Oki,2024-02-10,Decision - Split,3,UFC Fight Night: Hermansson vs. Pyfer
Rodolfo Vieira,Armen Petrosyan,Rodolfo Vieira,2024-02-10,Submission,1,UFC Fight Night: Hermansson vs. Pyfer
Trevin Giles,Carlos Prates,Carlos Prates,2024-02-10,KO/TKO,2,UFC Fight Night: Hermansson vs. Pyfer
Devin Clark,Marcin Prachnio,Marcin Prachnio,2024-02-10,Decision - Unanimous,3,UFC Fight Night: Hermansson vs. Pyfer
Loma Lookboonmee,Bruna Brasil,Loma Lookboonmee,2024-02-10,Decision - Unanimous,3,UFC Fight Night: Hermansson vs. Pyfer
Max Griffin,Jeremiah Wells,Max Griffin,2024-02-10,Decision - Split,3,UFC Fight Night: Hermansson vs. Pyfer
Zac Pauga,Bogdan Guskov,Bogdan Guskov,2024-02-10,KO/TKO,1,UFC Fight Night: Hermansson vs. Pyfer
Fernie Garcia,Hyder Amil,Hyder Amil,2024-02-10,KO/TKO,2,UFC Fight Night: Hermansson vs. Pyfer
Roman Dolidze,Nassourdine Imavov,Nassourdine Imavov,2024-02-03,Decision - Majority,5,UFC Fight Night: Dolidze vs. Imavov
Renato Moicano,Drew Dober,Renato Moicano,2024-02-03,Decision - Unanimous,3,UFC Fight Night: Dolidze vs. Imavov
Randy Brown,Muslim Salikhov,Randy Brown,2024-02-03,KO/TKO,1,UFC Fight Night: Dolidze vs. Imavov
Viviane Araujo,Natalia Silva,Natalia Silva,2024-02-03,Decision - Unanimous,3,UFC Fight Night: Dolidze vs. Imavov
Gilbert Urbina,Charles Radtke,Charles Radtke,2024-02-03,KO/TKO,1,UFC Fight Night: Dolidze vs. Imavov
Molly McCann,Diana Belbita,Molly McCann,2024-02-03,Submission,1,UFC Fight Night: Dolidze vs. Imavov
Themba Gorimbo,Pete Rodriguez,Themba Gorimbo,2024-02-03,KO/TKO,1,UFC Fight Night: Dolidze vs. Imavov
Azat Maksum,Charles Johnson,Charles Johnson,2024-02-03,Decision - Unanimous,3,UFC Fight Night: Dolidze vs. Imavov
JeongYeong Lee,Blake Bilder,JeongYeong Lee,2024-02-03,Decision - Unanimous,3,UFC Fight Night: Dolidze vs. Imavov
Luana Carolina,Julija Stoliarenko,Luana Carolina,2024-02-03,KO/TKO,3,UFC Fight Night: Dolidze vs. Imavov
Landon Quinones,MarQuel Mederos,MarQuel Mederos,2024-02-03,Decision - Unanimous,3,UFC Fight Night: Dolidze vs. Imavov
Thomas Petersen,Jamal Pogues,Jamal Pogues,2024-02-03,Decision - Unanimous,3,UFC Fight Night: Dolidze vs. Imavov
Magomed Ankalaev,Johnny Walker,Magomed Ankalaev,2024-01-13,KO/TKO,2,UFC Fight Night: Ankalaev vs. Walker 2
Jim Miller,Gabriel Benitez,Jim Miller,2024-01-13,Submission,3,UFC Fight Night: Ankalaev vs. Walker 2
Ricky Simon,Mario Bautista,Mario Bautista,2024-01-13,Decision - Unanimous,3,UFC Fight Night: Ankalaev vs. Walker 2
Phil Hawes,Brunno Ferreira,Brunno Ferreira,2024-01-13,KO/TKO,1,UFC Fight Night: Ankalaev vs. Walker 2
Andrei Arlovski,Waldo Cortes-Acosta,Waldo Cortes-Acosta,2024-01-13,Decision - Unanimous,3,UFC Fight Night: Ankalaev vs. Walker 2
Matthew Semelsberger,Preston Parsons,Preston Parsons,2024-01-13,Decision - Unanimous,3,UFC Fight Night: Ankalaev vs. Walker 2
Farid Basharat,Taylor Lapilus,Farid Basharat,2024-01-13,Decision - Unanimous,3,UFC Fight Night: Ankalaev vs. Walker 2
Marcus McGhee,Gaston Bolanos,Marcus McGhee,2024-01-13,KO/TKO,2,UFC Fight Night: Ankalaev vs. Walker 2
Nikolas Motta,Tom Nolan,Nikolas Motta,2024-01-13,KO/TKO,1,UFC Fight Night: Ankalaev vs. Walker 2
Westin Wilson,Jean Silva,Jean Silva,2024-01-13,KO/TKO,1,UFC Fight Night: Ankalaev vs. Walker 2
Joshua Van,Felipe Bunes,Joshua Van,2024-01-13,KO/TKO,2,UFC Fight Night: Ankalaev vs. Walker 2
Raquel Pennington,Mayra Bueno Silva,Raquel Pennington,2024-01-20,Decision - Unanimous,5,UFC 297: Strickland vs. Du Plessis
Neil Magny,Mike Malott,Neil Magny,2024-01-20,KO/TKO,3,UFC 297: Strickland vs. Du Plessis
Chris Curtis,Marc-Andre Barriault,Chris Curtis,2024-01-20,Decision - Split,3,UFC 297: Strickland vs. Du Plessis
Sean Strickland,Dricus Du Plessis,Dricus Du Plessis,2024-01-20,Decision - Split,5,UFC 297: Strickland vs. Du Plessis
Arnold Allen,Movsar Evloev,Movsar Evloev,2024-01-20,Decision - Unanimous,3,UFC 297: Strickland vs. Du Plessis
Charles Jourdain,Sean Woodson,Sean Woodson,2024-01-20,Decision - Split,3,UFC 297: Strickland vs. Du Plessis
Brad Katona,Garrett Armfield,Garrett Armfield,2024-01-20,Decision - Unanimous,3,UFC 297: Strickland vs. Du Plessis
Gillian Robertson,Polyana Viana,Gillian Robertson,2024-01-20,KO/TKO,2,UFC 297: Strickland vs. Du Plessis
Serhiy Sidey,Ramon Taveras,Ramon Taveras,2024-01-20,Decision - Split,3,UFC 297: Strickland vs. Du Plessis
Yohan Lainesse,Sam Patterson,Sam Patterson,2024-01-20,Submission,1,UFC 297: Strickland vs. Du Plessis
Leon Edwards,Colby Covington,Leon Edwards,2023-12-16,Decision - Unanimous,5,UFC 296: Edwards vs. Covington
Jasmine Jasudavicius,Priscila Cachoeira,Jasmine Jasudavicius,2024-01-20,Submission,3,UFC 297: Strickland vs. Du Plessis
Malcolm Gordon,Jimmy Flick,Jimmy Flick,2024-01-20,Submission,2,UFC 297: Strickland vs. Du Plessis
Alexandre Pantoja,Brandon Royval,Alexandre Pantoja,2023-12-16,Decision - Unanimous,5,UFC 296: Edwards vs. Covington
Tony Ferguson,Paddy Pimblett,Paddy Pimblett,2023-12-16,Decision - Unanimous,3,UFC 296: Edwards vs. Covington
Josh Emmett,Bryce Mitchell,Josh Emmett,2023-12-16,KO/TKO,1,UFC 296: Edwards vs. Covington
Shavkat Rakhmonov,Stephen Thompson,Shavkat Rakhmonov,2023-12-16,Submission,2,UFC 296: Edwards vs. Covington
Alonzo Menifield,Dustin Jacoby,Alonzo Menifield,2023-12-16,Decision - Unanimous,3,UFC 296: Edwards vs. Covington
Irene Aldana,Karol Rosa,Irene Aldana,2023-12-16,Decision - Unanimous,3,UFC 296: Edwards vs. Covington
Cody Garbrandt,Brian Kelleher,Cody Garbrandt,2023-12-16,KO/TKO,1,UFC 296: Edwards vs. Covington
Casey O'Neill,Ariane da Silva,Ariane da Silva,2023-12-16,Submission,2,UFC 296: Edwards vs. Covington
Andre Fili,Lucas Almeida,Andre Fili,2023-12-16,KO/TKO,1,UFC 296: Edwards vs. Covington
Tagir Ulanbekov,Cody Durden,Tagir Ulanbekov,2023-12-16,Submission,2,UFC 296: Edwards vs. Covington
Martin Buday,Shamil Gaziev,Shamil Gaziev,2023-12-16,KO/TKO,2,UFC 296: Edwards vs. Covington
Anthony Smith,Khalil Rountree Jr.,Khalil Rountree Jr.,2023-12-09,KO/TKO,3,UFC Fight Night: Song vs. Gutierrez
Nasrat Haqparast,Jamie Mullarkey,Nasrat Haqparast,2023-12-09,KO/TKO,1,UFC Fight Night: Song vs. Gutierrez
Song Yadong,Chris Gutierrez,Song Yadong,2023-12-09,Decision - Unanimous,5,UFC Fight Night: Song vs. Gutierrez
Song Kenan,Kevin Jousset,Kevin Jousset,2023-12-09,Decision - Unanimous,3,UFC Fight Night: Song vs. Gutierrez
Tim Elliott,Sumudaerji,Tim Elliott,2023-12-09,Submission,1,UFC Fight Night: Song vs. Gutierrez
JunYong Park,Andre Muniz,Andre Muniz,2023-12-09,Decision - Split,3,UFC Fight Night: Song vs. Gutierrez
Steve Garcia,Melquizael Costa,Steve Garcia,2023-12-09,KO/TKO,2,UFC Fight Night: Song vs. Gutierrez
Luana Santos,Stephanie Egger,Luana Santos,2023-12-09,Decision - Unanimous,3,UFC Fight Night: Song vs. Gutierrez
HyunSung Park,Shannon Ross,HyunSung Park,2023-12-09,KO/TKO,2,UFC Fight Night: Song vs. Gutierrez
Tatsuro Taira,Carlos Hernandez,Tatsuro Taira,2023-12-09,KO/TKO,2,UFC Fight Night: Song vs. Gutierrez
Jalin Turner,King Green,Jalin Turner,2023-12-02,KO/TKO,1,UFC Fight Night: Dariush vs. Tsarukyan
Beneil Dariush,Arman Tsarukyan,Arman Tsarukyan,2023-12-02,KO/TKO,1,UFC Fight Night: Dariush vs. Tsarukyan
Rayanne dos Santos,Talita Alencar,Talita Alencar,2023-12-09,Decision - Split,3,UFC Fight Night: Song vs. Gutierrez
Rob Font,Deiveson Figueiredo,Deiveson Figueiredo,2023-12-02,Decision - Unanimous,3,UFC Fight Night: Dariush vs. Tsarukyan
Sean Brady,Kelvin Gastelum,Sean Brady,2023-12-02,Submission,3,UFC Fight Night: Dariush vs. Tsarukyan
Clay Guida,Joaquim Silva,Joaquim Silva,2023-12-02,Decision - Unanimous,3,UFC Fight Night: Dariush vs. Tsarukyan
Zachary Reese,Cody Brundage,Cody Brundage,2023-12-02,KO/TKO,1,UFC Fight Night: Dariush vs. Tsarukyan
Punahele Soriano,Dustin Stoltzfus,Dustin Stoltzfus,2023-12-02,Submission,2,UFC Fight Night: Dariush vs. Tsarukyan
Miesha Tate,Julia Avila,Miesha Tate,2023-12-02,Submission,3,UFC Fight Night: Dariush vs. Tsarukyan
Drakkar Klose,Joe Solecki,Drakkar Klose,2023-12-02,KO/TKO,1,UFC Fight Night: Dariush vs. Tsarukyan
Rodolfo Bellato,Ihor Potieria,Rodolfo Bellato,2023-12-02,KO/TKO,2,UFC Fight Night: Dariush vs. Tsarukyan
Wellington Turman,Jared Gooden,Jared Gooden,2023-12-02,Submission,2,UFC Fight Night: Dariush vs. Tsarukyan
Brendan Allen,Paul Craig,Brendan Allen,2023-11-18,Submission,3,UFC Fight Night: Allen vs. Craig
Veronica Hardy,Jamey-Lyn Horth,Veronica Hardy,2023-12-02,Decision - Split,3,UFC Fight Night: Dariush vs. Tsarukyan
Michael Morales,Jake Matthews,Michael Morales,2023-11-18,Decision - Unanimous,3,UFC Fight Night: Allen vs. Craig
Chase Hooper,Jordan Leavitt,Chase Hooper,2023-11-18,Submission,1,UFC Fight Night: Allen vs. Craig
Luana Pinheiro,Amanda Ribas,Amanda Ribas,2023-11-18,KO/TKO,3,UFC Fight Night: Allen vs. Craig
Payton Talbott,Nick Aguirre,Payton Talbott,2023-11-18,Submission,3,UFC Fight Night: Allen vs. Craig
Uros Medic,Myktybek Orolbai,Myktybek Orolbai,2023-11-18,Submission,2,UFC Fight Night: Allen vs. Craig
Christian Leroy Duncan,Denis Tiuliulin,Christian Leroy Duncan,2023-11-18,KO/TKO,2,UFC Fight Night: Allen vs. Craig
Jonathan Pearce,Joanderson Brito,Joanderson Brito,2023-11-18,Submission,2,UFC Fight Night: Allen vs. Craig
Chad Anheliger,Jose Johnson,Jose Johnson,2023-11-18,Submission,3,UFC Fight Night: Allen vs. Craig
Mick Parkin,Caio Machado,Mick Parkin,2023-11-18,Decision - Unanimous,3,UFC Fight Night: Allen vs. Craig
Lucie Pudilova,Ailin Perez,Ailin Perez,2023-11-18,Decision - Unanimous,3,UFC Fight Night: Allen vs. Craig
Jeka Saragih,Lucas Alexander,Jeka Saragih,2023-11-18,KO/TKO,1,UFC Fight Night: Allen vs. Craig
Sergei Pavlovich,Tom Aspinall,Tom Aspinall,2023-11-11,KO/TKO,1,UFC 295: Prochazka vs. Pereira
Charles Johnson,Rafael Estevam,Rafael Estevam,2023-11-18,Decision - Unanimous,3,UFC Fight Night: Allen vs. Craig
Jiri Prochazka,Alex Pereira,Alex Pereira,2023-11-11,KO/TKO,2,UFC 295: Prochazka vs. Pereira
Matt Frevola,Benoit Saint Denis,Benoit Saint Denis,2023-11-11,KO/TKO,1,UFC 295: Prochazka vs. Pereira
Diego Lopes,Pat Sabatini,Diego Lopes,2023-11-11,KO/TKO,1,UFC 295: Prochazka vs. Pereira
Jessica Andrade,Mackenzie Dern,Jessica Andrade,2023-11-11,KO/TKO,2,UFC 295: Prochazka vs. Pereira
Steve Erceg,Alessandro Costa,Steve Erceg,2023-11-11,Decision - Unanimous,3,UFC 295: Prochazka vs. Pereira
Mateusz Rebecki,Roosevelt Roberts,Mateusz Rebecki,2023-11-11,Submission,1,UFC 295: Prochazka vs. Pereira
Tabatha Ricci,Loopy Godinez,Loopy Godinez,2023-11-11,Decision - Split,3,UFC 295: Prochazka vs. Pereira
Jared Gordon,Mark Madsen,Jared Gordon,2023-11-11,KO/TKO,1,UFC 295: Prochazka vs. Pereira
John Castaneda,Kyung Ho Kang,John Castaneda,2023-11-11,Decision - Unanimous,3,UFC 295: Prochazka vs. Pereira
Joshua Van,Kevin Borjas,Joshua Van,2023-11-11,Decision - Unanimous,3,UFC 295: Prochazka vs. Pereira
Dennis Buzukja,Jamall Emmers,Jamall Emmers,2023-11-11,KO/TKO,1,UFC 295: Prochazka vs. Pereira
Islam Makhachev,Alexander Volkanovski,Islam Makhachev,2023-10-21,KO/TKO,1,UFC 294: Makhachev vs. Volkanovski 2
Ikram Aliskerov,Warlley Alves,Ikram Aliskerov,2023-10-21,KO/TKO,1,UFC 294: Makhachev vs. Volkanovski 2
Tim Elliott,Muhammad Mokaev,Muhammad Mokaev,2023-10-21,Submission,3,UFC 294: Makhachev vs. Volkanovski 2
Kamaru Usman,Khamzat Chimaev,Khamzat Chimaev,2023-10-21,Decision - Majority,3,UFC 294: Makhachev vs. Volkanovski 2
Said Nurmagomedov,Muin Gafurov,Said Nurmagomedov,2023-10-21,Submission,1,UFC 294: Makhachev vs. Volkanovski 2
Mohammad Yahya,Trevor Peek,Trevor Peek,2023-10-21,Decision - Unanimous,3,UFC 294: Makhachev vs. Volkanovski 2
Mike Breeden,Anshul Jubli,Mike Breeden,2023-10-21,KO/TKO,3,UFC 294: Makhachev vs. Volkanovski 2
Abu Azaitar,Sedriques Dumas,Sedriques Dumas,2023-10-21,Decision - Unanimous,3,UFC 294: Makhachev vs. Volkanovski 2
Nathaniel Wood,Muhammad Naimov,Muhammad Naimov,2023-10-21,Decision - Unanimous,3,UFC 294: Makhachev vs. Volkanovski 2
Jailton Almeida,Derrick Lewis,Jailton Almeida,2023-11-04,Decision - Unanimous,5,UFC Fight Night: Almeida vs. Lewis
Shara Magomedov,Bruno Silva,Shara Magomedov,2023-10-21,Decision - Unanimous,3,UFC 294: Makhachev vs. Volkanovski 2
Viktoriia Dudakova,Jinh Yu Frey,Viktoriia Dudakova,2023-10-21,Decision - Unanimous,3,UFC 294: Makhachev vs. Volkanovski 2
Rodrigo Nascimento,Don'Tale Mayes,Rodrigo Nascimento,2023-11-04,Decision - Unanimous,3,UFC Fight Night: Almeida vs. Lewis
Gabriel Bonfim,Nicolas Dalby,Nicolas Dalby,2023-11-04,KO/TKO,2,UFC Fight Night: Almeida vs. Lewis
Caio Borralho,Abus Magomedov,Caio Borralho,2023-11-04,Decision - Unanimous,3,UFC Fight Night: Almeida vs. Lewis
Vitor Petrino,Modestas Bukauskas,Vitor Petrino,2023-11-04,KO/TKO,2,UFC Fight Night: Almeida vs. Lewis
Elves Brener,Kaynan Kruschewsky,Elves Brener,2023-11-04,KO/TKO,1,UFC Fight Night: Almeida vs. Lewis
Angela Hill,Denise Gomes,Angela Hill,2023-11-04,Decision - Unanimous,3,UFC Fight Night: Almeida vs. Lewis
Eduarda Moura,Montserrat Conejo Ruiz,Eduarda Moura,2023-11-04,KO/TKO,2,UFC Fight Night: Almeida vs. Lewis
Kaue Fernandes,Marc Diakiese,Marc Diakiese,2023-11-04,Decision - Split,3,UFC Fight Night: Almeida vs. Lewis
Sodiq Yusuff,Edson Barboza,Edson Barboza,2023-10-14,Decision - Unanimous,5,UFC Fight Night: Yusuff vs. Barboza
Jennifer Maia,Viviane Araujo,Viviane Araujo,2023-10-14,Decision - Unanimous,3,UFC Fight Night: Yusuff vs. Barboza
Christian Rodriguez,Cameron Saaiman,Christian Rodriguez,2023-10-14,Decision - Unanimous,3,UFC Fight Night: Yusuff vs. Barboza
Jonathan Martinez,Adrian Yanez,Jonathan Martinez,2023-10-14,KO/TKO,2,UFC Fight Night: Yusuff vs. Barboza
Andre Petroski,Michel Pereira,Michel Pereira,2023-10-14,KO/TKO,1,UFC Fight Night: Yusuff vs. Barboza
Terrance McKinney,Brendon Marotte,Terrance McKinney,2023-10-14,KO/TKO,1,UFC Fight Night: Yusuff vs. Barboza
Darren Elkins,TJ Brown,Darren Elkins,2023-10-14,Submission,3,UFC Fight Night: Yusuff vs. Barboza
Tainara Lisboa,Ravena Oliveira,Tainara Lisboa,2023-10-14,Decision - Unanimous,3,UFC Fight Night: Yusuff vs. Barboza
Irina Alekseeva,Melissa Mullins,Melissa Mullins,2023-10-14,Decision - Unanimous,3,UFC Fight Night: Yusuff vs. Barboza
Chris Gutierrez,Alatengheili,Chris Gutierrez,2023-10-14,Decision - Unanimous,3,UFC Fight Night: Yusuff vs. Barboza
Ashley Yoder,Emily Ducote,Emily Ducote,2023-10-14,Decision - Unanimous,3,UFC Fight Night: Yusuff vs. Barboza
Grant Dawson,King Green,King Green,2023-10-07,KO/TKO,1,UFC Fight Night: Dawson vs. Green
Alex Morono,Joaquin Buckley,Joaquin Buckley,2023-10-07,Decision - Unanimous,3,UFC Fight Night: Dawson vs. Green
Joe Pyfer,Abdul Razak Alhassan,Joe Pyfer,2023-10-07,Submission,2,UFC Fight Night: Dawson vs. Green
Drew Dober,Ricky Glenn,Drew Dober,2023-10-07,KO/TKO,1,UFC Fight Night: Dawson vs. Green
Alexander Hernandez,Bill Algeo,Bill Algeo,2023-10-07,Decision - Unanimous,3,UFC Fight Night: Dawson vs. Green
Nate Maness,Mateus Mendonca,Nate Maness,2023-10-07,KO/TKO,1,UFC Fight Night: Dawson vs. Green
Karolina Kowalkiewicz,Diana Belbita,Karolina Kowalkiewicz,2023-10-07,Decision - Unanimous,3,UFC Fight Night: Dawson vs. Green
Vanessa Demopoulos,Kanako Murata,Vanessa Demopoulos,2023-10-07,Decision - Unanimous,3,UFC Fight Night: Dawson vs. Green
Montana De La Rosa,JJ Aldrich,JJ Aldrich,2023-10-07,Decision - Unanimous,3,UFC Fight Night: Dawson vs. Green
Aoriqileng,Johnny Munoz,Aoriqileng,2023-10-07,Decision - Unanimous,3,UFC Fight Night: Dawson vs. Green
Rafael Fiziev,Mateusz Gamrot,Mateusz Gamrot,2023-09-23,KO/TKO,2,UFC Fight Night: Fiziev vs. Gamrot
Bryce Mitchell,Dan Ige,Bryce Mitchell,2023-09-23,Decision - Unanimous,3,UFC Fight Night: Fiziev vs. Gamrot
Marina Rodriguez,Michelle Waterson-Gomez,Marina Rodriguez,2023-09-23,KO/TKO,2,UFC Fight Night: Fiziev vs. Gamrot
Bryan Battle,AJ Fletcher,Bryan Battle,2023-09-23,Submission,2,UFC Fight Night: Fiziev vs. Gamrot
Ricardo Ramos,Charles Jourdain,Charles Jourdain,2023-09-23,Submission,1,UFC Fight Night: Fiziev vs. Gamrot
Jacob Malkoun,Cody Brundage,Cody Brundage,2023-09-23,DQ,1,UFC Fight Night: Fiziev vs. Gamrot
Tim Means,Andre Fialho,Tim Means,2023-09-23,KO/TKO,3,UFC Fight Night: Fiziev vs. Gamrot
Mohammed Usman,Jake Collier,Mohammed Usman,2023-09-23,Decision - Unanimous,3,UFC Fight Night: Fiziev vs. Gamrot
Mizuki,Hannah Goldy,Mizuki,2023-09-23,Decision - Unanimous,3,UFC Fight Night: Fiziev vs. Gamrot
Tamires Vidal,Montse Rendon,Montse Rendon,2023-09-23,Decision - Split,3,UFC Fight Night: Fiziev vs. Gamrot
Ciryl Gane,Serghei Spivac,Ciryl Gane,2023-09-02,KO/TKO,2,UFC Fight Night: Gane vs. Spivac
Benoit Saint Denis,Thiago Moises,Benoit Saint Denis,2023-09-02,KO/TKO,2,UFC Fight Night: Gane vs. Spivac
Manon Fiorot,Rose Namajunas,Manon Fiorot,2023-09-02,Decision - Unanimous,3,UFC Fight Night: Gane vs. Spivac
Volkan Oezdemir,Bogdan Guskov,Volkan Oezdemir,2023-09-02,Submission,1,UFC Fight Night: Gane vs. Spivac
Morgan Charriere,Manolo Zecchini,Morgan Charriere,2023-09-02,KO/TKO,1,UFC Fight Night: Gane vs. Spivac
William Gomis,Yanis Ghemmouri,William Gomis,2023-09-02,KO/TKO,3,UFC Fight Night: Gane vs. Spivac
Taylor Lapilus,Caolan Loughran,Taylor Lapilus,2023-09-02,Decision - Unanimous,3,UFC Fight Night: Gane vs. Spivac
Ange Loosa,Rhys McKee,Ange Loosa,2023-09-02,Decision - Unanimous,3,UFC Fight Night: Gane vs. Spivac
Nora Cornolle,Joselyne Edwards,Nora Cornolle,2023-09-02,Decision - Unanimous,3,UFC Fight Night: Gane vs. Spivac
Farid Basharat,Kleydson Rodrigues,Farid Basharat,2023-09-02,Submission,1,UFC Fight Night: Gane vs. Spivac
Zarah Fairn,Jacqueline Cavalcanti,Jacqueline Cavalcanti,2023-09-02,Decision - Unanimous,3,UFC Fight Night: Gane vs. Spivac
Kevin Holland,Jack Della Maddalena,Jack Della Maddalena,2023-09-16,Decision - Split,3,UFC Fight Night: Grasso vs. Shevchenko 2
Daniel Zellhuber,Christos Giagos,Daniel Zellhuber,2023-09-16,Submission,2,UFC Fight Night: Grasso vs. Shevchenko 2
Raul Rosas Jr.,Terrence Mitchell,Raul Rosas Jr.,2023-09-16,KO/TKO,1,UFC Fight Night: Grasso vs. Shevchenko 2
Fernando Padilla,Kyle Nelson,Kyle Nelson,2023-09-16,Decision - Unanimous,3,UFC Fight Night: Grasso vs. Shevchenko 2
Roman Kopylov,Josh Fremd,Roman Kopylov,2023-09-16,KO/TKO,2,UFC Fight Night: Grasso vs. Shevchenko 2
Loopy Godinez,Elise Reed,Loopy Godinez,2023-09-16,Submission,2,UFC Fight Night: Grasso vs. Shevchenko 2
Alex Reyes,Charlie Campbell,Charlie Campbell,2023-09-16,KO/TKO,1,UFC Fight Night: Grasso vs. Shevchenko 2
Tracy Cortez,Jasmine Jasudavicius,Tracy Cortez,2023-09-16,Decision - Unanimous,3,UFC Fight Night: Grasso vs. Shevchenko 2
Josefine Knutsson,Marnic Mann,Josefine Knutsson,2023-09-16,Decision - Unanimous,3,UFC Fight Night: Grasso vs. Shevchenko 2
Israel Adesanya,Sean Strickland,Sean Strickland,2023-09-09,Decision - Unanimous,5,UFC 293: Adesanya vs. Strickland
Manel Kape,Felipe dos Santos,Manel Kape,2023-09-09,Decision - Unanimous,3,UFC 293: Adesanya vs. Strickland
Tai Tuivasa,Alexander Volkov,Alexander Volkov,2023-09-09,Submission,2,UFC 293: Adesanya vs. Strickland
Justin Tafa,Austen Lane,Justin Tafa,2023-09-09,KO/TKO,1,UFC 293: Adesanya vs. Strickland
Tyson Pedro,Anton Turkalj,Tyson Pedro,2023-09-09,KO/TKO,1,UFC 293: Adesanya vs. Strickland
Carlos Ulberg,Da Woon Jung,Carlos Ulberg,2023-09-09,Submission,3,UFC 293: Adesanya vs. Strickland
Jack Jenkins,Chepe Mariscal,Chepe Mariscal,2023-09-09,KO/TKO,2,UFC 293: Adesanya vs. Strickland
Jamie Mullarkey,John Makdessi,Jamie Mullarkey,2023-09-09,Decision - Unanimous,3,UFC 293: Adesanya vs. Strickland
Nasrat Haqparast,Landon Quinones,Nasrat Haqparast,2023-09-09,Decision - Unanimous,3,UFC 293: Adesanya vs. Strickland
Shane Young,Gabriel Miranda,Gabriel Miranda,2023-09-09,Submission,1,UFC 293: Adesanya vs. Strickland
Blood Diamond,Charles Radtke,Charles Radtke,2023-09-09,Decision - Unanimous,3,UFC 293: Adesanya vs. Strickland
Anthony Smith,Ryan Spann,Anthony Smith,2023-08-26,Decision - Split,3,UFC Fight Night: Holloway vs. The Korean Zombie
Max Holloway,Chan Sung Jung,Max Holloway,2023-08-26,KO/TKO,3,UFC Fight Night: Holloway vs. The Korean Zombie
Kevin Jousset,Kiefer Crosbie,Kevin Jousset,2023-09-09,Submission,1,UFC 293: Adesanya vs. Strickland
Rinya Nakamura,Fernie Garcia,Rinya Nakamura,2023-08-26,Decision - Unanimous,3,UFC Fight Night: Holloway vs. The Korean Zombie
Junior Tafa,Parker Porter,Junior Tafa,2023-08-26,KO/TKO,1,UFC Fight Night: Holloway vs. The Korean Zombie
Giga Chikadze,Alex Caceres,Giga Chikadze,2023-08-26,Decision - Unanimous,3,UFC Fight Night: Holloway vs. The Korean Zombie
Erin Blanchfield,Taila Santos,Erin Blanchfield,2023-08-26,Decision - Unanimous,3,UFC Fight Night: Holloway vs. The Korean Zombie
Waldo Cortes-Acosta,Lukasz Brzeski,Waldo Cortes-Acosta,2023-08-26,KO/TKO,1,UFC Fight Night: Holloway vs. The Korean Zombie
Toshiomi Kazama,Garrett Armfield,Garrett Armfield,2023-08-26,KO/TKO,1,UFC Fight Night: Holloway vs. The Korean Zombie
Chidi Njokuani,Michal Oleksiejczuk,Michal Oleksiejczuk,2023-08-26,KO/TKO,1,UFC Fight Night: Holloway vs. The Korean Zombie
Billy Ray Goff,Yusaku Kinoshita,Billy Ray Goff,2023-08-26,KO/TKO,1,UFC Fight Night: Holloway vs. The Korean Zombie
Song Kenan,Rolando Bedoya,Song Kenan,2023-08-26,Decision - Unanimous,3,UFC Fight Night: Holloway vs. The Korean Zombie
Liang Na,JJ Aldrich,JJ Aldrich,2023-08-26,KO/TKO,2,UFC Fight Night: Holloway vs. The Korean Zombie
Vicente Luque,Rafael Dos Anjos,Vicente Luque,2023-08-12,Decision - Unanimous,5,UFC Fight Night: Luque vs. Dos Anjos
SeungWoo Choi,Jarno Errens,SeungWoo Choi,2023-08-26,Decision - Unanimous,3,UFC Fight Night: Holloway vs. The Korean Zombie
Cub Swanson,Hakeem Dawodu,Cub Swanson,2023-08-12,Decision - Unanimous,3,UFC Fight Night: Luque vs. Dos Anjos
Khalil Rountree Jr.,Chris Daukaus,Khalil Rountree Jr.,2023-08-12,KO/TKO,1,UFC Fight Night: Luque vs. Dos Anjos
AJ Dobson,Tafon Nchukwi,AJ Dobson,2023-08-12,Decision - Unanimous,3,UFC Fight Night: Luque vs. Dos Anjos
Polyana Viana,Iasmin Lucindo,Iasmin Lucindo,2023-08-12,Submission,2,UFC Fight Night: Luque vs. Dos Anjos
Josh Fremd,Jamie Pickett,Josh Fremd,2023-08-12,Decision - Unanimous,3,UFC Fight Night: Luque vs. Dos Anjos
Terrance McKinney,Mike Breeden,Terrance McKinney,2023-08-12,KO/TKO,1,UFC Fight Night: Luque vs. Dos Anjos
JP Buys,Marcus McGhee,Marcus McGhee,2023-08-12,KO/TKO,1,UFC Fight Night: Luque vs. Dos Anjos
Jaqueline Amorim,Montserrat Conejo Ruiz,Jaqueline Amorim,2023-08-12,KO/TKO,3,UFC Fight Night: Luque vs. Dos Anjos
Josh Parisian,Martin Buday,Martin Buday,2023-08-12,Submission,1,UFC Fight Night: Luque vs. Dos Anjos
Francis Marshall,Isaac Dulgarian,Isaac Dulgarian,2023-08-12,KO/TKO,1,UFC Fight Night: Luque vs. Dos Anjos
Da'Mon Blackshear,Jose Johnson,Da'Mon Blackshear,2023-08-12,Submission,1,UFC Fight Night: Luque vs. Dos Anjos
Zhang Weili,Amanda Lemos,Zhang Weili,2023-08-19,Decision - Unanimous,5,UFC 292: Sterling vs. O'Malley
Juliana Miller,Luana Santos,Luana Santos,2023-08-12,KO/TKO,1,UFC Fight Night: Luque vs. Dos Anjos
Aljamain Sterling,Sean O'Malley,Sean O'Malley,2023-08-19,KO/TKO,2,UFC 292: Sterling vs. O'Malley
Da'Mon Blackshear,Mario Bautista,Mario Bautista,2023-08-19,Decision - Unanimous,3,UFC 292: Sterling vs. O'Malley
Neil Magny,Ian Machado Garry,Ian Machado Garry,2023-08-19,Decision - Unanimous,3,UFC 292: Sterling vs. O'Malley
Chris Weidman,Brad Tavares,Brad Tavares,2023-08-19,Decision - Unanimous,3,UFC 292: Sterling vs. O'Malley
Marlon Vera,Pedro Munhoz,Marlon Vera,2023-08-19,Decision - Unanimous,3,UFC 292: Sterling vs. O'Malley
Gregory Rodrigues,Denis Tiuliulin,Gregory Rodrigues,2023-08-19,KO/TKO,1,UFC 292: Sterling vs. O'Malley
Andre Petroski,Gerald Meerschaert,Andre Petroski,2023-08-19,Decision - Split,3,UFC 292: Sterling vs. O'Malley
Kurt Holobaugh,Austin Hubbard,Kurt Holobaugh,2023-08-19,Submission,2,UFC 292: Sterling vs. O'Malley
Brad Katona,Cody Gibson,Brad Katona,2023-08-19,Decision - Unanimous,3,UFC 292: Sterling vs. O'Malley
Andrea Lee,Natalia Silva,Natalia Silva,2023-08-19,Decision - Unanimous,3,UFC 292: Sterling vs. O'Malley
Karine Silva,Maryna Moroz,Karine Silva,2023-08-19,Submission,1,UFC 292: Sterling vs. O'Malley
Dustin Poirier,Justin Gaethje,Justin Gaethje,2023-07-29,KO/TKO,2,UFC 291: Poirier vs. Gaethje 2
Tony Ferguson,King Green,King Green,2023-07-29,Submission,3,UFC 291: Poirier vs. Gaethje 2
Derrick Lewis,Marcos Rogerio de Lima,Derrick Lewis,2023-07-29,KO/TKO,1,UFC 291: Poirier vs. Gaethje 2
Jan Blachowicz,Alex Pereira,Alex Pereira,2023-07-29,Decision - Split,3,UFC 291: Poirier vs. Gaethje 2
Michael Chiesa,Kevin Holland,Kevin Holland,2023-07-29,Submission,1,UFC 291: Poirier vs. Gaethje 2
Gabriel Bonfim,Trevin Giles,Gabriel Bonfim,2023-07-29,Submission,1,UFC 291: Poirier vs. Gaethje 2
CJ Vergara,Vinicius Salvador,CJ Vergara,2023-07-29,Decision - Unanimous,3,UFC 291: Poirier vs. Gaethje 2
Roman Kopylov,Claudio Ribeiro,Roman Kopylov,2023-07-29,KO/TKO,2,UFC 291: Poirier vs. Gaethje 2
Matthew Semelsberger,Uros Medic,Uros Medic,2023-07-29,KO/TKO,3,UFC 291: Poirier vs. Gaethje 2
Jake Matthews,Darrius Flowers,Jake Matthews,2023-07-29,Submission,2,UFC 291: Poirier vs. Gaethje 2
Miranda Maverick,Priscila Cachoeira,Miranda Maverick,2023-07-29,Submission,3,UFC 291: Poirier vs. Gaethje 2
Cory Sandhagen,Rob Font,Cory Sandhagen,2023-08-05,Decision - Unanimous,5,UFC Fight Night: Sandhagen vs. Font
Jessica Andrade,Tatiana Suarez,Tatiana Suarez,2023-08-05,Submission,2,UFC Fight Night: Sandhagen vs. Font
Dustin Jacoby,Kennedy Nzechukwu,Dustin Jacoby,2023-08-05,KO/TKO,1,UFC Fight Night: Sandhagen vs. Font
Diego Lopes,Gavin Tucker,Diego Lopes,2023-08-05,Submission,1,UFC Fight Night: Sandhagen vs. Font
Tanner Boser,Aleksa Camur,Tanner Boser,2023-08-05,Decision - Unanimous,3,UFC Fight Night: Sandhagen vs. Font
Kyler Phillips,Raoni Barcelos,Kyler Phillips,2023-08-05,Decision - Unanimous,3,UFC Fight Night: Sandhagen vs. Font
Ignacio Bahamondes,Ludovit Klein,Ludovit Klein,2023-08-05,Decision - Unanimous,3,UFC Fight Night: Sandhagen vs. Font
Jeremiah Wells,Carlston Harris,Carlston Harris,2023-08-05,Submission,3,UFC Fight Night: Sandhagen vs. Font
Billy Quarantillo,Damon Jackson,Billy Quarantillo,2023-08-05,Decision - Unanimous,3,UFC Fight Night: Sandhagen vs. Font
Cody Durden,Jake Hadley,Cody Durden,2023-08-05,Decision - Unanimous,3,UFC Fight Night: Sandhagen vs. Font
Sean Woodson,Dennis Buzukja,Sean Woodson,2023-08-05,Decision - Unanimous,3,UFC Fight Night: Sandhagen vs. Font
Molly McCann,Julija Stoliarenko,Julija Stoliarenko,2023-07-22,Submission,1,UFC Fight Night: Aspinall vs. Tybura
Ode Osbourne,Asu Almabayev,Asu Almabayev,2023-08-05,Submission,2,UFC Fight Night: Sandhagen vs. Font
Tom Aspinall,Marcin Tybura,Tom Aspinall,2023-07-22,KO/TKO,1,UFC Fight Night: Aspinall vs. Tybura
Nathaniel Wood,Andre Fili,Nathaniel Wood,2023-07-22,Decision - Unanimous,3,UFC Fight Night: Aspinall vs. Tybura
Jai Herbert,Fares Ziam,Fares Ziam,2023-07-22,Decision - Unanimous,3,UFC Fight Night: Aspinall vs. Tybura
Paul Craig,Andre Muniz,Paul Craig,2023-07-22,KO/TKO,2,UFC Fight Night: Aspinall vs. Tybura
Davey Grant,Daniel Marcos,Daniel Marcos,2023-07-22,Decision - Split,3,UFC Fight Night: Aspinall vs. Tybura
Danny Roberts,Jonny Parsons,Jonny Parsons,2023-07-22,KO/TKO,2,UFC Fight Night: Aspinall vs. Tybura
Lerone Murphy,Josh Culibao,Lerone Murphy,2023-07-22,Decision - Unanimous,3,UFC Fight Night: Aspinall vs. Tybura
Marc Diakiese,Joel Alvarez,Joel Alvarez,2023-07-22,Submission,2,UFC Fight Night: Aspinall vs. Tybura
Mick Parkin,Jamal Pogues,Mick Parkin,2023-07-22,Decision - Unanimous,3,UFC Fight Night: Aspinall vs. Tybura
Makhmud Muradov,Bryan Barberena,Makhmud Muradov,2023-07-22,Decision - Unanimous,3,UFC Fight Night: Aspinall vs. Tybura
Shauna Bannon,Bruna Brasil,Bruna Brasil,2023-07-22,Decision - Unanimous,3,UFC Fight Night: Aspinall vs. Tybura
Jafel Filho,Daniel Barez,Jafel Filho,2023-07-22,Submission,1,UFC Fight Night: Aspinall vs. Tybura
Ketlen Vieira,Pannie Kianzad,Ketlen Vieira,2023-07-22,Decision - Unanimous,3,UFC Fight Night: Aspinall vs. Tybura
Chris Duncan,Yanal Ashmouz,Chris Duncan,2023-07-22,Decision - Unanimous,3,UFC Fight Night: Aspinall vs. Tybura
Alexander Volkanovski,Yair Rodriguez,Alexander Volkanovski,2023-07-08,KO/TKO,3,UFC 290: Volkanovski vs. Rodriguez
Jalin Turner,Dan Hooker,Dan Hooker,2023-07-08,Decision - Split,3,UFC 290: Volkanovski vs. Rodriguez
Brandon Moreno,Alexandre Pantoja,Alexandre Pantoja,2023-07-08,Decision - Split,5,UFC 290: Volkanovski vs. Rodriguez
Robert Whittaker,Dricus Du Plessis,Dricus Du Plessis,2023-07-08,KO/TKO,2,UFC 290: Volkanovski vs. Rodriguez
Tatsuro Taira,Edgar Chairez,Tatsuro Taira,2023-07-08,Decision - Unanimous,3,UFC 290: Volkanovski vs. Rodriguez
Bo Nickal,Val Woodburn,Bo Nickal,2023-07-08,KO/TKO,1,UFC 290: Volkanovski vs. Rodriguez
Robbie Lawler,Niko Price,Robbie Lawler,2023-07-08,KO/TKO,1,UFC 290: Volkanovski vs. Rodriguez
Yazmin Jauregui,Denise Gomes,Denise Gomes,2023-07-08,KO/TKO,1,UFC 290: Volkanovski vs. Rodriguez
Jimmy Crute,Alonzo Menifield,Alonzo Menifield,2023-07-08,Submission,2,UFC 290: Volkanovski vs. Rodriguez
Vitor Petrino,Marcin Prachnio,Vitor Petrino,2023-07-08,Submission,3,UFC 290: Volkanovski vs. Rodriguez
Shannon Ross,Jesus Aguilar,Jesus Aguilar,2023-07-08,KO/TKO,1,UFC 290: Volkanovski vs. Rodriguez
Cameron Saaiman,Terrence Mitchell,Cameron Saaiman,2023-07-08,KO/TKO,1,UFC 290: Volkanovski vs. Rodriguez
Jack Della Maddalena,Bassil Hafez,Jack Della Maddalena,2023-07-15,Decision - Split,3,UFC Fight Night: Holm vs. Bueno Silva
Kamuela Kirk,Esteban Ribovics,Esteban Ribovics,2023-07-08,Decision - Unanimous,3,UFC 290: Volkanovski vs. Rodriguez
Albert Duraev,JunYong Park,JunYong Park,2023-07-15,Submission,2,UFC Fight Night: Holm vs. Bueno Silva
Ottman Azaitar,Francisco Prado,Francisco Prado,2023-07-15,KO/TKO,1,UFC Fight Night: Holm vs. Bueno Silva
Norma Dumont,Chelsea Chandler,Norma Dumont,2023-07-15,Decision - Unanimous,3,UFC Fight Night: Holm vs. Bueno Silva
Viktoriia Dudakova,Istela Nunes,Viktoriia Dudakova,2023-07-15,KO/TKO,1,UFC Fight Night: Holm vs. Bueno Silva
Nazim Sadykhov,Terrance McKinney,Nazim Sadykhov,2023-07-15,Submission,2,UFC Fight Night: Holm vs. Bueno Silva
Tucker Lutz,Melsik Baghdasaryan,Melsik Baghdasaryan,2023-07-15,Decision - Unanimous,3,UFC Fight Night: Holm vs. Bueno Silva
Tyson Nam,Azat Maksum,Azat Maksum,2023-07-15,Decision - Split,3,UFC Fight Night: Holm vs. Bueno Silva
Austin Lingo,Melquizael Costa,Melquizael Costa,2023-07-15,Decision - Unanimous,3,UFC Fight Night: Holm vs. Bueno Silva
Evan Elder,Genaro Valdez,Evan Elder,2023-07-15,Decision - Unanimous,3,UFC Fight Night: Holm vs. Bueno Silva
Ashlee Evans-Smith,Ailin Perez,Ailin Perez,2023-07-15,Decision - Unanimous,3,UFC Fight Night: Holm vs. Bueno Silva
Alexander Munoz,Carl Deaton,Alexander Munoz,2023-07-15,Decision - Unanimous,3,UFC Fight Night: Holm vs. Bueno Silva
Sean Strickland,Abus Magomedov,Sean Strickland,2023-07-01,KO/TKO,2,UFC Fight Night: Strickland vs. Magomedov
Damir Ismagulov,Grant Dawson,Grant Dawson,2023-07-01,Decision - Unanimous,3,UFC Fight Night: Strickland vs. Magomedov
Max Griffin,Michael Morales,Michael Morales,2023-07-01,Decision - Unanimous,3,UFC Fight Night: Strickland vs. Magomedov
Ariane da Silva,Melissa Gatto,Ariane da Silva,2023-07-01,Decision - Split,3,UFC Fight Night: Strickland vs. Magomedov
Kevin Lee,Rinat Fakhretdinov,Rinat Fakhretdinov,2023-07-01,Submission,1,UFC Fight Night: Strickland vs. Magomedov
Brunno Ferreira,Nursulton Ruziboev,Nursulton Ruziboev,2023-07-01,KO/TKO,1,UFC Fight Night: Strickland vs. Magomedov
Ismael Bonfim,Benoit Saint Denis,Benoit Saint Denis,2023-07-01,Submission,1,UFC Fight Night: Strickland vs. Magomedov
Joanderson Brito,Westin Wilson,Joanderson Brito,2023-07-01,KO/TKO,1,UFC Fight Night: Strickland vs. Magomedov
Guram Kutateladze,Elves Brener,Elves Brener,2023-07-01,KO/TKO,3,UFC Fight Night: Strickland vs. Magomedov
Yana Santos,Karol Rosa,Karol Rosa,2023-07-01,Decision - Split,3,UFC Fight Night: Strickland vs. Magomedov
Ivana Petrovic,Luana Carolina,Luana Carolina,2023-07-01,Decision - Unanimous,3,UFC Fight Night: Strickland vs. Magomedov
Josh Emmett,Ilia Topuria,Ilia Topuria,2023-06-24,Decision - Unanimous,5,UFC Fight Night: Emmett vs. Topuria
Amanda Ribas,Maycee Barber,Maycee Barber,2023-06-24,KO/TKO,2,UFC Fight Night: Emmett vs. Topuria
Alexandr Romanov,Blagoy Ivanov,Alexandr Romanov,2023-07-01,Decision - Unanimous,3,UFC Fight Night: Strickland vs. Magomedov
Brendan Allen,Bruno Silva,Brendan Allen,2023-06-24,Submission,1,UFC Fight Night: Emmett vs. Topuria
David Onama,Gabriel Santos,David Onama,2023-06-24,KO/TKO,2,UFC Fight Night: Emmett vs. Topuria
Randy Brown,Wellington Turman,Randy Brown,2023-06-24,Decision - Unanimous,3,UFC Fight Night: Emmett vs. Topuria
Neil Magny,Phil Rowe,Neil Magny,2023-06-24,Decision - Split,3,UFC Fight Night: Emmett vs. Topuria
Mateusz Rebecki,Loik Radzhabov,Mateusz Rebecki,2023-06-24,KO/TKO,2,UFC Fight Night: Emmett vs. Topuria
Zhalgas Zhumagulov,Joshua Van,Joshua Van,2023-06-24,Decision - Split,3,UFC Fight Night: Emmett vs. Topuria
Tabatha Ricci,Gillian Robertson,Tabatha Ricci,2023-06-24,Decision - Unanimous,3,UFC Fight Night: Emmett vs. Topuria
Trevor Peek,Chepe Mariscal,Chepe Mariscal,2023-06-24,Decision - Unanimous,3,UFC Fight Night: Emmett vs. Topuria
Jamall Emmers,Jack Jenkins,Jack Jenkins,2023-06-24,Decision - Split,3,UFC Fight Night: Emmett vs. Topuria
Cody Brundage,Sedriques Dumas,Sedriques Dumas,2023-06-24,Decision - Unanimous,3,UFC Fight Night: Emmett vs. Topuria
Marvin Vettori,Jared Cannonier,Jared Cannonier,2023-06-17,Decision - Unanimous,5,UFC Fight Night: Vettori vs. Cannonier
Armen Petrosyan,Christian Leroy Duncan,Armen Petrosyan,2023-06-17,Decision - Unanimous,3,UFC Fight Night: Vettori vs. Cannonier
Arman Tsarukyan,Joaquim Silva,Arman Tsarukyan,2023-06-17,KO/TKO,3,UFC Fight Night: Vettori vs. Cannonier
Manuel Torres,Nikolas Motta,Manuel Torres,2023-06-17,KO/TKO,1,UFC Fight Night: Vettori vs. Cannonier
Pat Sabatini,Lucas Almeida,Pat Sabatini,2023-06-17,Submission,2,UFC Fight Night: Vettori vs. Cannonier
Nicolas Dalby,Muslim Salikhov,Nicolas Dalby,2023-06-17,Decision - Unanimous,3,UFC Fight Night: Vettori vs. Cannonier
Jimmy Flick,Alessandro Costa,Alessandro Costa,2023-06-17,KO/TKO,2,UFC Fight Night: Vettori vs. Cannonier
Kyung Ho Kang,Cristian Quinonez,Kyung Ho Kang,2023-06-17,Submission,1,UFC Fight Night: Vettori vs. Cannonier
Carlos Hernandez,Denys Bondar,Carlos Hernandez,2023-06-17,Decision - Unanimous,3,UFC Fight Night: Vettori vs. Cannonier
Tereza Bleda,Gabriella Fernandes,Tereza Bleda,2023-06-17,Decision - Unanimous,3,UFC Fight Night: Vettori vs. Cannonier
Zac Pauga,Modestas Bukauskas,Modestas Bukauskas,2023-06-17,Decision - Unanimous,3,UFC Fight Night: Vettori vs. Cannonier
Charles Oliveira,Beneil Dariush,Charles Oliveira,2023-06-10,KO/TKO,1,UFC 289: Nunes vs. Aldana
Amanda Nunes,Irene Aldana,Amanda Nunes,2023-06-10,Decision - Unanimous,5,UFC 289: Nunes vs. Aldana
Mike Malott,Adam Fugitt,Mike Malott,2023-06-10,Submission,2,UFC 289: Nunes vs. Aldana
Dan Ige,Nate Landwehr,Dan Ige,2023-06-10,Decision - Unanimous,3,UFC 289: Nunes vs. Aldana
Marc-Andre Barriault,Eryk Anders,Marc-Andre Barriault,2023-06-10,Decision - Unanimous,3,UFC 289: Nunes vs. Aldana
Miranda Maverick,Jasmine Jasudavicius,Jasmine Jasudavicius,2023-06-10,Decision - Unanimous,3,UFC 289: Nunes vs. Aldana
Aiemann Zahabi,Aoriqileng,Aiemann Zahabi,2023-06-10,KO/TKO,1,UFC 289: Nunes vs. Aldana
Kyle Nelson,Blake Bilder,Kyle Nelson,2023-06-10,Decision - Unanimous,3,UFC 289: Nunes vs. Aldana
Kai Kara-France,Amir Albazi,Amir Albazi,2023-06-03,Decision - Split,5,UFC Fight Night: Kara-France vs. Albazi
Diana Belbita,Maria Oliveira,Diana Belbita,2023-06-10,Decision - Unanimous,3,UFC 289: Nunes vs. Aldana
David Dvorak,Steve Erceg,Steve Erceg,2023-06-10,Decision - Unanimous,3,UFC 289: Nunes vs. Aldana
Tim Elliott,Victor Altamirano,Tim Elliott,2023-06-03,Decision - Unanimous,3,UFC Fight Night: Kara-France vs. Albazi
Alex Caceres,Daniel Pineda,Alex Caceres,2023-06-03,Decision - Unanimous,3,UFC Fight Night: Kara-France vs. Albazi
Jim Miller,Jesse Butler,Jim Miller,2023-06-03,KO/TKO,1,UFC Fight Night: Kara-France vs. Albazi
Daniel Santos,Johnny Munoz,Daniel Santos,2023-06-03,Decision - Unanimous,3,UFC Fight Night: Kara-France vs. Albazi
Karine Silva,Ketlen Souza,Karine Silva,2023-06-03,Submission,1,UFC Fight Night: Kara-France vs. Albazi
Abubakar Nurmagomedov,Elizeu Zaleski dos Santos,Elizeu Zaleski dos Santos,2023-06-03,Decision - Split,3,UFC Fight Night: Kara-France vs. Albazi
Andrei Arlovski,Don'Tale Mayes,Don'Tale Mayes,2023-06-03,KO/TKO,2,UFC Fight Night: Kara-France vs. Albazi
John Castaneda,Muin Gafurov,John Castaneda,2023-06-03,Decision - Unanimous,3,UFC Fight Night: Kara-France vs. Albazi
Jamie Mullarkey,Muhammad Naimov,Muhammad Naimov,2023-06-03,KO/TKO,2,UFC Fight Night: Kara-France vs. Albazi
Elise Reed,Jinh Yu Frey,Elise Reed,2023-06-03,Decision - Unanimous,3,UFC Fight Night: Kara-France vs. Albazi
Da'Mon Blackshear,Luan Lacerda,Da'Mon Blackshear,2023-06-03,KO/TKO,2,UFC Fight Night: Kara-France vs. Albazi
Philipe Lins,Maxim Grishin,Philipe Lins,2023-06-03,Decision - Unanimous,3,UFC Fight Night: Kara-France vs. Albazi
Mackenzie Dern,Angela Hill,Mackenzie Dern,2023-05-20,Decision - Unanimous,5,UFC Fight Night: Dern vs. Hill
Emily Ducote,Loopy Godinez,Loopy Godinez,2023-05-20,Decision - Unanimous,3,UFC Fight Night: Dern vs. Hill
Andre Fialho,Joaquin Buckley,Joaquin Buckley,2023-05-20,KO/TKO,2,UFC Fight Night: Dern vs. Hill
Edmen Shahbazyan,Anthony Hernandez,Anthony Hernandez,2023-05-20,KO/TKO,3,UFC Fight Night: Dern vs. Hill
Diego Ferreira,Michael Johnson,Diego Ferreira,2023-05-20,KO/TKO,2,UFC Fight Night: Dern vs. Hill
Maheshate,Viacheslav Borshchev,Viacheslav Borshchev,2023-05-20,KO/TKO,2,UFC Fight Night: Dern vs. Hill
Karolina Kowalkiewicz,Vanessa Demopoulos,Karolina Kowalkiewicz,2023-05-20,Decision - Unanimous,3,UFC Fight Night: Dern vs. Hill
Orion Cosce,Gilbert Urbina,Gilbert Urbina,2023-05-20,KO/TKO,2,UFC Fight Night: Dern vs. Hill
Natalia Silva,Victoria Leonardo,Natalia Silva,2023-05-20,KO/TKO,1,UFC Fight Night: Dern vs. Hill
Ilir Latifi,Rodrigo Nascimento,Rodrigo Nascimento,2023-05-20,Decision - Split,3,UFC Fight Night: Dern vs. Hill
Chase Hooper,Nick Fiore,Chase Hooper,2023-05-20,Decision - Unanimous,3,UFC Fight Night: Dern vs. Hill
Takashi Sato,Themba Gorimbo,Themba Gorimbo,2023-05-20,Decision - Unanimous,3,UFC Fight Night: Dern vs. Hill
Anthony Smith,Johnny Walker,Johnny Walker,2023-05-13,Decision - Unanimous,3,UFC Fight Night: Rozenstruik vs. Almeida
Jairzinho Rozenstruik,Jailton Almeida,Jailton Almeida,2023-05-13,Submission,1,UFC Fight Night: Rozenstruik vs. Almeida
Daniel Rodriguez,Ian Machado Garry,Ian Machado Garry,2023-05-13,KO/TKO,1,UFC Fight Night: Rozenstruik vs. Almeida
Carlos Ulberg,Ihor Potieria,Carlos Ulberg,2023-05-13,KO/TKO,1,UFC Fight Night: Rozenstruik vs. Almeida
Tim Means,Alex Morono,Alex Morono,2023-05-13,Submission,2,UFC Fight Night: Rozenstruik vs. Almeida
Karl Williams,Chase Sherman,Karl Williams,2023-05-13,Decision - Unanimous,3,UFC Fight Night: Rozenstruik vs. Almeida
Matt Brown,Court McGee,Matt Brown,2023-05-13,KO/TKO,1,UFC Fight Night: Rozenstruik vs. Almeida
Bryan Battle,Gabe Green,Bryan Battle,2023-05-13,KO/TKO,1,UFC Fight Night: Rozenstruik vs. Almeida
Ji Yeon Kim,Mandy Bohm,Mandy Bohm,2023-05-13,Decision - Split,3,UFC Fight Night: Rozenstruik vs. Almeida
Cody Stamann,Douglas Silva de Andrade,Douglas Silva de Andrade,2023-05-13,Decision - Unanimous,3,UFC Fight Night: Rozenstruik vs. Almeida
Jessica-Rose Clark,Tainara Lisboa,Tainara Lisboa,2023-05-13,Submission,3,UFC Fight Night: Rozenstruik vs. Almeida
Aljamain Sterling,Henry Cejudo,Aljamain Sterling,2023-05-06,Decision - Split,5,UFC 288: Sterling vs. Cejudo
Belal Muhammad,Gilbert Burns,Belal Muhammad,2023-05-06,Decision - Unanimous,5,UFC 288: Sterling vs. Cejudo
Jessica Andrade,Yan Xiaonan,Yan Xiaonan,2023-05-06,KO/TKO,1,UFC 288: Sterling vs. Cejudo
Movsar Evloev,Diego Lopes,Movsar Evloev,2023-05-06,Decision - Unanimous,3,UFC 288: Sterling vs. Cejudo
Kron Gracie,Charles Jourdain,Charles Jourdain,2023-05-06,Decision - Unanimous,3,UFC 288: Sterling vs. Cejudo
Drew Dober,Matt Frevola,Matt Frevola,2023-05-06,KO/TKO,1,UFC 288: Sterling vs. Cejudo
Kennedy Nzechukwu,Devin Clark,Kennedy Nzechukwu,2023-05-06,Submission,2,UFC 288: Sterling vs. Cejudo
Khaos Williams,Rolando Bedoya,Khaos Williams,2023-05-06,Decision - Split,3,UFC 288: Sterling vs. Cejudo
Marina Rodriguez,Virna Jandiroba,Virna Jandiroba,2023-05-06,Decision - Unanimous,3,UFC 288: Sterling vs. Cejudo
Braxton Smith,Parker Porter,Parker Porter,2023-05-06,KO/TKO,1,UFC 288: Sterling vs. Cejudo
Phil Hawes,Ikram Aliskerov,Ikram Aliskerov,2023-05-06,KO/TKO,1,UFC 288: Sterling vs. Cejudo
Joseph Holmes,Claudio Ribeiro,Claudio Ribeiro,2023-05-06,KO/TKO,2,UFC 288: Sterling vs. Cejudo
Song Yadong,Ricky Simon,Song Yadong,2023-04-29,KO/TKO,5,UFC Fight Night: Song vs. Simon
Caio Borralho,Michal Oleksiejczuk,Caio Borralho,2023-04-29,Submission,2,UFC Fight Night: Song vs. Simon
Rodolfo Vieira,Cody Brundage,Rodolfo Vieira,2023-04-29,Submission,2,UFC Fight Night: Song vs. Simon
Julian Erosa,Fernando Padilla,Fernando Padilla,2023-04-29,KO/TKO,1,UFC Fight Night: Song vs. Simon
Marcos Rogerio de Lima,Waldo Cortes-Acosta,Marcos Rogerio de Lima,2023-04-29,Decision - Unanimous,3,UFC Fight Night: Song vs. Simon
Martin Buday,Jake Collier,Martin Buday,2023-04-29,Decision - Unanimous,3,UFC Fight Night: Song vs. Simon
Josh Quinlan,Trey Waters,Trey Waters,2023-04-29,Decision - Unanimous,3,UFC Fight Night: Song vs. Simon
Cody Durden,Charles Johnson,Cody Durden,2023-04-29,Decision - Unanimous,3,UFC Fight Night: Song vs. Simon
Stephanie Egger,Irina Alekseeva,Irina Alekseeva,2023-04-29,Submission,1,UFC Fight Night: Song vs. Simon
Journey Newson,Marcus McGhee,Marcus McGhee,2023-04-29,Submission,2,UFC Fight Night: Song vs. Simon
Hailey Cowan,Jamey-Lyn Horth,Jamey-Lyn Horth,2023-04-29,Decision - Unanimous,3,UFC Fight Night: Song vs. Simon
Brad Tavares,Bruno Silva,Bruno Silva,2023-04-22,KO/TKO,1,UFC Fight Night: Pavlovich vs. Blaydes
Sergei Pavlovich,Curtis Blaydes,Sergei Pavlovich,2023-04-22,KO/TKO,1,UFC Fight Night: Pavlovich vs. Blaydes
Iasmin Lucindo,Brogan Walker,Iasmin Lucindo,2023-04-22,Decision - Unanimous,3,UFC Fight Night: Pavlovich vs. Blaydes
Jeremiah Wells,Matthew Semelsberger,Jeremiah Wells,2023-04-22,Decision - Split,3,UFC Fight Night: Pavlovich vs. Blaydes
Karol Rosa,Norma Dumont,Norma Dumont,2023-04-22,Decision - Unanimous,3,UFC Fight Night: Pavlovich vs. Blaydes
Rani Yahya,Montel Jackson,Montel Jackson,2023-04-22,KO/TKO,1,UFC Fight Night: Pavlovich vs. Blaydes
Ricky Glenn,Christos Giagos,Christos Giagos,2023-04-22,KO/TKO,1,UFC Fight Night: Pavlovich vs. Blaydes
Mohammed Usman,Junior Tafa,Mohammed Usman,2023-04-22,Decision - Unanimous,3,UFC Fight Night: Pavlovich vs. Blaydes
Brady Hiestand,Batgerel Danaa,Brady Hiestand,2023-04-22,KO/TKO,3,UFC Fight Night: Pavlovich vs. Blaydes
Francis Marshall,William Gomis,William Gomis,2023-04-22,Decision - Split,3,UFC Fight Night: Pavlovich vs. Blaydes
Alex Pereira,Israel Adesanya,Israel Adesanya,2023-04-08,KO/TKO,2,UFC 287: Pereira vs. Adesanya 2
Rob Font,Adrian Yanez,Rob Font,2023-04-08,KO/TKO,1,UFC 287: Pereira vs. Adesanya 2
Gilbert Burns,Jorge Masvidal,Gilbert Burns,2023-04-08,Decision - Unanimous,3,UFC 287: Pereira vs. Adesanya 2
Kevin Holland,Santiago Ponzinibbio,Kevin Holland,2023-04-08,KO/TKO,3,UFC 287: Pereira vs. Adesanya 2
Raul Rosas Jr.,Christian Rodriguez,Christian Rodriguez,2023-04-08,Decision - Unanimous,3,UFC 287: Pereira vs. Adesanya 2
Chris Curtis,Kelvin Gastelum,Kelvin Gastelum,2023-04-08,Decision - Unanimous,3,UFC 287: Pereira vs. Adesanya 2
Gerald Meerschaert,Joe Pyfer,Joe Pyfer,2023-04-08,KO/TKO,1,UFC 287: Pereira vs. Adesanya 2
Michelle Waterson-Gomez,Luana Pinheiro,Luana Pinheiro,2023-04-08,Decision - Split,3,UFC 287: Pereira vs. Adesanya 2
Cynthia Calvillo,Loopy Godinez,Loopy Godinez,2023-04-08,Decision - Split,3,UFC 287: Pereira vs. Adesanya 2
Ignacio Bahamondes,Trey Ogden,Ignacio Bahamondes,2023-04-08,Decision - Unanimous,3,UFC 287: Pereira vs. Adesanya 2
Shayilan Nuerdanbieke,Steve Garcia,Steve Garcia,2023-04-08,KO/TKO,2,UFC 287: Pereira vs. Adesanya 2
Jaqueline Amorim,Sam Hughes,Sam Hughes,2023-04-08,Decision - Unanimous,3,UFC 287: Pereira vs. Adesanya 2
Max Holloway,Arnold Allen,Max Holloway,2023-04-15,Decision - Unanimous,5,UFC Fight Night: Holloway vs. Allen
Dustin Jacoby,Azamat Murzakanov,Azamat Murzakanov,2023-04-15,Decision - Unanimous,3,UFC Fight Night: Holloway vs. Allen
Edson Barboza,Billy Quarantillo,Edson Barboza,2023-04-15,KO/TKO,1,UFC Fight Night: Holloway vs. Allen
Pedro Munhoz,Chris Gutierrez,Pedro Munhoz,2023-04-15,Decision - Unanimous,3,UFC Fight Night: Holloway vs. Allen
Tanner Boser,Ion Cutelaba,Ion Cutelaba,2023-04-15,KO/TKO,1,UFC Fight Night: Holloway vs. Allen
Bill Algeo,TJ Brown,Bill Algeo,2023-04-15,Submission,2,UFC Fight Night: Holloway vs. Allen
Clay Guida,Rafa Garcia,Rafa Garcia,2023-04-15,Decision - Unanimous,3,UFC Fight Night: Holloway vs. Allen
Gillian Robertson,Piera Rodriguez,Gillian Robertson,2023-04-15,Submission,2,UFC Fight Night: Holloway vs. Allen
Zak Cummings,Ed Herman,Zak Cummings,2023-04-15,KO/TKO,3,UFC Fight Night: Holloway vs. Allen
Brandon Royval,Matheus Nicolau,Brandon Royval,2023-04-15,KO/TKO,1,UFC Fight Night: Holloway vs. Allen
Lando Vannata,Daniel Zellhuber,Daniel Zellhuber,2023-04-15,Decision - Unanimous,3,UFC Fight Night: Holloway vs. Allen
Bruna Brasil,Denise Gomes,Denise Gomes,2023-04-15,KO/TKO,2,UFC Fight Night: Holloway vs. Allen
Aaron Phillips,Gaston Bolanos,Gaston Bolanos,2023-04-15,Decision - Unanimous,3,UFC Fight Night: Holloway vs. Allen
Marlon Vera,Cory Sandhagen,Cory Sandhagen,2023-03-25,Decision - Split,5,UFC Fight Night: Vera vs. Sandhagen
Joselyne Edwards,Lucie Pudilova,Joselyne Edwards,2023-04-15,Decision - Split,3,UFC Fight Night: Holloway vs. Allen
Holly Holm,Yana Santos,Holly Holm,2023-03-25,Decision - Unanimous,3,UFC Fight Night: Vera vs. Sandhagen
Nate Landwehr,Austin Lingo,Nate Landwehr,2023-03-25,Submission,2,UFC Fight Night: Vera vs. Sandhagen
Daniel Pineda,Tucker Lutz,Daniel Pineda,2023-03-25,Submission,2,UFC Fight Night: Vera vs. Sandhagen
Chidi Njokuani,Albert Duraev,Albert Duraev,2023-03-25,Decision - Split,3,UFC Fight Night: Vera vs. Sandhagen
Andrea Lee,Maycee Barber,Maycee Barber,2023-03-25,Decision - Split,3,UFC Fight Night: Vera vs. Sandhagen
Steven Peterson,Lucas Alexander,Lucas Alexander,2023-03-25,Decision - Unanimous,3,UFC Fight Night: Vera vs. Sandhagen
Victor Altamirano,Vinicius Salvador,Victor Altamirano,2023-03-25,Decision - Unanimous,3,UFC Fight Night: Vera vs. Sandhagen
Trevin Giles,Preston Parsons,Trevin Giles,2023-03-25,Decision - Split,3,UFC Fight Night: Vera vs. Sandhagen
CJ Vergara,Daniel Lacerda,CJ Vergara,2023-03-25,KO/TKO,2,UFC Fight Night: Vera vs. Sandhagen
Leon Edwards,Kamaru Usman,Leon Edwards,2023-03-18,Decision - Majority,5,UFC 286: Edwards vs. Usman 3
Justin Gaethje,Rafael Fiziev,Justin Gaethje,2023-03-18,Decision - Majority,3,UFC 286: Edwards vs. Usman 3
Jennifer Maia,Casey O'Neill,Jennifer Maia,2023-03-18,Decision - Unanimous,3,UFC 286: Edwards vs. Usman 3
Gunnar Nelson,Bryan Barberena,Gunnar Nelson,2023-03-18,Submission,1,UFC 286: Edwards vs. Usman 3
Marvin Vettori,Roman Dolidze,Marvin Vettori,2023-03-18,Decision - Unanimous,3,UFC 286: Edwards vs. Usman 3
Jack Shore,Makwan Amirkhani,Jack Shore,2023-03-18,Submission,2,UFC 286: Edwards vs. Usman 3
Sam Patterson,Yanal Ashmouz,Yanal Ashmouz,2023-03-18,KO/TKO,1,UFC 286: Edwards vs. Usman 3
Chris Duncan,Omar Morales,Chris Duncan,2023-03-18,Decision - Split,3,UFC 286: Edwards vs. Usman 3
Lerone Murphy,Gabriel Santos,Lerone Murphy,2023-03-18,Decision - Split,3,UFC 286: Edwards vs. Usman 3
Muhammad Mokaev,Jafel Filho,Muhammad Mokaev,2023-03-18,Submission,3,UFC 286: Edwards vs. Usman 3
Christian Leroy Duncan,Dusko Todorovic,Christian Leroy Duncan,2023-03-18,KO/TKO,1,UFC 286: Edwards vs. Usman 3
Jake Hadley,Malcolm Gordon,Jake Hadley,2023-03-18,KO/TKO,1,UFC 286: Edwards vs. Usman 3
Juliana Miller,Veronica Hardy,Veronica Hardy,2023-03-18,Decision - Unanimous,3,UFC 286: Edwards vs. Usman 3
Joanne Wood,Luana Carolina,Joanne Wood,2023-03-18,Decision - Split,3,UFC 286: Edwards vs. Usman 3
Alexander Volkov,Alexandr Romanov,Alexander Volkov,2023-03-11,KO/TKO,1,UFC Fight Night: Yan vs. Dvalishvili
Said Nurmagomedov,Jonathan Martinez,Jonathan Martinez,2023-03-11,Decision - Unanimous,3,UFC Fight Night: Yan vs. Dvalishvili
Petr Yan,Merab Dvalishvili,Merab Dvalishvili,2023-03-11,Decision - Unanimous,5,UFC Fight Night: Yan vs. Dvalishvili
Nikita Krylov,Ryan Spann,Nikita Krylov,2023-03-11,Submission,1,UFC Fight Night: Yan vs. Dvalishvili
Karl Williams,Lukasz Brzeski,Karl Williams,2023-03-11,Decision - Unanimous,3,UFC Fight Night: Yan vs. Dvalishvili
Vitor Petrino,Anton Turkalj,Vitor Petrino,2023-03-11,Decision - Unanimous,3,UFC Fight Night: Yan vs. Dvalishvili
Mario Bautista,Guido Cannetti,Mario Bautista,2023-03-11,Submission,1,UFC Fight Night: Yan vs. Dvalishvili
Sedriques Dumas,Josh Fremd,Josh Fremd,2023-03-11,Submission,2,UFC Fight Night: Yan vs. Dvalishvili
Raphael Assuncao,Davey Grant,Davey Grant,2023-03-11,Submission,3,UFC Fight Night: Yan vs. Dvalishvili
Victor Henry,Tony Gravely,Victor Henry,2023-03-11,Decision - Split,3,UFC Fight Night: Yan vs. Dvalishvili
Ariane da Silva,JJ Aldrich,Ariane da Silva,2023-03-11,Decision - Unanimous,3,UFC Fight Night: Yan vs. Dvalishvili
Tyson Nam,Bruno Silva,Bruno Silva,2023-03-11,Submission,2,UFC Fight Night: Yan vs. Dvalishvili
Jon Jones,Ciryl Gane,Jon Jones,2023-03-04,Submission,1,UFC 285: Jones vs. Gane
Valentina Shevchenko,Alexa Grasso,Alexa Grasso,2023-03-04,Submission,4,UFC 285: Jones vs. Gane
Carlston Harris,Jared Gooden,Carlston Harris,2023-03-11,Decision - Unanimous,3,UFC Fight Night: Yan vs. Dvalishvili
Geoff Neal,Shavkat Rakhmonov,Shavkat Rakhmonov,2023-03-04,Submission,3,UFC 285: Jones vs. Gane
Bo Nickal,Jamie Pickett,Bo Nickal,2023-03-04,Submission,1,UFC 285: Jones vs. Gane
Mateusz Gamrot,Jalin Turner,Mateusz Gamrot,2023-03-04,Decision - Split,3,UFC 285: Jones vs. Gane
Viviane Araujo,Amanda Ribas,Amanda Ribas,2023-03-04,Decision - Unanimous,3,UFC 285: Jones vs. Gane
Derek Brunson,Dricus Du Plessis,Dricus Du Plessis,2023-03-04,KO/TKO,2,UFC 285: Jones vs. Gane
Cody Garbrandt,Trevin Jones,Cody Garbrandt,2023-03-04,Decision - Unanimous,3,UFC 285: Jones vs. Gane
Julian Marquez,Marc-Andre Barriault,Marc-Andre Barriault,2023-03-04,KO/TKO,2,UFC 285: Jones vs. Gane
Mana Martinez,Cameron Saaiman,Cameron Saaiman,2023-03-04,Decision - Majority,3,UFC 285: Jones vs. Gane
Ian Machado Garry,Song Kenan,Ian Machado Garry,2023-03-04,KO/TKO,3,UFC 285: Jones vs. Gane
Jessica Penne,Tabatha Ricci,Tabatha Ricci,2023-03-04,Submission,2,UFC 285: Jones vs. Gane
Esteban Ribovics,Loik Radzhabov,Loik Radzhabov,2023-03-04,Decision - Unanimous,3,UFC 285: Jones vs. Gane
Da'Mon Blackshear,Farid Basharat,Farid Basharat,2023-03-04,Decision - Unanimous,3,UFC 285: Jones vs. Gane
Andre Muniz,Brendan Allen,Brendan Allen,2023-02-25,Submission,3,UFC Fight Night: Muniz vs. Allen
Augusto Sakai,Don'Tale Mayes,Augusto Sakai,2023-02-25,Decision - Unanimous,3,UFC Fight Night: Muniz vs. Allen
Tatiana Suarez,Montana De La Rosa,Tatiana Suarez,2023-02-25,Submission,2,UFC Fight Night: Muniz vs. Allen
Mike Malott,Yohan Lainesse,Mike Malott,2023-02-25,Submission,1,UFC Fight Night: Muniz vs. Allen
Erick Gonzalez,Trevor Peek,Trevor Peek,2023-02-25,KO/TKO,1,UFC Fight Night: Muniz vs. Allen
Jasmine Jasudavicius,Gabriella Fernandes,Jasmine Jasudavicius,2023-02-25,Decision - Unanimous,3,UFC Fight Night: Muniz vs. Allen
Jordan Leavitt,Victor Martinez,Jordan Leavitt,2023-02-25,KO/TKO,1,UFC Fight Night: Muniz vs. Allen
Ode Osbourne,Charles Johnson,Ode Osbourne,2023-02-25,Decision - Split,3,UFC Fight Night: Muniz vs. Allen
Joe Solecki,Carl Deaton,Joe Solecki,2023-02-25,Submission,2,UFC Fight Night: Muniz vs. Allen
Jessica Andrade,Erin Blanchfield,Erin Blanchfield,2023-02-18,Submission,2,UFC Fight Night: Andrade vs. Blanchfield
Rafael Alves,Nurullo Aliev,Nurullo Aliev,2023-02-25,Decision - Majority,3,UFC Fight Night: Muniz vs. Allen
Jordan Wright,Zac Pauga,Zac Pauga,2023-02-18,Decision - Unanimous,3,UFC Fight Night: Andrade vs. Blanchfield
William Knight,Marcin Prachnio,Marcin Prachnio,2023-02-18,Decision - Unanimous,3,UFC Fight Night: Andrade vs. Blanchfield
Josh Parisian,Jamal Pogues,Jamal Pogues,2023-02-18,Decision - Unanimous,3,UFC Fight Night: Andrade vs. Blanchfield
Jim Miller,Alexander Hernandez,Alexander Hernandez,2023-02-18,Decision - Unanimous,3,UFC Fight Night: Andrade vs. Blanchfield
Nazim Sadykhov,Evan Elder,Nazim Sadykhov,2023-02-18,TKO - Doctor's Stoppage,3,UFC Fight Night: Andrade vs. Blanchfield
Jamall Emmers,Khusein Askhabov,Jamall Emmers,2023-02-18,Decision - Unanimous,3,UFC Fight Night: Andrade vs. Blanchfield
Lina Lansberg,Mayra Bueno Silva,Mayra Bueno Silva,2023-02-18,Submission,2,UFC Fight Night: Andrade vs. Blanchfield
Ovince Saint Preux,Philipe Lins,Philipe Lins,2023-02-18,KO/TKO,1,UFC Fight Night: Andrade vs. Blanchfield
AJ Fletcher,Themba Gorimbo,AJ Fletcher,2023-02-18,Submission,2,UFC Fight Night: Andrade vs. Blanchfield
Clayton Carpenter,Juancamilo Ronderos,Clayton Carpenter,2023-02-18,Submission,1,UFC Fight Night: Andrade vs. Blanchfield
Yair Rodriguez,Josh Emmett,Yair Rodriguez,2023-02-11,Submission,2,UFC 284: Makhachev vs. Volkanovski
Islam Makhachev,Alexander Volkanovski,Islam Makhachev,2023-02-11,Decision - Unanimous,5,UFC 284: Makhachev vs. Volkanovski
Jack Della Maddalena,Randy Brown,Jack Della Maddalena,2023-02-11,Submission,1,UFC 284: Makhachev vs. Volkanovski
Justin Tafa,Parker Porter,Justin Tafa,2023-02-11,KO/TKO,1,UFC 284: Makhachev vs. Volkanovski
Josh Culibao,Melsik Baghdasaryan,Josh Culibao,2023-02-11,Submission,2,UFC 284: Makhachev vs. Volkanovski
Tyson Pedro,Modestas Bukauskas,Modestas Bukauskas,2023-02-11,Decision - Unanimous,3,UFC 284: Makhachev vs. Volkanovski
Shannon Ross,Kleydson Rodrigues,Kleydson Rodrigues,2023-02-11,KO/TKO,1,UFC 284: Makhachev vs. Volkanovski
Jamie Mullarkey,Francisco Prado,Jamie Mullarkey,2023-02-11,Decision - Unanimous,3,UFC 284: Makhachev vs. Volkanovski
Jack Jenkins,Don Shainis,Jack Jenkins,2023-02-11,Decision - Unanimous,3,UFC 284: Makhachev vs. Volkanovski
Loma Lookboonmee,Elise Reed,Loma Lookboonmee,2023-02-11,Submission,2,UFC 284: Makhachev vs. Volkanovski
Shane Young,Blake Bilder,Blake Bilder,2023-02-11,Decision - Unanimous,3,UFC 284: Makhachev vs. Volkanovski
Da Woon Jung,Devin Clark,Devin Clark,2023-02-04,Decision - Unanimous,3,UFC Fight Night: Lewis vs. Spivac
Derrick Lewis,Serghei Spivac,Serghei Spivac,2023-02-04,Submission,1,UFC Fight Night: Lewis vs. Spivac
Zubaira Tukhugov,Elves Brener,Elves Brener,2023-02-11,Decision - Split,3,UFC 284: Makhachev vs. Volkanovski
Marcin Tybura,Blagoy Ivanov,Marcin Tybura,2023-02-04,Decision - Unanimous,3,UFC Fight Night: Lewis vs. Spivac
Yusaku Kinoshita,Adam Fugitt,Adam Fugitt,2023-02-04,KO/TKO,1,UFC Fight Night: Lewis vs. Spivac
JeongYeong Lee,Yizha,JeongYeong Lee,2023-02-04,Decision - Split,3,UFC Fight Night: Lewis vs. Spivac
Jeka Saragih,Anshul Jubli,Anshul Jubli,2023-02-04,KO/TKO,2,UFC Fight Night: Lewis vs. Spivac
Toshiomi Kazama,Rinya Nakamura,Rinya Nakamura,2023-02-04,KO/TKO,1,UFC Fight Night: Lewis vs. Spivac
JunYong Park,Denis Tiuliulin,JunYong Park,2023-02-04,Submission,1,UFC Fight Night: Lewis vs. Spivac
SeungGuk Choi,HyunSung Park,HyunSung Park,2023-02-04,Submission,3,UFC Fight Night: Lewis vs. Spivac
Tatsuro Taira,Jesus Aguilar,Tatsuro Taira,2023-02-04,Submission,1,UFC Fight Night: Lewis vs. Spivac
Sean Strickland,Nassourdine Imavov,Sean Strickland,2023-01-14,Decision - Unanimous,5,UFC Fight Night: Strickland vs. Imavov
Dan Ige,Damon Jackson,Dan Ige,2023-01-14,KO/TKO,2,UFC Fight Night: Strickland vs. Imavov
Punahele Soriano,Roman Kopylov,Roman Kopylov,2023-01-14,KO/TKO,2,UFC Fight Night: Strickland vs. Imavov
Ketlen Vieira,Raquel Pennington,Raquel Pennington,2023-01-14,Decision - Split,3,UFC Fight Night: Strickland vs. Imavov
Claudio Ribeiro,Abdul Razak Alhassan,Abdul Razak Alhassan,2023-01-14,KO/TKO,2,UFC Fight Night: Strickland vs. Imavov
Javid Basharat,Mateus Mendonca,Javid Basharat,2023-01-14,Decision - Unanimous,3,UFC Fight Night: Strickland vs. Imavov
Umar Nurmagomedov,Raoni Barcelos,Umar Nurmagomedov,2023-01-14,KO/TKO,1,UFC Fight Night: Strickland vs. Imavov
Allan Nascimento,Carlos Hernandez,Allan Nascimento,2023-01-14,Submission,1,UFC Fight Night: Strickland vs. Imavov
Charles Johnson,Jimmy Flick,Charles Johnson,2023-01-14,KO/TKO,1,UFC Fight Night: Strickland vs. Imavov
Mateusz Rebecki,Nick Fiore,Mateusz Rebecki,2023-01-14,Decision - Unanimous,3,UFC Fight Night: Strickland vs. Imavov
Dan Argueta,Nick Aguirre,Dan Argueta,2023-01-14,Decision - Unanimous,3,UFC Fight Night: Strickland vs. Imavov
Jared Cannonier,Sean Strickland,Jared Cannonier,2022-12-17,Decision - Split,5,UFC Fight Night: Cannonier vs. Strickland
Arman Tsarukyan,Damir Ismagulov,Arman Tsarukyan,2022-12-17,Decision - Unanimous,3,UFC Fight Night: Cannonier vs. Strickland
Alex Caceres,Julian Erosa,Alex Caceres,2022-12-17,KO/TKO,1,UFC Fight Night: Cannonier vs. Strickland
Drew Dober,King Green,Drew Dober,2022-12-17,KO/TKO,2,UFC Fight Night: Cannonier vs. Strickland
Cody Brundage,Michal Oleksiejczuk,Michal Oleksiejczuk,2022-12-17,KO/TKO,1,UFC Fight Night: Cannonier vs. Strickland
Amir Albazi,Alessandro Costa,Amir Albazi,2022-12-17,KO/TKO,3,UFC Fight Night: Cannonier vs. Strickland
Jake Matthews,Matthew Semelsberger,Matthew Semelsberger,2022-12-17,Decision - Unanimous,3,UFC Fight Night: Cannonier vs. Strickland
Cheyanne Vlismas,Cory McKenna,Cory McKenna,2022-12-17,Decision - Unanimous,3,UFC Fight Night: Cannonier vs. Strickland
Said Nurmagomedov,Saidyokub Kakhramonov,Said Nurmagomedov,2022-12-17,Submission,2,UFC Fight Night: Cannonier vs. Strickland
Rafa Garcia,Maheshate,Rafa Garcia,2022-12-17,Decision - Unanimous,3,UFC Fight Night: Cannonier vs. Strickland
David Dvorak,Manel Kape,Manel Kape,2022-12-17,Decision - Unanimous,3,UFC Fight Night: Cannonier vs. Strickland
Bryan Battle,Rinat Fakhretdinov,Rinat Fakhretdinov,2022-12-17,Decision - Unanimous,3,UFC Fight Night: Cannonier vs. Strickland
Sergey Morozov,Journey Newson,Sergey Morozov,2022-12-17,Decision - Unanimous,3,UFC Fight Night: Cannonier vs. Strickland
Gilbert Burns,Neil Magny,Gilbert Burns,2023-01-21,Submission,1,UFC 283: Teixeira vs. Hill
Lauren Murphy,Jessica Andrade,Jessica Andrade,2023-01-21,Decision - Unanimous,3,UFC 283: Teixeira vs. Hill
Glover Teixeira,Jamahal Hill,Jamahal Hill,2023-01-21,Decision - Unanimous,5,UFC 283: Teixeira vs. Hill
Paul Craig,Johnny Walker,Johnny Walker,2023-01-21,KO/TKO,1,UFC 283: Teixeira vs. Hill
Deiveson Figueiredo,Brandon Moreno,Brandon Moreno,2023-01-21,TKO - Doctor's Stoppage,3,UFC 283: Teixeira vs. Hill
Gregory Rodrigues,Brunno Ferreira,Brunno Ferreira,2023-01-21,KO/TKO,1,UFC 283: Teixeira vs. Hill
Thiago Moises,Melquizael Costa,Thiago Moises,2023-01-21,Submission,2,UFC 283: Teixeira vs. Hill
Gabriel Bonfim,Mounir Lazzez,Gabriel Bonfim,2023-01-21,Submission,1,UFC 283: Teixeira vs. Hill
Mauricio Rua,Ihor Potieria,Ihor Potieria,2023-01-21,KO/TKO,1,UFC 283: Teixeira vs. Hill
Ismael Bonfim,Terrance McKinney,Ismael Bonfim,2023-01-21,KO/TKO,2,UFC 283: Teixeira vs. Hill
Luan Lacerda,Cody Stamann,Cody Stamann,2023-01-21,Decision - Unanimous,3,UFC 283: Teixeira vs. Hill
Shamil Abdurakhimov,Jailton Almeida,Jailton Almeida,2023-01-21,KO/TKO,2,UFC 283: Teixeira vs. Hill
Warlley Alves,Nicolas Dalby,Nicolas Dalby,2023-01-21,Decision - Split,3,UFC 283: Teixeira vs. Hill
Saimon Oliveira,Daniel Marcos,Daniel Marcos,2023-01-21,KO/TKO,2,UFC 283: Teixeira vs. Hill
Josiane Nunes,Zarah Fairn,Josiane Nunes,2023-01-21,Decision - Unanimous,3,UFC 283: Teixeira vs. Hill
Santiago Ponzinibbio,Alex Morono,Santiago Ponzinibbio,2022-12-10,KO/TKO,3,UFC 282: Blachowicz vs. Ankalaev
Paddy Pimblett,Jared Gordon,Paddy Pimblett,2022-12-10,Decision - Unanimous,3,UFC 282: Blachowicz vs. Ankalaev
Darren Till,Dricus Du Plessis,Dricus Du Plessis,2022-12-10,Submission,3,UFC 282: Blachowicz vs. Ankalaev
Bryce Mitchell,Ilia Topuria,Ilia Topuria,2022-12-10,Submission,2,UFC 282: Blachowicz vs. Ankalaev
Jairzinho Rozenstruik,Chris Daukaus,Jairzinho Rozenstruik,2022-12-10,KO/TKO,1,UFC 282: Blachowicz vs. Ankalaev
Raul Rosas Jr.,Jay Perrin,Raul Rosas Jr.,2022-12-10,Submission,1,UFC 282: Blachowicz vs. Ankalaev
Billy Quarantillo,Alexander Hernandez,Billy Quarantillo,2022-12-10,KO/TKO,2,UFC 282: Blachowicz vs. Ankalaev
Chris Curtis,Joaquin Buckley,Chris Curtis,2022-12-10,KO/TKO,2,UFC 282: Blachowicz vs. Ankalaev
Edmen Shahbazyan,Dalcha Lungiambula,Edmen Shahbazyan,2022-12-10,KO/TKO,2,UFC 282: Blachowicz vs. Ankalaev
Kennedy Nzechukwu,Ion Cutelaba,Kennedy Nzechukwu,2022-11-19,KO/TKO,2,UFC Fight Night: Nzechukwu vs. Cutelaba
Chase Sherman,Waldo Cortes-Acosta,Waldo Cortes-Acosta,2022-11-19,Decision - Unanimous,3,UFC Fight Night: Nzechukwu vs. Cutelaba
Cameron Saaiman,Steven Koslow,Cameron Saaiman,2022-12-10,KO/TKO,3,UFC 282: Blachowicz vs. Ankalaev
TJ Brown,Erik Silva,TJ Brown,2022-12-10,Submission,3,UFC 282: Blachowicz vs. Ankalaev
Andre Fialho,Muslim Salikhov,Muslim Salikhov,2022-11-19,KO/TKO,3,UFC Fight Night: Nzechukwu vs. Cutelaba
Jack Della Maddalena,Danny Roberts,Jack Della Maddalena,2022-11-19,KO/TKO,1,UFC Fight Night: Nzechukwu vs. Cutelaba
Charles Johnson,Zhalgas Zhumagulov,Charles Johnson,2022-11-19,Decision - Split,3,UFC Fight Night: Nzechukwu vs. Cutelaba
Jennifer Maia,Maryna Moroz,Jennifer Maia,2022-11-19,Decision - Unanimous,3,UFC Fight Night: Nzechukwu vs. Cutelaba
Ricky Turcios,Kevin Natividad,Ricky Turcios,2022-11-19,Decision - Split,3,UFC Fight Night: Nzechukwu vs. Cutelaba
Vince Morales,Miles Johns,Miles Johns,2022-11-19,Decision - Unanimous,3,UFC Fight Night: Nzechukwu vs. Cutelaba
Vanessa Demopoulos,Maria Oliveira,Vanessa Demopoulos,2022-11-19,Decision - Unanimous,3,UFC Fight Night: Nzechukwu vs. Cutelaba
Brady Hiestand,Fernie Garcia,Brady Hiestand,2022-11-19,Decision - Unanimous,3,UFC Fight Night: Nzechukwu vs. Cutelaba
Natalia Silva,Tereza Bleda,Natalia Silva,2022-11-19,KO/TKO,3,UFC Fight Night: Nzechukwu vs. Cutelaba
Stephen Thompson,Kevin Holland,Stephen Thompson,2022-12-03,KO/TKO,4,UFC Fight Night: Thompson vs. Holland
Matheus Nicolau,Matt Schnell,Matheus Nicolau,2022-12-03,KO/TKO,2,UFC Fight Night: Thompson vs. Holland
Bryan Barberena,Rafael Dos Anjos,Rafael Dos Anjos,2022-12-03,Submission,2,UFC Fight Night: Thompson vs. Holland
Jack Hermansson,Roman Dolidze,Roman Dolidze,2022-12-03,KO/TKO,2,UFC Fight Night: Thompson vs. Holland
Tai Tuivasa,Sergei Pavlovich,Sergei Pavlovich,2022-12-03,KO/TKO,1,UFC Fight Night: Thompson vs. Holland
Niko Price,Phil Rowe,Phil Rowe,2022-12-03,KO/TKO,3,UFC Fight Night: Thompson vs. Holland
Eryk Anders,Kyle Daukaus,Eryk Anders,2022-12-03,KO/TKO,2,UFC Fight Night: Thompson vs. Holland
Angela Hill,Emily Ducote,Angela Hill,2022-12-03,Decision - Unanimous,3,UFC Fight Night: Thompson vs. Holland
Clay Guida,Scott Holtzman,Clay Guida,2022-12-03,Decision - Split,3,UFC Fight Night: Thompson vs. Holland
Michael Johnson,Marc Diakiese,Michael Johnson,2022-12-03,Decision - Unanimous,3,UFC Fight Night: Thompson vs. Holland
Natan Levy,Genaro Valdez,Natan Levy,2022-12-03,Decision - Unanimous,3,UFC Fight Night: Thompson vs. Holland
Darren Elkins,Jonathan Pearce,Jonathan Pearce,2022-12-03,Decision - Unanimous,3,UFC Fight Night: Thompson vs. Holland
Marcelo Rojo,Francis Marshall,Francis Marshall,2022-12-03,KO/TKO,2,UFC Fight Night: Thompson vs. Holland
Israel Adesanya,Alex Pereira,Alex Pereira,2022-11-12,KO/TKO,5,UFC 281: Adesanya vs. Pereira
Yazmin Jauregui,Istela Nunes,Yazmin Jauregui,2022-12-03,KO/TKO,2,UFC Fight Night: Thompson vs. Holland
Dustin Poirier,Michael Chandler,Dustin Poirier,2022-11-12,Submission,3,UFC 281: Adesanya vs. Pereira
Carla Esparza,Zhang Weili,Zhang Weili,2022-11-12,Submission,2,UFC 281: Adesanya vs. Pereira
Dan Hooker,Claudio Puelles,Dan Hooker,2022-11-12,KO/TKO,2,UFC 281: Adesanya vs. Pereira
Frankie Edgar,Chris Gutierrez,Chris Gutierrez,2022-11-12,KO/TKO,1,UFC 281: Adesanya vs. Pereira
Brad Riddell,Renato Moicano,Renato Moicano,2022-11-12,Submission,1,UFC 281: Adesanya vs. Pereira
Dominick Reyes,Ryan Spann,Ryan Spann,2022-11-12,KO/TKO,1,UFC 281: Adesanya vs. Pereira
Erin Blanchfield,Molly McCann,Erin Blanchfield,2022-11-12,Submission,1,UFC 281: Adesanya vs. Pereira
Andre Petroski,Wellington Turman,Andre Petroski,2022-11-12,Decision - Unanimous,3,UFC 281: Adesanya vs. Pereira
Matt Frevola,Ottman Azaitar,Matt Frevola,2022-11-12,KO/TKO,1,UFC 281: Adesanya vs. Pereira
Karolina Kowalkiewicz,Silvana Gomez Juarez,Karolina Kowalkiewicz,2022-11-12,Decision - Unanimous,3,UFC 281: Adesanya vs. Pereira
Julio Arce,Montel Jackson,Montel Jackson,2022-11-12,Decision - Unanimous,3,UFC 281: Adesanya vs. Pereira
Carlos Ulberg,Nicolae Negumereanu,Carlos Ulberg,2022-11-12,KO/TKO,1,UFC 281: Adesanya vs. Pereira
Michael Trizano,SeungWoo Choi,Michael Trizano,2022-11-12,KO/TKO,1,UFC 281: Adesanya vs. Pereira
Charles Oliveira,Islam Makhachev,Islam Makhachev,2022-10-22,Submission,2,UFC 280: Oliveira vs. Makhachev
Petr Yan,Sean O'Malley,Sean O'Malley,2022-10-22,Decision - Split,3,UFC 280: Oliveira vs. Makhachev
Beneil Dariush,Mateusz Gamrot,Beneil Dariush,2022-10-22,Decision - Unanimous,3,UFC 280: Oliveira vs. Makhachev
Aljamain Sterling,TJ Dillashaw,Aljamain Sterling,2022-10-22,KO/TKO,2,UFC 280: Oliveira vs. Makhachev
Belal Muhammad,Sean Brady,Belal Muhammad,2022-10-22,KO/TKO,2,UFC 280: Oliveira vs. Makhachev
Katlyn Cerminara,Manon Fiorot,Manon Fiorot,2022-10-22,Decision - Unanimous,3,UFC 280: Oliveira vs. Makhachev
Makhmud Muradov,Caio Borralho,Caio Borralho,2022-10-22,Decision - Unanimous,3,UFC 280: Oliveira vs. Makhachev
Abubakar Nurmagomedov,Gadzhi Omargadzhiev,Abubakar Nurmagomedov,2022-10-22,Decision - Unanimous,3,UFC 280: Oliveira vs. Makhachev
Volkan Oezdemir,Nikita Krylov,Nikita Krylov,2022-10-22,Decision - Unanimous,3,UFC 280: Oliveira vs. Makhachev
Armen Petrosyan,AJ Dobson,Armen Petrosyan,2022-10-22,Decision - Unanimous,3,UFC 280: Oliveira vs. Makhachev
Muhammad Mokaev,Malcolm Gordon,Muhammad Mokaev,2022-10-22,Submission,3,UFC 280: Oliveira vs. Makhachev
Karol Rosa,Lina Lansberg,Karol Rosa,2022-10-22,Decision - Majority,3,UFC 280: Oliveira vs. Makhachev
Marina Rodriguez,Amanda Lemos,Amanda Lemos,2022-11-05,KO/TKO,3,UFC Fight Night: Rodriguez vs. Lemos
Neil Magny,Daniel Rodriguez,Neil Magny,2022-11-05,Submission,3,UFC Fight Night: Rodriguez vs. Lemos
Darrick Minner,Shayilan Nuerdanbieke,Shayilan Nuerdanbieke,2022-11-05,KO/TKO,1,UFC Fight Night: Rodriguez vs. Lemos
Tagir Ulanbekov,Nate Maness,Tagir Ulanbekov,2022-11-05,Submission,1,UFC Fight Night: Rodriguez vs. Lemos
Mario Bautista,Benito Lopez,Mario Bautista,2022-11-05,Submission,1,UFC Fight Night: Rodriguez vs. Lemos
Grant Dawson,Mark Madsen,Grant Dawson,2022-11-05,Submission,3,UFC Fight Night: Rodriguez vs. Lemos
Miranda Maverick,Shanna Young,Miranda Maverick,2022-11-05,Decision - Unanimous,3,UFC Fight Night: Rodriguez vs. Lemos
Liudvik Sholinian,Johnny Munoz,Johnny Munoz,2022-11-05,Decision - Unanimous,3,UFC Fight Night: Rodriguez vs. Lemos
Carlos Candelario,Jake Hadley,Jake Hadley,2022-11-05,Submission,2,UFC Fight Night: Rodriguez vs. Lemos
Polyana Viana,Jinh Yu Frey,Polyana Viana,2022-11-05,KO/TKO,1,UFC Fight Night: Rodriguez vs. Lemos
Calvin Kattar,Arnold Allen,Arnold Allen,2022-10-29,KO/TKO,2,UFC Fight Night: Kattar vs. Allen
Tamires Vidal,Ramona Pascual,Tamires Vidal,2022-11-05,KO/TKO,1,UFC Fight Night: Rodriguez vs. Lemos
Tim Means,Max Griffin,Max Griffin,2022-10-29,Decision - Split,3,UFC Fight Night: Kattar vs. Allen
Josh Fremd,Tresean Gore,Tresean Gore,2022-10-29,Submission,2,UFC Fight Night: Kattar vs. Allen
Waldo Cortes-Acosta,Jared Vanderaa,Waldo Cortes-Acosta,2022-10-29,Decision - Unanimous,3,UFC Fight Night: Kattar vs. Allen
Andrei Arlovski,Marcos Rogerio de Lima,Marcos Rogerio de Lima,2022-10-29,Submission,1,UFC Fight Night: Kattar vs. Allen
Phil Hawes,Roman Dolidze,Roman Dolidze,2022-10-29,KO/TKO,1,UFC Fight Night: Kattar vs. Allen
Joseph Holmes,JunYong Park,JunYong Park,2022-10-29,Submission,2,UFC Fight Night: Kattar vs. Allen
Dustin Jacoby,Khalil Rountree Jr.,Khalil Rountree Jr.,2022-10-29,Decision - Split,3,UFC Fight Night: Kattar vs. Allen
Chase Hooper,Steve Garcia,Steve Garcia,2022-10-29,KO/TKO,1,UFC Fight Night: Kattar vs. Allen
Christian Rodriguez,Joshua Weems,Christian Rodriguez,2022-10-29,Submission,1,UFC Fight Night: Kattar vs. Allen
Cody Durden,Carlos Mota,Cody Durden,2022-10-29,Decision - Unanimous,3,UFC Fight Night: Kattar vs. Allen
Jordan Wright,Dusko Todorovic,Dusko Todorovic,2022-10-15,KO/TKO,2,UFC Fight Night: Grasso vs. Araujo
Alexa Grasso,Viviane Araujo,Alexa Grasso,2022-10-15,Decision - Unanimous,5,UFC Fight Night: Grasso vs. Araujo
Cub Swanson,Jonathan Martinez,Jonathan Martinez,2022-10-15,KO/TKO,2,UFC Fight Night: Grasso vs. Araujo
Raphael Assuncao,Victor Henry,Raphael Assuncao,2022-10-15,Decision - Unanimous,3,UFC Fight Night: Grasso vs. Araujo
Misha Cirkunov,Alonzo Menifield,Alonzo Menifield,2022-10-15,KO/TKO,1,UFC Fight Night: Grasso vs. Araujo
Mana Martinez,Brandon Davis,Mana Martinez,2022-10-15,Decision - Split,3,UFC Fight Night: Grasso vs. Araujo
Nick Maximov,Jacob Malkoun,Jacob Malkoun,2022-10-15,Decision - Unanimous,3,UFC Fight Night: Grasso vs. Araujo
Joanderson Brito,Lucas Alexander,Joanderson Brito,2022-10-15,Submission,1,UFC Fight Night: Grasso vs. Araujo
Tatsuro Taira,CJ Vergara,Tatsuro Taira,2022-10-15,Submission,2,UFC Fight Night: Grasso vs. Araujo
Piera Rodriguez,Sam Hughes,Piera Rodriguez,2022-10-15,Decision - Unanimous,3,UFC Fight Night: Grasso vs. Araujo
Randy Brown,Francisco Trinaldo,Randy Brown,2022-10-01,Decision - Unanimous,3,UFC Fight Night: Dern vs. Yan
Mike Jackson,Pete Rodriguez,Pete Rodriguez,2022-10-15,KO/TKO,1,UFC Fight Night: Grasso vs. Araujo
Mackenzie Dern,Yan Xiaonan,Yan Xiaonan,2022-10-01,Decision - Majority,5,UFC Fight Night: Dern vs. Yan
Raoni Barcelos,Trevin Jones,Raoni Barcelos,2022-10-01,Decision - Unanimous,3,UFC Fight Night: Dern vs. Yan
Sodiq Yusuff,Don Shainis,Sodiq Yusuff,2022-10-01,Submission,1,UFC Fight Night: Dern vs. Yan
John Castaneda,Daniel Santos,Daniel Santos,2022-10-01,KO/TKO,2,UFC Fight Night: Dern vs. Yan
Mike Davis,Viacheslav Borshchev,Mike Davis,2022-10-01,Decision - Unanimous,3,UFC Fight Night: Dern vs. Yan
Ilir Latifi,Aleksei Oleinik,Ilir Latifi,2022-10-01,Decision - Unanimous,3,UFC Fight Night: Dern vs. Yan
Joaquim Silva,Jesse Ronson,Joaquim Silva,2022-10-01,KO/TKO,2,UFC Fight Night: Dern vs. Yan
Krzysztof Jotko,Brendan Allen,Brendan Allen,2022-10-01,Submission,1,UFC Fight Night: Dern vs. Yan
Guido Cannetti,Randy Costa,Guido Cannetti,2022-10-01,Submission,1,UFC Fight Night: Dern vs. Yan
Cory Sandhagen,Song Yadong,Cory Sandhagen,2022-09-17,TKO - Doctor's Stoppage,4,UFC Fight Night: Sandhagen vs. Song
Julija Stoliarenko,Chelsea Chandler,Chelsea Chandler,2022-10-01,KO/TKO,1,UFC Fight Night: Dern vs. Yan
Chidi Njokuani,Gregory Rodrigues,Gregory Rodrigues,2022-09-17,KO/TKO,2,UFC Fight Night: Sandhagen vs. Song
Joe Pyfer,Alen Amedovski,Joe Pyfer,2022-09-17,KO/TKO,1,UFC Fight Night: Sandhagen vs. Song
Andre Fili,Bill Algeo,Andre Fili,2022-09-17,Decision - Split,3,UFC Fight Night: Sandhagen vs. Song
Tanner Boser,Rodrigo Nascimento,Rodrigo Nascimento,2022-09-17,Decision - Split,3,UFC Fight Night: Sandhagen vs. Song
Anthony Hernandez,Marc-Andre Barriault,Anthony Hernandez,2022-09-17,Submission,3,UFC Fight Night: Sandhagen vs. Song
Damon Jackson,Pat Sabatini,Damon Jackson,2022-09-17,KO/TKO,1,UFC Fight Night: Sandhagen vs. Song
Trevin Giles,Louis Cosce,Trevin Giles,2022-09-17,Decision - Unanimous,3,UFC Fight Night: Sandhagen vs. Song
Trey Ogden,Daniel Zellhuber,Trey Ogden,2022-09-17,Decision - Unanimous,3,UFC Fight Night: Sandhagen vs. Song
Denise Gomes,Loma Lookboonmee,Loma Lookboonmee,2022-09-17,Decision - Unanimous,3,UFC Fight Night: Sandhagen vs. Song
Mariya Agapova,Gillian Robertson,Gillian Robertson,2022-09-17,Submission,2,UFC Fight Night: Sandhagen vs. Song
Tony Gravely,Javid Basharat,Javid Basharat,2022-09-17,Decision - Unanimous,3,UFC Fight Night: Sandhagen vs. Song
Khamzat Chimaev,Kevin Holland,Khamzat Chimaev,2022-09-10,Submission,1,UFC 279: Diaz vs. Ferguson
Nikolas Motta,Cameron VanCamp,Nikolas Motta,2022-09-17,KO/TKO,1,UFC Fight Night: Sandhagen vs. Song
Nate Diaz,Tony Ferguson,Nate Diaz,2022-09-10,Submission,4,UFC 279: Diaz vs. Ferguson
Li Jingliang,Daniel Rodriguez,Daniel Rodriguez,2022-09-10,Decision - Split,3,UFC 279: Diaz vs. Ferguson
Irene Aldana,Macy Chiasson,Irene Aldana,2022-09-10,KO/TKO,3,UFC 279: Diaz vs. Ferguson
Jailton Almeida,Anton Turkalj,Jailton Almeida,2022-09-10,Submission,1,UFC 279: Diaz vs. Ferguson
Johnny Walker,Ion Cutelaba,Johnny Walker,2022-09-10,Submission,1,UFC 279: Diaz vs. Ferguson
Hakeem Dawodu,Julian Erosa,Julian Erosa,2022-09-10,Decision - Unanimous,3,UFC 279: Diaz vs. Ferguson
Denis Tiuliulin,Jamie Pickett,Denis Tiuliulin,2022-09-10,KO/TKO,2,UFC 279: Diaz vs. Ferguson
Jake Collier,Chris Barnett,Chris Barnett,2022-09-10,KO/TKO,2,UFC 279: Diaz vs. Ferguson
Norma Dumont,Danyelle Wolf,Norma Dumont,2022-09-10,Decision - Unanimous,3,UFC 279: Diaz vs. Ferguson
Chad Anheliger,Alatengheili,Alatengheili,2022-09-10,Decision - Unanimous,3,UFC 279: Diaz vs. Ferguson
Darian Weeks,Yohan Lainesse,Yohan Lainesse,2022-09-10,Decision - Split,3,UFC 279: Diaz vs. Ferguson
Melissa Martinez,Elise Reed,Elise Reed,2022-09-10,Decision - Unanimous,3,UFC 279: Diaz vs. Ferguson
Ciryl Gane,Tai Tuivasa,Ciryl Gane,2022-09-03,KO/TKO,3,UFC Fight Night: Gane vs. Tuivasa
Nassourdine Imavov,Joaquin Buckley,Nassourdine Imavov,2022-09-03,Decision - Unanimous,3,UFC Fight Night: Gane vs. Tuivasa
Robert Whittaker,Marvin Vettori,Robert Whittaker,2022-09-03,Decision - Unanimous,3,UFC Fight Night: Gane vs. Tuivasa
Alessio Di Chirico,Roman Kopylov,Roman Kopylov,2022-09-03,KO/TKO,3,UFC Fight Night: Gane vs. Tuivasa
William Gomis,Jarno Errens,William Gomis,2022-09-03,Decision - Majority,3,UFC Fight Night: Gane vs. Tuivasa
Charles Jourdain,Nathaniel Wood,Nathaniel Wood,2022-09-03,Decision - Unanimous,3,UFC Fight Night: Gane vs. Tuivasa
John Makdessi,Nasrat Haqparast,Nasrat Haqparast,2022-09-03,Decision - Unanimous,3,UFC Fight Night: Gane vs. Tuivasa
Abus Magomedov,Dustin Stoltzfus,Abus Magomedov,2022-09-03,KO/TKO,1,UFC Fight Night: Gane vs. Tuivasa
Fares Ziam,Michal Figlak,Fares Ziam,2022-09-03,Decision - Unanimous,3,UFC Fight Night: Gane vs. Tuivasa
Khalid Taha,Cristian Quinonez,Cristian Quinonez,2022-09-03,KO/TKO,1,UFC Fight Night: Gane vs. Tuivasa
Benoit Saint Denis,Gabriel Miranda,Benoit Saint Denis,2022-09-03,KO/TKO,2,UFC Fight Night: Gane vs. Tuivasa
Stephanie Egger,Ailin Perez,Stephanie Egger,2022-09-03,Submission,2,UFC Fight Night: Gane vs. Tuivasa
Kamaru Usman,Leon Edwards,Leon Edwards,2022-08-20,KO/TKO,5,UFC 278: Usman vs. Edwards
Jose Aldo,Merab Dvalishvili,Merab Dvalishvili,2022-08-20,Decision - Unanimous,3,UFC 278: Usman vs. Edwards
Paulo Costa,Luke Rockhold,Paulo Costa,2022-08-20,Decision - Unanimous,3,UFC 278: Usman vs. Edwards
Tyson Pedro,Harry Hunsucker,Tyson Pedro,2022-08-20,KO/TKO,1,UFC 278: Usman vs. Edwards
Wu Yanan,Lucie Pudilova,Lucie Pudilova,2022-08-20,KO/TKO,2,UFC 278: Usman vs. Edwards
Marcin Tybura,Alexandr Romanov,Marcin Tybura,2022-08-20,Decision - Majority,3,UFC 278: Usman vs. Edwards
Leonardo Santos,Jared Gordon,Jared Gordon,2022-08-20,Decision - Unanimous,3,UFC 278: Usman vs. Edwards
AJ Fletcher,Ange Loosa,Ange Loosa,2022-08-20,Decision - Unanimous,3,UFC 278: Usman vs. Edwards
Amir Albazi,Francisco Figueiredo,Amir Albazi,2022-08-20,Submission,1,UFC 278: Usman vs. Edwards
Daniel Lacerda,Victor Altamirano,Victor Altamirano,2022-08-20,KO/TKO,1,UFC 278: Usman vs. Edwards
Aoriqileng,Jay Perrin,Aoriqileng,2022-08-20,Decision - Unanimous,3,UFC 278: Usman vs. Edwards
Mohammed Usman,Zac Pauga,Mohammed Usman,2022-08-06,KO/TKO,2,UFC Fight Night: Santos vs. Hill
Vicente Luque,Geoff Neal,Geoff Neal,2022-08-06,KO/TKO,3,UFC Fight Night: Santos vs. Hill
Thiago Santos,Jamahal Hill,Jamahal Hill,2022-08-06,KO/TKO,4,UFC Fight Night: Santos vs. Hill
Brogan Walker,Juliana Miller,Juliana Miller,2022-08-06,KO/TKO,3,UFC Fight Night: Santos vs. Hill
Terrance McKinney,Erick Gonzalez,Terrance McKinney,2022-08-06,Submission,1,UFC Fight Night: Santos vs. Hill
Augusto Sakai,Serghei Spivac,Serghei Spivac,2022-08-06,KO/TKO,2,UFC Fight Night: Santos vs. Hill
Bryan Battle,Takashi Sato,Bryan Battle,2022-08-06,KO/TKO,1,UFC Fight Night: Santos vs. Hill
Sam Alvey,Michal Oleksiejczuk,Michal Oleksiejczuk,2022-08-06,KO/TKO,1,UFC Fight Night: Santos vs. Hill
Cory McKenna,Miranda Granger,Cory McKenna,2022-08-06,Submission,2,UFC Fight Night: Santos vs. Hill
Mayra Bueno Silva,Stephanie Egger,Mayra Bueno Silva,2022-08-06,Submission,1,UFC Fight Night: Santos vs. Hill
Nate Landwehr,David Onama,Nate Landwehr,2022-08-13,Decision - Majority,3,UFC Fight Night: Vera vs. Cruz
Marlon Vera,Dominick Cruz,Marlon Vera,2022-08-13,KO/TKO,4,UFC Fight Night: Vera vs. Cruz
Yazmin Jauregui,Iasmin Lucindo,Yazmin Jauregui,2022-08-13,Decision - Unanimous,3,UFC Fight Night: Vera vs. Cruz
Devin Clark,Azamat Murzakanov,Azamat Murzakanov,2022-08-13,KO/TKO,3,UFC Fight Night: Vera vs. Cruz
Angela Hill,Loopy Godinez,Angela Hill,2022-08-13,Decision - Unanimous,3,UFC Fight Night: Vera vs. Cruz
Priscila Cachoeira,Ariane da Silva,Priscila Cachoeira,2022-08-13,KO/TKO,1,UFC Fight Night: Vera vs. Cruz
Bruno Silva,Gerald Meerschaert,Gerald Meerschaert,2022-08-13,Submission,3,UFC Fight Night: Vera vs. Cruz
Cynthia Calvillo,Nina Nunes,Nina Nunes,2022-08-13,Decision - Split,3,UFC Fight Night: Vera vs. Cruz
Gabriel Benitez,Charlie Ontiveros,Gabriel Benitez,2022-08-13,KO/TKO,1,UFC Fight Night: Vera vs. Cruz
Martin Buday,Lukasz Brzeski,Martin Buday,2022-08-13,Decision - Split,3,UFC Fight Night: Vera vs. Cruz
Jason Witt,Josh Quinlan,Josh Quinlan,2022-08-13,KO/TKO,1,UFC Fight Night: Vera vs. Cruz
Ode Osbourne,Tyson Nam,Tyson Nam,2022-08-13,KO/TKO,1,UFC Fight Night: Vera vs. Cruz
Brandon Moreno,Kai Kara-France,Brandon Moreno,2022-07-30,KO/TKO,3,UFC 277: Pena vs. Nunes 2
Derrick Lewis,Sergei Pavlovich,Sergei Pavlovich,2022-07-30,KO/TKO,1,UFC 277: Pena vs. Nunes 2
Julianna Pena,Amanda Nunes,Amanda Nunes,2022-07-30,Decision - Unanimous,5,UFC 277: Pena vs. Nunes 2
Magomed Ankalaev,Anthony Smith,Magomed Ankalaev,2022-07-30,KO/TKO,2,UFC 277: Pena vs. Nunes 2
Alex Morono,Matthew Semelsberger,Alex Morono,2022-07-30,Decision - Unanimous,3,UFC 277: Pena vs. Nunes 2
Alexandre Pantoja,Alex Perez,Alexandre Pantoja,2022-07-30,Submission,1,UFC 277: Pena vs. Nunes 2
Drew Dober,Rafael Alves,Drew Dober,2022-07-30,KO/TKO,3,UFC 277: Pena vs. Nunes 2
Drakkar Klose,Rafa Garcia,Drakkar Klose,2022-07-30,Decision - Unanimous,3,UFC 277: Pena vs. Nunes 2
Michael Morales,Adam Fugitt,Michael Morales,2022-07-30,KO/TKO,3,UFC 277: Pena vs. Nunes 2
Nicolae Negumereanu,Ihor Potieria,Nicolae Negumereanu,2022-07-30,KO/TKO,2,UFC 277: Pena vs. Nunes 2
Joselyne Edwards,Ji Yeon Kim,Joselyne Edwards,2022-07-30,Decision - Split,3,UFC 277: Pena vs. Nunes 2
Brian Ortega,Yair Rodriguez,Yair Rodriguez,2022-07-16,KO/TKO,1,UFC Fight Night: Ortega vs. Rodriguez
Orion Cosce,Blood Diamond,Orion Cosce,2022-07-30,Decision - Unanimous,3,UFC 277: Pena vs. Nunes 2
Michelle Waterson-Gomez,Amanda Lemos,Amanda Lemos,2022-07-16,Submission,2,UFC Fight Night: Ortega vs. Rodriguez
Li Jingliang,Muslim Salikhov,Li Jingliang,2022-07-16,KO/TKO,2,UFC Fight Night: Ortega vs. Rodriguez
Shane Burgos,Charles Jourdain,Shane Burgos,2022-07-16,Decision - Majority,3,UFC Fight Night: Ortega vs. Rodriguez
Matt Schnell,Sumudaerji,Matt Schnell,2022-07-16,Submission,2,UFC Fight Night: Ortega vs. Rodriguez
Punahele Soriano,Dalcha Lungiambula,Punahele Soriano,2022-07-16,KO/TKO,2,UFC Fight Night: Ortega vs. Rodriguez
Lauren Murphy,Miesha Tate,Lauren Murphy,2022-07-16,Decision - Unanimous,3,UFC Fight Night: Ortega vs. Rodriguez
Ricky Simon,Jack Shore,Ricky Simon,2022-07-16,Submission,2,UFC Fight Night: Ortega vs. Rodriguez
Bill Algeo,Herbert Burns,Bill Algeo,2022-07-16,KO/TKO,2,UFC Fight Night: Ortega vs. Rodriguez
Dustin Jacoby,Da Woon Jung,Dustin Jacoby,2022-07-16,KO/TKO,1,UFC Fight Night: Ortega vs. Rodriguez
Dwight Grant,Dustin Stoltzfus,Dustin Stoltzfus,2022-07-16,Decision - Unanimous,3,UFC Fight Night: Ortega vs. Rodriguez
Curtis Blaydes,Tom Aspinall,Curtis Blaydes,2022-07-23,KO/TKO,1,UFC Fight Night: Blaydes vs. Aspinall
Jessica Penne,Emily Ducote,Emily Ducote,2022-07-16,Decision - Unanimous,3,UFC Fight Night: Ortega vs. Rodriguez
Nikita Krylov,Alexander Gustafsson,Nikita Krylov,2022-07-23,KO/TKO,1,UFC Fight Night: Blaydes vs. Aspinall
Paddy Pimblett,Jordan Leavitt,Paddy Pimblett,2022-07-23,Submission,2,UFC Fight Night: Blaydes vs. Aspinall
Jack Hermansson,Chris Curtis,Jack Hermansson,2022-07-23,Decision - Unanimous,3,UFC Fight Night: Blaydes vs. Aspinall
Paul Craig,Volkan Oezdemir,Volkan Oezdemir,2022-07-23,Decision - Unanimous,3,UFC Fight Night: Blaydes vs. Aspinall
Molly McCann,Hannah Goldy,Molly McCann,2022-07-23,KO/TKO,1,UFC Fight Night: Blaydes vs. Aspinall
Mason Jones,Ludovit Klein,Ludovit Klein,2022-07-23,Decision - Unanimous,3,UFC Fight Night: Blaydes vs. Aspinall
Marc Diakiese,Damir Hadzovic,Marc Diakiese,2022-07-23,Decision - Unanimous,3,UFC Fight Night: Blaydes vs. Aspinall
Nathaniel Wood,Charles Rosa,Nathaniel Wood,2022-07-23,Decision - Unanimous,3,UFC Fight Night: Blaydes vs. Aspinall
Makwan Amirkhani,Jonathan Pearce,Jonathan Pearce,2022-07-23,KO/TKO,2,UFC Fight Night: Blaydes vs. Aspinall
Muhammad Mokaev,Charles Johnson,Muhammad Mokaev,2022-07-23,Decision - Unanimous,3,UFC Fight Night: Blaydes vs. Aspinall
Jai Herbert,Kyle Nelson,Jai Herbert,2022-07-23,Decision - Unanimous,3,UFC Fight Night: Blaydes vs. Aspinall
Mandy Bohm,Victoria Leonardo,Victoria Leonardo,2022-07-23,Decision - Unanimous,3,UFC Fight Night: Blaydes vs. Aspinall
Rafael Dos Anjos,Rafael Fiziev,Rafael Fiziev,2022-07-09,KO/TKO,5,UFC Fight Night: Dos Anjos vs. Fiziev
Claudio Silva,Nicolas Dalby,Nicolas Dalby,2022-07-23,Decision - Unanimous,3,UFC Fight Night: Blaydes vs. Aspinall
Caio Borralho,Armen Petrosyan,Caio Borralho,2022-07-09,Decision - Unanimous,3,UFC Fight Night: Dos Anjos vs. Fiziev
Douglas Silva de Andrade,Said Nurmagomedov,Said Nurmagomedov,2022-07-09,Decision - Unanimous,3,UFC Fight Night: Dos Anjos vs. Fiziev
Jared Vanderaa,Chase Sherman,Chase Sherman,2022-07-09,KO/TKO,3,UFC Fight Night: Dos Anjos vs. Fiziev
Aiemann Zahabi,Ricky Turcios,Aiemann Zahabi,2022-07-09,Decision - Unanimous,3,UFC Fight Night: Dos Anjos vs. Fiziev
Michael Johnson,Jamie Mullarkey,Jamie Mullarkey,2022-07-09,Decision - Split,3,UFC Fight Night: Dos Anjos vs. Fiziev
Cody Brundage,Tresean Gore,Cody Brundage,2022-07-09,KO/TKO,1,UFC Fight Night: Dos Anjos vs. Fiziev
David Onama,Garrett Armfield,David Onama,2022-07-09,Submission,2,UFC Fight Night: Dos Anjos vs. Fiziev
Antonina Shevchenko,Cortney Casey,Antonina Shevchenko,2022-07-09,Decision - Split,3,UFC Fight Night: Dos Anjos vs. Fiziev
Kennedy Nzechukwu,Karl Roberson,Kennedy Nzechukwu,2022-07-09,KO/TKO,3,UFC Fight Night: Dos Anjos vs. Fiziev
Ronnie Lawrence,Saidyokub Kakhramonov,Saidyokub Kakhramonov,2022-07-09,Decision - Unanimous,3,UFC Fight Night: Dos Anjos vs. Fiziev
Sean Strickland,Alex Pereira,Alex Pereira,2022-07-02,KO/TKO,1,UFC 276: Adesanya vs. Cannonier
Israel Adesanya,Jared Cannonier,Israel Adesanya,2022-07-02,Decision - Unanimous,5,UFC 276: Adesanya vs. Cannonier
Alexander Volkanovski,Max Holloway,Alexander Volkanovski,2022-07-02,Decision - Unanimous,5,UFC 276: Adesanya vs. Cannonier
Robbie Lawler,Bryan Barberena,Bryan Barberena,2022-07-02,KO/TKO,2,UFC 276: Adesanya vs. Cannonier
Brad Riddell,Jalin Turner,Jalin Turner,2022-07-02,Submission,1,UFC 276: Adesanya vs. Cannonier
Brad Tavares,Dricus Du Plessis,Dricus Du Plessis,2022-07-02,Decision - Unanimous,3,UFC 276: Adesanya vs. Cannonier
Ian Machado Garry,Gabe Green,Ian Machado Garry,2022-07-02,Decision - Unanimous,3,UFC 276: Adesanya vs. Cannonier
Jim Miller,Donald Cerrone,Jim Miller,2022-07-02,Submission,2,UFC 276: Adesanya vs. Cannonier
Uriah Hall,Andre Muniz,Andre Muniz,2022-07-02,Decision - Unanimous,3,UFC 276: Adesanya vs. Cannonier
Jessica Eye,Maycee Barber,Maycee Barber,2022-07-02,Decision - Unanimous,3,UFC 276: Adesanya vs. Cannonier
Jessica-Rose Clark,Julija Stoliarenko,Julija Stoliarenko,2022-07-02,Submission,1,UFC 276: Adesanya vs. Cannonier
Tim Means,Kevin Holland,Kevin Holland,2022-06-18,Submission,2,UFC Fight Night: Kattar vs. Emmett
Calvin Kattar,Josh Emmett,Josh Emmett,2022-06-18,Decision - Split,5,UFC Fight Night: Kattar vs. Emmett
Julian Marquez,Gregory Rodrigues,Gregory Rodrigues,2022-06-18,KO/TKO,1,UFC Fight Night: Kattar vs. Emmett
Joaquin Buckley,Albert Duraev,Joaquin Buckley,2022-06-18,TKO - Doctor's Stoppage,2,UFC Fight Night: Kattar vs. Emmett
Damir Ismagulov,Guram Kutateladze,Damir Ismagulov,2022-06-18,Decision - Split,3,UFC Fight Night: Kattar vs. Emmett
Jasmine Jasudavicius,Natalia Silva,Natalia Silva,2022-06-18,Decision - Unanimous,3,UFC Fight Night: Kattar vs. Emmett
Adrian Yanez,Tony Kelley,Adrian Yanez,2022-06-18,KO/TKO,1,UFC Fight Night: Kattar vs. Emmett
Court McGee,Jeremiah Wells,Jeremiah Wells,2022-06-18,KO/TKO,1,UFC Fight Night: Kattar vs. Emmett
Ricardo Ramos,Danny Chavez,Ricardo Ramos,2022-06-18,KO/TKO,1,UFC Fight Night: Kattar vs. Emmett
Maria Oliveira,Gloria de Paula,Maria Oliveira,2022-06-18,Decision - Split,3,UFC Fight Night: Kattar vs. Emmett
Roman Dolidze,Kyle Daukaus,Roman Dolidze,2022-06-18,KO/TKO,1,UFC Fight Night: Kattar vs. Emmett
Eddie Wineland,Cody Stamann,Cody Stamann,2022-06-18,KO/TKO,1,UFC Fight Night: Kattar vs. Emmett
Phil Hawes,Deron Winn,Phil Hawes,2022-06-18,KO/TKO,2,UFC Fight Night: Kattar vs. Emmett
Neil Magny,Shavkat Rakhmonov,Shavkat Rakhmonov,2022-06-25,Submission,2,UFC Fight Night: Tsarukyan vs. Gamrot
Arman Tsarukyan,Mateusz Gamrot,Mateusz Gamrot,2022-06-25,Decision - Unanimous,5,UFC Fight Night: Tsarukyan vs. Gamrot
Josh Parisian,Alan Baudot,Josh Parisian,2022-06-25,KO/TKO,2,UFC Fight Night: Tsarukyan vs. Gamrot
Thiago Moises,Christos Giagos,Thiago Moises,2022-06-25,Submission,1,UFC Fight Night: Tsarukyan vs. Gamrot
Nate Maness,Umar Nurmagomedov,Umar Nurmagomedov,2022-06-25,Decision - Unanimous,3,UFC Fight Night: Tsarukyan vs. Gamrot
Chris Curtis,Rodolfo Vieira,Chris Curtis,2022-06-25,Decision - Unanimous,3,UFC Fight Night: Tsarukyan vs. Gamrot
Shayilan Nuerdanbieke,TJ Brown,Shayilan Nuerdanbieke,2022-06-25,Decision - Unanimous,3,UFC Fight Night: Tsarukyan vs. Gamrot
Carlos Ulberg,Tafon Nchukwi,Carlos Ulberg,2022-06-25,KO/TKO,1,UFC Fight Night: Tsarukyan vs. Gamrot
Raulian Paiva,Sergey Morozov,Sergey Morozov,2022-06-25,Decision - Unanimous,3,UFC Fight Night: Tsarukyan vs. Gamrot
JP Buys,Cody Durden,Cody Durden,2022-06-25,KO/TKO,1,UFC Fight Night: Tsarukyan vs. Gamrot
Brian Kelleher,Mario Bautista,Mario Bautista,2022-06-25,Submission,1,UFC Fight Night: Tsarukyan vs. Gamrot
Vanessa Demopoulos,Jinh Yu Frey,Vanessa Demopoulos,2022-06-25,Decision - Split,3,UFC Fight Night: Tsarukyan vs. Gamrot
Holly Holm,Ketlen Vieira,Ketlen Vieira,2022-05-21,Decision - Split,5,UFC Fight Night: Holm vs. Vieira
Santiago Ponzinibbio,Michel Pereira,Michel Pereira,2022-05-21,Decision - Split,3,UFC Fight Night: Holm vs. Vieira
Chidi Njokuani,Dusko Todorovic,Chidi Njokuani,2022-05-21,KO/TKO,1,UFC Fight Night: Holm vs. Vieira
Polyana Viana,Tabatha Ricci,Tabatha Ricci,2022-05-21,Decision - Unanimous,3,UFC Fight Night: Holm vs. Vieira
Eryk Anders,JunYong Park,JunYong Park,2022-05-21,Decision - Split,3,UFC Fight Night: Holm vs. Vieira
Joseph Holmes,Alen Amedovski,Joseph Holmes,2022-05-21,Submission,1,UFC Fight Night: Holm vs. Vieira
Jailton Almeida,Parker Porter,Jailton Almeida,2022-05-21,Submission,1,UFC Fight Night: Holm vs. Vieira
Jonathan Martinez,Vince Morales,Jonathan Martinez,2022-05-21,Decision - Unanimous,3,UFC Fight Night: Holm vs. Vieira
Omar Morales,Uros Medic,Uros Medic,2022-05-21,KO/TKO,2,UFC Fight Night: Holm vs. Vieira
Elise Reed,Sam Hughes,Sam Hughes,2022-05-21,KO/TKO,3,UFC Fight Night: Holm vs. Vieira
Chase Hooper,Felipe Colares,Chase Hooper,2022-05-21,KO/TKO,3,UFC Fight Night: Holm vs. Vieira
Glover Teixeira,Jiri Prochazka,Jiri Prochazka,2022-06-11,Submission,5,UFC 275: Teixeira vs. Prochazka
Zhang Weili,Joanna Jedrzejczyk,Zhang Weili,2022-06-11,KO/TKO,2,UFC 275: Teixeira vs. Prochazka
Valentina Shevchenko,Taila Santos,Valentina Shevchenko,2022-06-11,Decision - Split,5,UFC 275: Teixeira vs. Prochazka
Andre Fialho,Jake Matthews,Jake Matthews,2022-06-11,KO/TKO,2,UFC 275: Teixeira vs. Prochazka
Jack Della Maddalena,Ramazan Emeev,Jack Della Maddalena,2022-06-11,KO/TKO,1,UFC 275: Teixeira vs. Prochazka
Brendan Allen,Jacob Malkoun,Brendan Allen,2022-06-11,Decision - Unanimous,3,UFC 275: Teixeira vs. Prochazka
SeungWoo Choi,Josh Culibao,Josh Culibao,2022-06-11,Decision - Split,3,UFC 275: Teixeira vs. Prochazka
Maheshate,Steve Garcia,Maheshate,2022-06-11,KO/TKO,1,UFC 275: Teixeira vs. Prochazka
Ramona Pascual,Joselyne Edwards,Joselyne Edwards,2022-06-11,Decision - Unanimous,3,UFC 275: Teixeira vs. Prochazka
Liang Na,Silvana Gomez Juarez,Silvana Gomez Juarez,2022-06-11,KO/TKO,1,UFC 275: Teixeira vs. Prochazka
Kyung Ho Kang,Batgerel Danaa,Kyung Ho Kang,2022-06-11,Decision - Unanimous,3,UFC 275: Teixeira vs. Prochazka
Dan Ige,Movsar Evloev,Movsar Evloev,2022-06-04,Decision - Unanimous,3,UFC Fight Night: Volkov vs. Rozenstruik
Alexander Volkov,Jairzinho Rozenstruik,Alexander Volkov,2022-06-04,KO/TKO,1,UFC Fight Night: Volkov vs. Rozenstruik
Michael Trizano,Lucas Almeida,Lucas Almeida,2022-06-04,KO/TKO,3,UFC Fight Night: Volkov vs. Rozenstruik
Karine Silva,Poliana Botelho,Karine Silva,2022-06-04,Submission,1,UFC Fight Night: Volkov vs. Rozenstruik
Ode Osbourne,Zarrukh Adashev,Ode Osbourne,2022-06-04,KO/TKO,1,UFC Fight Night: Volkov vs. Rozenstruik
Alonzo Menifield,Askar Mozharov,Alonzo Menifield,2022-06-04,KO/TKO,1,UFC Fight Night: Volkov vs. Rozenstruik
Damon Jackson,Dan Argueta,Damon Jackson,2022-06-04,Decision - Unanimous,3,UFC Fight Night: Volkov vs. Rozenstruik
Felice Herrig,Karolina Kowalkiewicz,Karolina Kowalkiewicz,2022-06-04,Submission,2,UFC Fight Night: Volkov vs. Rozenstruik
Joe Solecki,Alex Da Silva,Joe Solecki,2022-06-04,Decision - Majority,3,UFC Fight Night: Volkov vs. Rozenstruik
Niklas Stolze,Benoit Saint Denis,Benoit Saint Denis,2022-06-04,Submission,2,UFC Fight Night: Volkov vs. Rozenstruik
Johnny Munoz,Tony Gravely,Tony Gravely,2022-06-04,KO/TKO,1,UFC Fight Night: Volkov vs. Rozenstruik
Jeff Molina,Zhalgas Zhumagulov,Jeff Molina,2022-06-04,Decision - Split,3,UFC Fight Night: Volkov vs. Rozenstruik
Rinat Fakhretdinov,Andreas Michailidis,Rinat Fakhretdinov,2022-06-04,Decision - Unanimous,3,UFC Fight Night: Volkov vs. Rozenstruik
Erin Blanchfield,JJ Aldrich,Erin Blanchfield,2022-06-04,Submission,2,UFC Fight Night: Volkov vs. Rozenstruik
Jan Blachowicz,Aleksandar Rakic,Jan Blachowicz,2022-05-14,KO/TKO,3,UFC Fight Night: Blachowicz vs. Rakic
Ryan Spann,Ion Cutelaba,Ryan Spann,2022-05-14,Submission,1,UFC Fight Night: Blachowicz vs. Rakic
Davey Grant,Louis Smolka,Davey Grant,2022-05-14,KO/TKO,3,UFC Fight Night: Blachowicz vs. Rakic
Katlyn Cerminara,Amanda Ribas,Katlyn Cerminara,2022-05-14,Decision - Split,3,UFC Fight Night: Blachowicz vs. Rakic
Jake Hadley,Allan Nascimento,Allan Nascimento,2022-05-14,Decision - Unanimous,3,UFC Fight Night: Blachowicz vs. Rakic
Frank Camacho,Manuel Torres,Manuel Torres,2022-05-14,KO/TKO,1,UFC Fight Night: Blachowicz vs. Rakic
Viviane Araujo,Andrea Lee,Viviane Araujo,2022-05-14,Decision - Unanimous,3,UFC Fight Night: Blachowicz vs. Rakic
Michael Johnson,Alan Patrick,Michael Johnson,2022-05-14,KO/TKO,2,UFC Fight Night: Blachowicz vs. Rakic
Virna Jandiroba,Angela Hill,Virna Jandiroba,2022-05-14,Decision - Unanimous,3,UFC Fight Night: Blachowicz vs. Rakic
Nick Maximov,Andre Petroski,Andre Petroski,2022-05-14,Submission,1,UFC Fight Night: Blachowicz vs. Rakic
Tatsuro Taira,Carlos Candelario,Tatsuro Taira,2022-05-14,Decision - Unanimous,3,UFC Fight Night: Blachowicz vs. Rakic
Rob Font,Marlon Vera,Marlon Vera,2022-04-30,Decision - Unanimous,5,UFC Fight Night: Font vs. Vera
Andrei Arlovski,Jake Collier,Andrei Arlovski,2022-04-30,Decision - Split,3,UFC Fight Night: Font vs. Vera
Andre Fili,Joanderson Brito,Joanderson Brito,2022-04-30,KO/TKO,1,UFC Fight Night: Font vs. Vera
Jared Gordon,Grant Dawson,Grant Dawson,2022-04-30,Submission,3,UFC Fight Night: Font vs. Vera
Alexandr Romanov,Chase Sherman,Alexandr Romanov,2022-04-30,Submission,1,UFC Fight Night: Font vs. Vera
Darren Elkins,Tristan Connelly,Darren Elkins,2022-04-30,Decision - Unanimous,3,UFC Fight Night: Font vs. Vera
Krzysztof Jotko,Gerald Meerschaert,Krzysztof Jotko,2022-04-30,Decision - Unanimous,3,UFC Fight Night: Font vs. Vera
Daniel Lacerda,Francisco Figueiredo,Francisco Figueiredo,2022-04-30,Submission,1,UFC Fight Night: Font vs. Vera
Gabe Green,Yohan Lainesse,Gabe Green,2022-04-30,KO/TKO,2,UFC Fight Night: Font vs. Vera
Natan Levy,Mike Breeden,Natan Levy,2022-04-30,Decision - Unanimous,3,UFC Fight Night: Font vs. Vera
Gina Mazany,Shanna Young,Shanna Young,2022-04-30,KO/TKO,2,UFC Fight Night: Font vs. Vera
Michael Chandler,Tony Ferguson,Michael Chandler,2022-05-07,KO/TKO,2,UFC 274: Oliveira vs. Gaethje
Rose Namajunas,Carla Esparza,Carla Esparza,2022-05-07,Decision - Split,5,UFC 274: Oliveira vs. Gaethje
Charles Oliveira,Justin Gaethje,Charles Oliveira,2022-05-07,Submission,1,UFC 274: Oliveira vs. Gaethje
Francisco Trinaldo,Danny Roberts,Francisco Trinaldo,2022-05-07,Decision - Unanimous,3,UFC 274: Oliveira vs. Gaethje
Mauricio Rua,Ovince Saint Preux,Ovince Saint Preux,2022-05-07,Decision - Split,3,UFC 274: Oliveira vs. Gaethje
Macy Chiasson,Norma Dumont,Macy Chiasson,2022-05-07,Decision - Split,3,UFC 274: Oliveira vs. Gaethje
Randy Brown,Khaos Williams,Randy Brown,2022-05-07,Decision - Split,3,UFC 274: Oliveira vs. Gaethje
Brandon Royval,Matt Schnell,Brandon Royval,2022-05-07,Submission,1,UFC 274: Oliveira vs. Gaethje
Andre Fialho,Cameron VanCamp,Andre Fialho,2022-05-07,KO/TKO,1,UFC 274: Oliveira vs. Gaethje
Blagoy Ivanov,Marcos Rogerio de Lima,Blagoy Ivanov,2022-05-07,Decision - Unanimous,3,UFC 274: Oliveira vs. Gaethje
Kleydson Rodrigues,CJ Vergara,CJ Vergara,2022-05-07,Decision - Split,3,UFC 274: Oliveira vs. Gaethje
Tracy Cortez,Melissa Gatto,Tracy Cortez,2022-05-07,Decision - Unanimous,3,UFC 274: Oliveira vs. Gaethje
Ariane Carnelossi,Loopy Godinez,Loopy Godinez,2022-05-07,Decision - Unanimous,3,UFC 274: Oliveira vs. Gaethje
Journey Newson,Fernie Garcia,Journey Newson,2022-05-07,Decision - Unanimous,3,UFC 274: Oliveira vs. Gaethje
Amanda Lemos,Jessica Andrade,Jessica Andrade,2022-04-23,Submission,1,UFC Fight Night: Lemos vs. Andrade
Clay Guida,Claudio Puelles,Claudio Puelles,2022-04-23,Submission,1,UFC Fight Night: Lemos vs. Andrade
Maycee Barber,Montana De La Rosa,Maycee Barber,2022-04-23,Decision - Unanimous,3,UFC Fight Night: Lemos vs. Andrade
Lando Vannata,Charles Jourdain,Charles Jourdain,2022-04-23,Submission,1,UFC Fight Night: Lemos vs. Andrade
Dwight Grant,Sergey Khandozhko,Sergey Khandozhko,2022-04-23,KO/TKO,2,UFC Fight Night: Lemos vs. Andrade
Jordan Wright,Marc-Andre Barriault,Marc-Andre Barriault,2022-04-23,Submission,1,UFC Fight Night: Lemos vs. Andrade
Tyson Pedro,Ike Villanueva,Tyson Pedro,2022-04-23,KO/TKO,1,UFC Fight Night: Lemos vs. Andrade
Aoriqileng,Cameron Else,Aoriqileng,2022-04-23,KO/TKO,1,UFC Fight Night: Lemos vs. Andrade
Preston Parsons,Evan Elder,Preston Parsons,2022-04-23,Decision - Unanimous,3,UFC Fight Night: Lemos vs. Andrade
Dean Barry,Mike Jackson,Mike Jackson,2022-04-23,DQ,1,UFC Fight Night: Lemos vs. Andrade
Marcin Prachnio,Philipe Lins,Philipe Lins,2022-04-23,Decision - Unanimous,3,UFC Fight Night: Lemos vs. Andrade
Caio Borralho,Gadzhi Omargadzhiev,Caio Borralho,2022-04-16,Decision - Unanimous,3,UFC Fight Night: Luque vs. Muhammad
Vicente Luque,Belal Muhammad,Belal Muhammad,2022-04-16,Decision - Unanimous,5,UFC Fight Night: Luque vs. Muhammad
Miguel Baeza,Andre Fialho,Andre Fialho,2022-04-16,KO/TKO,1,UFC Fight Night: Luque vs. Muhammad
Mayra Bueno Silva,Wu Yanan,Mayra Bueno Silva,2022-04-16,Decision - Unanimous,3,UFC Fight Night: Luque vs. Muhammad
Mounir Lazzez,Ange Loosa,Mounir Lazzez,2022-04-16,Decision - Unanimous,3,UFC Fight Night: Luque vs. Muhammad
Pat Sabatini,TJ Laramie,Pat Sabatini,2022-04-16,Decision - Unanimous,3,UFC Fight Night: Luque vs. Muhammad
Drakkar Klose,Brandon Jenkins,Drakkar Klose,2022-04-16,KO/TKO,2,UFC Fight Night: Luque vs. Muhammad
Devin Clark,William Knight,Devin Clark,2022-04-16,KO/TKO,3,UFC Fight Night: Luque vs. Muhammad
Lina Lansberg,Pannie Kianzad,Pannie Kianzad,2022-04-16,Decision - Unanimous,3,UFC Fight Night: Luque vs. Muhammad
Rafa Garcia,Jesse Ronson,Rafa Garcia,2022-04-16,Submission,2,UFC Fight Night: Luque vs. Muhammad
Chris Barnett,Martin Buday,Martin Buday,2022-04-16,Decision - Unanimous,3,UFC Fight Night: Luque vs. Muhammad
Jordan Leavitt,Trey Ogden,Jordan Leavitt,2022-04-16,Decision - Split,3,UFC Fight Night: Luque vs. Muhammad
Alatengheili,Kevin Croom,Alatengheili,2022-04-16,KO/TKO,1,UFC Fight Night: Luque vs. Muhammad
Istela Nunes,Sam Hughes,Sam Hughes,2022-04-16,Decision - Majority,3,UFC Fight Night: Luque vs. Muhammad
Aljamain Sterling,Petr Yan,Aljamain Sterling,2022-04-09,Decision - Split,5,UFC 273: Volkanovski vs. The Korean Zombie
Gilbert Burns,Khamzat Chimaev,Khamzat Chimaev,2022-04-09,Decision - Unanimous,3,UFC 273: Volkanovski vs. The Korean Zombie
Alexander Volkanovski,Chan Sung Jung,Alexander Volkanovski,2022-04-09,KO/TKO,4,UFC 273: Volkanovski vs. The Korean Zombie
Mackenzie Dern,Tecia Pennington,Mackenzie Dern,2022-04-09,Decision - Split,3,UFC 273: Volkanovski vs. The Korean Zombie
Ian Machado Garry,Darian Weeks,Ian Machado Garry,2022-04-09,Decision - Unanimous,3,UFC 273: Volkanovski vs. The Korean Zombie
Vinc Pichel,Mark Madsen,Mark Madsen,2022-04-09,Decision - Unanimous,3,UFC 273: Volkanovski vs. The Korean Zombie
Anthony Hernandez,Josh Fremd,Anthony Hernandez,2022-04-09,Decision - Unanimous,3,UFC 273: Volkanovski vs. The Korean Zombie
Aleksei Oleinik,Jared Vanderaa,Aleksei Oleinik,2022-04-09,Submission,1,UFC 273: Volkanovski vs. The Korean Zombie
Aspen Ladd,Raquel Pennington,Raquel Pennington,2022-04-09,Decision - Unanimous,3,UFC 273: Volkanovski vs. The Korean Zombie
Mickey Gall,Mike Malott,Mike Malott,2022-04-09,KO/TKO,1,UFC 273: Volkanovski vs. The Korean Zombie
Piera Rodriguez,Kay Hansen,Piera Rodriguez,2022-04-09,Decision - Unanimous,3,UFC 273: Volkanovski vs. The Korean Zombie
Alexander Volkov,Tom Aspinall,Tom Aspinall,2022-03-19,Submission,1,UFC Fight Night: Volkov vs. Aspinall
Julio Arce,Daniel Santos,Julio Arce,2022-04-09,Decision - Unanimous,3,UFC 273: Volkanovski vs. The Korean Zombie
Paddy Pimblett,Kazula Vargas,Paddy Pimblett,2022-03-19,Submission,1,UFC Fight Night: Volkov vs. Aspinall
Arnold Allen,Dan Hooker,Arnold Allen,2022-03-19,KO/TKO,1,UFC Fight Night: Volkov vs. Aspinall
Gunnar Nelson,Takashi Sato,Gunnar Nelson,2022-03-19,Decision - Unanimous,3,UFC Fight Night: Volkov vs. Aspinall
Jai Herbert,Ilia Topuria,Ilia Topuria,2022-03-19,KO/TKO,2,UFC Fight Night: Volkov vs. Aspinall
Shamil Abdurakhimov,Sergei Pavlovich,Sergei Pavlovich,2022-03-19,KO/TKO,1,UFC Fight Night: Volkov vs. Aspinall
Molly McCann,Luana Carolina,Molly McCann,2022-03-19,KO/TKO,3,UFC Fight Night: Volkov vs. Aspinall
Mike Grundy,Makwan Amirkhani,Makwan Amirkhani,2022-03-19,Submission,1,UFC Fight Night: Volkov vs. Aspinall
Nikita Krylov,Paul Craig,Paul Craig,2022-03-19,Submission,1,UFC Fight Night: Volkov vs. Aspinall
Jack Shore,Timur Valiev,Jack Shore,2022-03-19,Decision - Unanimous,3,UFC Fight Night: Volkov vs. Aspinall
Cory McKenna,Elise Reed,Elise Reed,2022-03-19,Decision - Split,3,UFC Fight Night: Volkov vs. Aspinall
Muhammad Mokaev,Cody Durden,Muhammad Mokaev,2022-03-19,Submission,1,UFC Fight Night: Volkov vs. Aspinall
Joanne Wood,Alexa Grasso,Alexa Grasso,2022-03-26,Submission,1,UFC Fight Night: Blaydes vs. Daukaus
Curtis Blaydes,Chris Daukaus,Curtis Blaydes,2022-03-26,KO/TKO,2,UFC Fight Night: Blaydes vs. Daukaus
Matt Brown,Bryan Barberena,Bryan Barberena,2022-03-26,Decision - Split,3,UFC Fight Night: Blaydes vs. Daukaus
Neil Magny,Max Griffin,Neil Magny,2022-03-26,Decision - Split,3,UFC Fight Night: Blaydes vs. Daukaus
Askar Askarov,Kai Kara-France,Kai Kara-France,2022-03-26,Decision - Unanimous,3,UFC Fight Night: Blaydes vs. Daukaus
Marc Diakiese,Viacheslav Borshchev,Marc Diakiese,2022-03-26,Decision - Unanimous,3,UFC Fight Night: Blaydes vs. Daukaus
Chris Gutierrez,Batgerel Danaa,Chris Gutierrez,2022-03-26,KO/TKO,2,UFC Fight Night: Blaydes vs. Daukaus
Sara McMann,Karol Rosa,Sara McMann,2022-03-26,Decision - Unanimous,3,UFC Fight Night: Blaydes vs. Daukaus
Aliaskhab Khizriev,Denis Tiuliulin,Aliaskhab Khizriev,2022-03-26,Submission,2,UFC Fight Night: Blaydes vs. Daukaus
Luis Saldana,Bruno Souza,Luis Saldana,2022-03-26,Decision - Unanimous,3,UFC Fight Night: Blaydes vs. Daukaus
Jennifer Maia,Manon Fiorot,Manon Fiorot,2022-03-26,Decision - Unanimous,3,UFC Fight Night: Blaydes vs. Daukaus
Matheus Nicolau,David Dvorak,Matheus Nicolau,2022-03-26,Decision - Unanimous,3,UFC Fight Night: Blaydes vs. Daukaus
Thiago Santos,Magomed Ankalaev,Magomed Ankalaev,2022-03-12,Decision - Unanimous,5,UFC Fight Night: Santos vs. Ankalaev
Marlon Moraes,Song Yadong,Song Yadong,2022-03-12,KO/TKO,1,UFC Fight Night: Santos vs. Ankalaev
Khalil Rountree Jr.,Karl Roberson,Khalil Rountree Jr.,2022-03-12,KO/TKO,2,UFC Fight Night: Santos vs. Ankalaev
Sodiq Yusuff,Alex Caceres,Sodiq Yusuff,2022-03-12,Decision - Unanimous,3,UFC Fight Night: Santos vs. Ankalaev
Alex Pereira,Bruno Silva,Alex Pereira,2022-03-12,Decision - Unanimous,3,UFC Fight Night: Santos vs. Ankalaev
Matthew Semelsberger,AJ Fletcher,Matthew Semelsberger,2022-03-12,Decision - Unanimous,3,UFC Fight Night: Santos vs. Ankalaev
Drew Dober,Terrance McKinney,Drew Dober,2022-03-12,KO/TKO,1,UFC Fight Night: Santos vs. Ankalaev
JJ Aldrich,Gillian Robertson,JJ Aldrich,2022-03-12,Decision - Unanimous,3,UFC Fight Night: Santos vs. Ankalaev
Damon Jackson,Kamuela Kirk,Damon Jackson,2022-03-12,Submission,2,UFC Fight Night: Santos vs. Ankalaev
Trevin Jones,Javid Basharat,Javid Basharat,2022-03-12,Decision - Unanimous,3,UFC Fight Night: Santos vs. Ankalaev
Sabina Mazo,Miranda Maverick,Miranda Maverick,2022-03-12,Submission,2,UFC Fight Night: Santos vs. Ankalaev
Dalcha Lungiambula,Cody Brundage,Cody Brundage,2022-03-12,Submission,1,UFC Fight Night: Santos vs. Ankalaev
Tafon Nchukwi,Azamat Murzakanov,Azamat Murzakanov,2022-03-12,KO/TKO,3,UFC Fight Night: Santos vs. Ankalaev
Kris Moutinho,Guido Cannetti,Guido Cannetti,2022-03-12,KO/TKO,1,UFC Fight Night: Santos vs. Ankalaev
Islam Makhachev,King Green,Islam Makhachev,2022-02-26,KO/TKO,1,UFC Fight Night: Makhachev vs. Green
Ji Yeon Kim,Priscila Cachoeira,Priscila Cachoeira,2022-02-26,Decision - Unanimous,3,UFC Fight Night: Makhachev vs. Green
Misha Cirkunov,Wellington Turman,Wellington Turman,2022-02-26,Submission,2,UFC Fight Night: Makhachev vs. Green
Arman Tsarukyan,Joel Alvarez,Arman Tsarukyan,2022-02-26,KO/TKO,2,UFC Fight Night: Makhachev vs. Green
Armen Petrosyan,Gregory Rodrigues,Armen Petrosyan,2022-02-26,Decision - Split,3,UFC Fight Night: Makhachev vs. Green
Josiane Nunes,Ramona Pascual,Josiane Nunes,2022-02-26,Decision - Unanimous,3,UFC Fight Night: Makhachev vs. Green
Rongzhu,Ignacio Bahamondes,Ignacio Bahamondes,2022-02-26,Submission,3,UFC Fight Night: Makhachev vs. Green
Terrance McKinney,Fares Ziam,Terrance McKinney,2022-02-26,Submission,1,UFC Fight Night: Makhachev vs. Green
Alejandro Perez,Jonathan Martinez,Jonathan Martinez,2022-02-26,Decision - Unanimous,3,UFC Fight Night: Makhachev vs. Green
Ramiz Brahimaj,Micheal Gillmore,Ramiz Brahimaj,2022-02-26,Submission,1,UFC Fight Night: Makhachev vs. Green
Johnny Walker,Jamahal Hill,Jamahal Hill,2022-02-19,KO/TKO,1,UFC Fight Night: Walker vs. Hill
Victor Altamirano,Carlos Hernandez,Carlos Hernandez,2022-02-26,Decision - Split,3,UFC Fight Night: Makhachev vs. Green
Jim Miller,Nikolas Motta,Jim Miller,2022-02-19,KO/TKO,2,UFC Fight Night: Walker vs. Hill
Parker Porter,Alan Baudot,Parker Porter,2022-02-19,Decision - Unanimous,3,UFC Fight Night: Walker vs. Hill
Kyle Daukaus,Jamie Pickett,Kyle Daukaus,2022-02-19,Submission,1,UFC Fight Night: Walker vs. Hill
Gabriel Benitez,David Onama,David Onama,2022-02-19,KO/TKO,1,UFC Fight Night: Walker vs. Hill
Joaquin Buckley,Abdul Razak Alhassan,Joaquin Buckley,2022-02-19,Decision - Split,3,UFC Fight Night: Walker vs. Hill
Jessica-Rose Clark,Stephanie Egger,Stephanie Egger,2022-02-19,Submission,1,UFC Fight Night: Walker vs. Hill
Chad Anheliger,Jesse Strader,Chad Anheliger,2022-02-19,KO/TKO,3,UFC Fight Night: Walker vs. Hill
Diana Belbita,Gloria de Paula,Gloria de Paula,2022-02-19,Decision - Unanimous,3,UFC Fight Night: Walker vs. Hill
Chas Skelly,Mark Striegl,Chas Skelly,2022-02-19,KO/TKO,2,UFC Fight Night: Walker vs. Hill
Colby Covington,Jorge Masvidal,Colby Covington,2022-03-05,Decision - Unanimous,5,UFC 272: Covington vs. Masvidal
Jonathan Pearce,Christian Rodriguez,Jonathan Pearce,2022-02-19,Decision - Unanimous,3,UFC Fight Night: Walker vs. Hill
Mario Bautista,Jay Perrin,Mario Bautista,2022-02-19,Decision - Unanimous,3,UFC Fight Night: Walker vs. Hill
Kevin Holland,Alex Oliveira,Kevin Holland,2022-03-05,KO/TKO,2,UFC 272: Covington vs. Masvidal
Rafael Dos Anjos,Renato Moicano,Rafael Dos Anjos,2022-03-05,Decision - Unanimous,5,UFC 272: Covington vs. Masvidal
Edson Barboza,Bryce Mitchell,Bryce Mitchell,2022-03-05,Decision - Unanimous,3,UFC 272: Covington vs. Masvidal
Serghei Spivac,Greg Hardy,Serghei Spivac,2022-03-05,KO/TKO,1,UFC 272: Covington vs. Masvidal
Jalin Turner,Jamie Mullarkey,Jalin Turner,2022-03-05,KO/TKO,2,UFC 272: Covington vs. Masvidal
Nicolae Negumereanu,Kennedy Nzechukwu,Nicolae Negumereanu,2022-03-05,Decision - Split,3,UFC 272: Covington vs. Masvidal
Marina Rodriguez,Yan Xiaonan,Marina Rodriguez,2022-03-05,Decision - Split,3,UFC 272: Covington vs. Masvidal
Maryna Moroz,Mariya Agapova,Maryna Moroz,2022-03-05,Submission,2,UFC 272: Covington vs. Masvidal
Brian Kelleher,Umar Nurmagomedov,Umar Nurmagomedov,2022-03-05,Submission,1,UFC 272: Covington vs. Masvidal
Tim Elliott,Tagir Ulanbekov,Tim Elliott,2022-03-05,Decision - Unanimous,3,UFC 272: Covington vs. Masvidal
Devonte Smith,Ludovit Klein,Ludovit Klein,2022-03-05,Decision - Split,3,UFC 272: Covington vs. Masvidal
Dustin Jacoby,Michal Oleksiejczuk,Dustin Jacoby,2022-03-05,Decision - Unanimous,3,UFC 272: Covington vs. Masvidal
Israel Adesanya,Robert Whittaker,Israel Adesanya,2022-02-12,Decision - Unanimous,5,UFC 271: Adesanya vs. Whittaker 2
Derrick Lewis,Tai Tuivasa,Tai Tuivasa,2022-02-12,KO/TKO,2,UFC 271: Adesanya vs. Whittaker 2
Jared Cannonier,Derek Brunson,Jared Cannonier,2022-02-12,KO/TKO,2,UFC 271: Adesanya vs. Whittaker 2
Alexander Hernandez,Renato Moicano,Renato Moicano,2022-02-12,Submission,2,UFC 271: Adesanya vs. Whittaker 2
King Green,Nasrat Haqparast,King Green,2022-02-12,Decision - Unanimous,3,UFC 271: Adesanya vs. Whittaker 2
Andrei Arlovski,Jared Vanderaa,Andrei Arlovski,2022-02-12,Decision - Split,3,UFC 271: Adesanya vs. Whittaker 2
Roxanne Modafferi,Casey O'Neill,Casey O'Neill,2022-02-12,Decision - Split,3,UFC 271: Adesanya vs. Whittaker 2
Kyler Phillips,Marcelo Rojo,Kyler Phillips,2022-02-12,Submission,3,UFC 271: Adesanya vs. Whittaker 2
Carlos Ulberg,Fabio Cherant,Carlos Ulberg,2022-02-12,Decision - Unanimous,3,UFC 271: Adesanya vs. Whittaker 2
Mana Martinez,Ronnie Lawrence,Ronnie Lawrence,2022-02-12,Decision - Unanimous,3,UFC 271: Adesanya vs. Whittaker 2
Jeremiah Wells,Blood Diamond,Jeremiah Wells,2022-02-12,Submission,1,UFC 271: Adesanya vs. Whittaker 2
Douglas Silva de Andrade,Sergey Morozov,Douglas Silva de Andrade,2022-02-12,Submission,2,UFC 271: Adesanya vs. Whittaker 2
AJ Dobson,Jacob Malkoun,Jacob Malkoun,2022-02-12,Decision - Unanimous,3,UFC 271: Adesanya vs. Whittaker 2
William Knight,Maxim Grishin,Maxim Grishin,2022-02-12,Decision - Unanimous,3,UFC 271: Adesanya vs. Whittaker 2
Jack Hermansson,Sean Strickland,Sean Strickland,2022-02-05,Decision - Split,5,UFC Fight Night: Hermansson vs. Strickland
Punahele Soriano,Nick Maximov,Nick Maximov,2022-02-05,Decision - Split,3,UFC Fight Night: Hermansson vs. Strickland
Shavkat Rakhmonov,Carlston Harris,Shavkat Rakhmonov,2022-02-05,KO/TKO,1,UFC Fight Night: Hermansson vs. Strickland
Sam Alvey,Brendan Allen,Brendan Allen,2022-02-05,Submission,2,UFC Fight Night: Hermansson vs. Strickland
Tresean Gore,Bryan Battle,Bryan Battle,2022-02-05,Decision - Unanimous,3,UFC Fight Night: Hermansson vs. Strickland
Miles Johns,John Castaneda,John Castaneda,2022-02-05,Submission,3,UFC Fight Night: Hermansson vs. Strickland
Julian Erosa,Steven Peterson,Julian Erosa,2022-02-05,Decision - Split,3,UFC Fight Night: Hermansson vs. Strickland
Chidi Njokuani,Marc-Andre Barriault,Chidi Njokuani,2022-02-05,KO/TKO,1,UFC Fight Night: Hermansson vs. Strickland
Hakeem Dawodu,Michael Trizano,Hakeem Dawodu,2022-02-05,Decision - Unanimous,3,UFC Fight Night: Hermansson vs. Strickland
Alexis Davis,Julija Stoliarenko,Alexis Davis,2022-02-05,Decision - Unanimous,3,UFC Fight Night: Hermansson vs. Strickland
Jailton Almeida,Danilo Marques,Jailton Almeida,2022-02-05,KO/TKO,1,UFC Fight Night: Hermansson vs. Strickland
Jason Witt,Phil Rowe,Phil Rowe,2022-02-05,KO/TKO,2,UFC Fight Night: Hermansson vs. Strickland
Francis Ngannou,Ciryl Gane,Francis Ngannou,2022-01-22,Decision - Unanimous,5,UFC 270: Ngannou vs. Gane
Malcolm Gordon,Denys Bondar,Malcolm Gordon,2022-02-05,KO/TKO,1,UFC Fight Night: Hermansson vs. Strickland
Brandon Moreno,Deiveson Figueiredo,Deiveson Figueiredo,2022-01-22,Decision - Unanimous,5,UFC 270: Ngannou vs. Gane
Michel Pereira,Andre Fialho,Michel Pereira,2022-01-22,Decision - Unanimous,3,UFC 270: Ngannou vs. Gane
Michael Morales,Trevin Giles,Michael Morales,2022-01-22,KO/TKO,1,UFC 270: Ngannou vs. Gane
Cody Stamann,Said Nurmagomedov,Said Nurmagomedov,2022-01-22,Submission,1,UFC 270: Ngannou vs. Gane
Raoni Barcelos,Victor Henry,Victor Henry,2022-01-22,Decision - Unanimous,3,UFC 270: Ngannou vs. Gane
Tony Gravely,Saimon Oliveira,Tony Gravely,2022-01-22,Decision - Unanimous,3,UFC 270: Ngannou vs. Gane
Jack Della Maddalena,Pete Rodriguez,Jack Della Maddalena,2022-01-22,KO/TKO,1,UFC 270: Ngannou vs. Gane
Matt Frevola,Genaro Valdez,Matt Frevola,2022-01-22,KO/TKO,1,UFC 270: Ngannou vs. Gane
Kay Hansen,Jasmine Jasudavicius,Jasmine Jasudavicius,2022-01-22,Decision - Unanimous,3,UFC 270: Ngannou vs. Gane
Silvana Gomez Juarez,Vanessa Demopoulos,Vanessa Demopoulos,2022-01-22,Submission,1,UFC 270: Ngannou vs. Gane
Calvin Kattar,Giga Chikadze,Calvin Kattar,2022-01-15,Decision - Unanimous,5,UFC Fight Night: Kattar vs. Chikadze
Jake Collier,Chase Sherman,Jake Collier,2022-01-15,Submission,1,UFC Fight Night: Kattar vs. Chikadze
Brandon Royval,Rogerio Bontorin,Brandon Royval,2022-01-15,Decision - Split,3,UFC Fight Night: Kattar vs. Chikadze
Katlyn Cerminara,Jennifer Maia,Katlyn Cerminara,2022-01-15,Decision - Unanimous,3,UFC Fight Night: Kattar vs. Chikadze
Jamie Pickett,Joseph Holmes,Jamie Pickett,2022-01-15,Decision - Unanimous,3,UFC Fight Night: Kattar vs. Chikadze
Dakota Bush,Viacheslav Borshchev,Viacheslav Borshchev,2022-01-15,KO/TKO,1,UFC Fight Night: Kattar vs. Chikadze
Bill Algeo,Joanderson Brito,Bill Algeo,2022-01-15,Decision - Unanimous,3,UFC Fight Night: Kattar vs. Chikadze
TJ Brown,Charles Rosa,TJ Brown,2022-01-15,Decision - Unanimous,3,UFC Fight Night: Kattar vs. Chikadze
Court McGee,Ramiz Brahimaj,Court McGee,2022-01-15,Decision - Unanimous,3,UFC Fight Night: Kattar vs. Chikadze
Brian Kelleher,Kevin Croom,Brian Kelleher,2022-01-15,Decision - Unanimous,3,UFC Fight Night: Kattar vs. Chikadze
Derrick Lewis,Chris Daukaus,Derrick Lewis,2021-12-18,KO/TKO,1,UFC Fight Night: Lewis vs. Daukaus
Stephen Thompson,Belal Muhammad,Belal Muhammad,2021-12-18,Decision - Unanimous,3,UFC Fight Night: Lewis vs. Daukaus
Amanda Lemos,Angela Hill,Amanda Lemos,2021-12-18,Decision - Split,3,UFC Fight Night: Lewis vs. Daukaus
Diego Ferreira,Mateusz Gamrot,Mateusz Gamrot,2021-12-18,KO/TKO,2,UFC Fight Night: Lewis vs. Daukaus
Raphael Assuncao,Ricky Simon,Ricky Simon,2021-12-18,KO/TKO,2,UFC Fight Night: Lewis vs. Daukaus
Dustin Stoltzfus,Gerald Meerschaert,Gerald Meerschaert,2021-12-18,Submission,3,UFC Fight Night: Lewis vs. Daukaus
Cub Swanson,Darren Elkins,Cub Swanson,2021-12-18,KO/TKO,1,UFC Fight Night: Lewis vs. Daukaus
Justin Tafa,Harry Hunsucker,Justin Tafa,2021-12-18,KO/TKO,1,UFC Fight Night: Lewis vs. Daukaus
Charles Jourdain,Andre Ewell,Charles Jourdain,2021-12-18,Decision - Unanimous,3,UFC Fight Night: Lewis vs. Daukaus
Sijara Eubanks,Melissa Gatto,Melissa Gatto,2021-12-18,KO/TKO,3,UFC Fight Night: Lewis vs. Daukaus
Raquel Pennington,Macy Chiasson,Raquel Pennington,2021-12-18,Submission,2,UFC Fight Night: Lewis vs. Daukaus
Charles Oliveira,Dustin Poirier,Charles Oliveira,2021-12-11,Submission,3,UFC 269: Oliveira vs. Poirier
Don'Tale Mayes,Josh Parisian,Don'Tale Mayes,2021-12-18,KO/TKO,3,UFC Fight Night: Lewis vs. Daukaus
Jordan Leavitt,Matt Sayles,Jordan Leavitt,2021-12-18,Submission,2,UFC Fight Night: Lewis vs. Daukaus
Amanda Nunes,Julianna Pena,Julianna Pena,2021-12-11,Submission,2,UFC 269: Oliveira vs. Poirier
Kai Kara-France,Cody Garbrandt,Kai Kara-France,2021-12-11,KO/TKO,1,UFC 269: Oliveira vs. Poirier
Geoff Neal,Santiago Ponzinibbio,Geoff Neal,2021-12-11,Decision - Split,3,UFC 269: Oliveira vs. Poirier
Raulian Paiva,Sean O'Malley,Sean O'Malley,2021-12-11,KO/TKO,1,UFC 269: Oliveira vs. Poirier
Pedro Munhoz,Dominick Cruz,Dominick Cruz,2021-12-11,Decision - Unanimous,3,UFC 269: Oliveira vs. Poirier
Augusto Sakai,Tai Tuivasa,Tai Tuivasa,2021-12-11,KO/TKO,2,UFC 269: Oliveira vs. Poirier
Josh Emmett,Dan Ige,Josh Emmett,2021-12-11,Decision - Unanimous,3,UFC 269: Oliveira vs. Poirier
Jordan Wright,Bruno Silva,Bruno Silva,2021-12-11,KO/TKO,1,UFC 269: Oliveira vs. Poirier
Andre Muniz,Eryk Anders,Andre Muniz,2021-12-11,Submission,1,UFC 269: Oliveira vs. Poirier
Miranda Maverick,Erin Blanchfield,Erin Blanchfield,2021-12-11,Decision - Unanimous,3,UFC 269: Oliveira vs. Poirier
Ryan Hall,Darrick Minner,Ryan Hall,2021-12-11,Decision - Unanimous,3,UFC 269: Oliveira vs. Poirier
Gillian Robertson,Priscila Cachoeira,Gillian Robertson,2021-12-11,Submission,1,UFC 269: Oliveira vs. Poirier
Randy Costa,Tony Kelley,Tony Kelley,2021-12-11,KO/TKO,2,UFC 269: Oliveira vs. Poirier
Ketlen Vieira,Miesha Tate,Ketlen Vieira,2021-11-20,Decision - Unanimous,5,UFC Fight Night: Vieira vs. Tate
Joanne Wood,Taila Santos,Taila Santos,2021-11-20,Submission,1,UFC Fight Night: Vieira vs. Tate
Rani Yahya,Kyung Ho Kang,Rani Yahya,2021-11-20,Decision - Unanimous,3,UFC Fight Night: Vieira vs. Tate
Davey Grant,Adrian Yanez,Adrian Yanez,2021-11-20,Decision - Split,3,UFC Fight Night: Vieira vs. Tate
Michael Chiesa,Sean Brady,Sean Brady,2021-11-20,Decision - Unanimous,3,UFC Fight Night: Vieira vs. Tate
Pat Sabatini,Tucker Lutz,Pat Sabatini,2021-11-20,Decision - Unanimous,3,UFC Fight Night: Vieira vs. Tate
Rafa Garcia,Natan Levy,Rafa Garcia,2021-11-20,Decision - Unanimous,3,UFC Fight Night: Vieira vs. Tate
Loma Lookboonmee,Loopy Godinez,Loopy Godinez,2021-11-20,Decision - Unanimous,3,UFC Fight Night: Vieira vs. Tate
Luana Pinheiro,Sam Hughes,Luana Pinheiro,2021-11-20,Decision - Unanimous,3,UFC Fight Night: Vieira vs. Tate
Cody Durden,Aoriqileng,Cody Durden,2021-11-20,Decision - Unanimous,3,UFC Fight Night: Vieira vs. Tate
Shayilan Nuerdanbieke,Sean Soriano,Shayilan Nuerdanbieke,2021-11-20,Decision - Unanimous,3,UFC Fight Night: Vieira vs. Tate
Jimmy Crute,Jamahal Hill,Jamahal Hill,2021-12-04,KO/TKO,1,UFC Fight Night: Font vs. Aldo
Brad Riddell,Rafael Fiziev,Rafael Fiziev,2021-12-04,KO/TKO,3,UFC Fight Night: Font vs. Aldo
Rob Font,Jose Aldo,Jose Aldo,2021-12-04,Decision - Unanimous,5,UFC Fight Night: Font vs. Aldo
Alex Morono,Mickey Gall,Alex Morono,2021-12-04,Decision - Unanimous,3,UFC Fight Night: Font vs. Aldo
Brendan Allen,Chris Curtis,Chris Curtis,2021-12-04,KO/TKO,2,UFC Fight Night: Font vs. Aldo
Maki Pitolo,Dusko Todorovic,Dusko Todorovic,2021-12-04,KO/TKO,1,UFC Fight Night: Font vs. Aldo
Clay Guida,Leonardo Santos,Clay Guida,2021-12-04,Submission,2,UFC Fight Night: Font vs. Aldo
Manel Kape,Zhalgas Zhumagulov,Manel Kape,2021-12-04,KO/TKO,1,UFC Fight Night: Font vs. Aldo
Bryan Barberena,Darian Weeks,Bryan Barberena,2021-12-04,Decision - Unanimous,3,UFC Fight Night: Font vs. Aldo
Cheyanne Vlismas,Mallory Martin,Cheyanne Vlismas,2021-12-04,Decision - Unanimous,3,UFC Fight Night: Font vs. Aldo
Alonzo Menifield,William Knight,William Knight,2021-12-04,Decision - Unanimous,3,UFC Fight Night: Font vs. Aldo
Claudio Puelles,Chris Gruetzemacher,Claudio Puelles,2021-12-04,Submission,3,UFC Fight Night: Font vs. Aldo
Louis Smolka,Vince Morales,Vince Morales,2021-12-04,KO/TKO,1,UFC Fight Night: Font vs. Aldo
Max Holloway,Yair Rodriguez,Max Holloway,2021-11-13,Decision - Unanimous,5,UFC Fight Night: Holloway vs. Rodriguez
Ben Rothwell,Marcos Rogerio de Lima,Marcos Rogerio de Lima,2021-11-13,KO/TKO,1,UFC Fight Night: Holloway vs. Rodriguez
Miguel Baeza,Khaos Williams,Khaos Williams,2021-11-13,KO/TKO,3,UFC Fight Night: Holloway vs. Rodriguez
Felicia Spencer,Leah Letson,Felicia Spencer,2021-11-13,KO/TKO,3,UFC Fight Night: Holloway vs. Rodriguez
Song Yadong,Julio Arce,Song Yadong,2021-11-13,KO/TKO,2,UFC Fight Night: Holloway vs. Rodriguez
Thiago Moises,Joel Alvarez,Joel Alvarez,2021-11-13,KO/TKO,1,UFC Fight Night: Holloway vs. Rodriguez
Cynthia Calvillo,Andrea Lee,Andrea Lee,2021-11-13,KO/TKO,2,UFC Fight Night: Holloway vs. Rodriguez
Sean Woodson,Collin Anglin,Sean Woodson,2021-11-13,KO/TKO,1,UFC Fight Night: Holloway vs. Rodriguez
Cortney Casey,Liana Jojua,Cortney Casey,2021-11-13,Decision - Unanimous,3,UFC Fight Night: Holloway vs. Rodriguez
Marc Diakiese,Rafael Alves,Rafael Alves,2021-11-13,Submission,1,UFC Fight Night: Holloway vs. Rodriguez
Kennedy Nzechukwu,Da Woon Jung,Da Woon Jung,2021-11-13,KO/TKO,1,UFC Fight Night: Holloway vs. Rodriguez
Rose Namajunas,Zhang Weili,Rose Namajunas,2021-11-06,Decision - Split,5,UFC 268: Usman vs. Covington 2
Frankie Edgar,Marlon Vera,Marlon Vera,2021-11-06,KO/TKO,3,UFC 268: Usman vs. Covington 2
Kamaru Usman,Colby Covington,Kamaru Usman,2021-11-06,Decision - Unanimous,5,UFC 268: Usman vs. Covington 2
Shane Burgos,Billy Quarantillo,Shane Burgos,2021-11-06,Decision - Unanimous,3,UFC 268: Usman vs. Covington 2
Alex Pereira,Andreas Michailidis,Alex Pereira,2021-11-06,KO/TKO,2,UFC 268: Usman vs. Covington 2
Justin Gaethje,Michael Chandler,Justin Gaethje,2021-11-06,Decision - Unanimous,3,UFC 268: Usman vs. Covington 2
Al Iaquinta,King Green,King Green,2021-11-06,KO/TKO,1,UFC 268: Usman vs. Covington 2
Edmen Shahbazyan,Nassourdine Imavov,Nassourdine Imavov,2021-11-06,KO/TKO,2,UFC 268: Usman vs. Covington 2
Ian Machado Garry,Jordan Williams,Ian Machado Garry,2021-11-06,KO/TKO,1,UFC 268: Usman vs. Covington 2
Phil Hawes,Chris Curtis,Chris Curtis,2021-11-06,KO/TKO,1,UFC 268: Usman vs. Covington 2
Melsik Baghdasaryan,Bruno Souza,Melsik Baghdasaryan,2021-11-06,Decision - Unanimous,3,UFC 268: Usman vs. Covington 2
Gian Villante,Chris Barnett,Chris Barnett,2021-11-06,KO/TKO,2,UFC 268: Usman vs. Covington 2
Dustin Jacoby,John Allan,Dustin Jacoby,2021-11-06,Decision - Unanimous,3,UFC 268: Usman vs. Covington 2
CJ Vergara,Ode Osbourne,Ode Osbourne,2021-11-06,Decision - Unanimous,3,UFC 268: Usman vs. Covington 2
Petr Yan,Cory Sandhagen,Petr Yan,2021-10-30,Decision - Unanimous,5,UFC 267: Blachowicz vs. Teixeira
Jan Blachowicz,Glover Teixeira,Glover Teixeira,2021-10-30,Submission,2,UFC 267: Blachowicz vs. Teixeira
Alexander Volkov,Marcin Tybura,Alexander Volkov,2021-10-30,Decision - Unanimous,3,UFC 267: Blachowicz vs. Teixeira
Islam Makhachev,Dan Hooker,Islam Makhachev,2021-10-30,Submission,1,UFC 267: Blachowicz vs. Teixeira
Amanda Ribas,Virna Jandiroba,Amanda Ribas,2021-10-30,Decision - Unanimous,3,UFC 267: Blachowicz vs. Teixeira
Li Jingliang,Khamzat Chimaev,Khamzat Chimaev,2021-10-30,Submission,1,UFC 267: Blachowicz vs. Teixeira
Magomed Ankalaev,Volkan Oezdemir,Magomed Ankalaev,2021-10-30,Decision - Unanimous,3,UFC 267: Blachowicz vs. Teixeira
Ricardo Ramos,Zubaira Tukhugov,Zubaira Tukhugov,2021-10-30,Decision - Unanimous,3,UFC 267: Blachowicz vs. Teixeira
Albert Duraev,Roman Kopylov,Albert Duraev,2021-10-30,Decision - Unanimous,3,UFC 267: Blachowicz vs. Teixeira
Elizeu Zaleski dos Santos,Benoit Saint Denis,Elizeu Zaleski dos Santos,2021-10-30,Decision - Unanimous,3,UFC 267: Blachowicz vs. Teixeira
Makwan Amirkhani,Lerone Murphy,Lerone Murphy,2021-10-30,KO/TKO,2,UFC 267: Blachowicz vs. Teixeira
Shamil Gamzatov,Michal Oleksiejczuk,Michal Oleksiejczuk,2021-10-30,KO/TKO,1,UFC 267: Blachowicz vs. Teixeira
Hu Yaozong,Andre Petroski,Andre Petroski,2021-10-30,Submission,3,UFC 267: Blachowicz vs. Teixeira
Tagir Ulanbekov,Allan Nascimento,Tagir Ulanbekov,2021-10-30,Decision - Split,3,UFC 267: Blachowicz vs. Teixeira
Paulo Costa,Marvin Vettori,Marvin Vettori,2021-10-23,Decision - Unanimous,5,UFC Fight Night: Costa vs. Vettori
Jessica-Rose Clark,Joselyne Edwards,Jessica-Rose Clark,2021-10-23,Decision - Unanimous,3,UFC Fight Night: Costa vs. Vettori
Alex Caceres,SeungWoo Choi,Alex Caceres,2021-10-23,Submission,2,UFC Fight Night: Costa vs. Vettori
Nicolae Negumereanu,Ike Villanueva,Nicolae Negumereanu,2021-10-23,KO/TKO,1,UFC Fight Night: Costa vs. Vettori
Francisco Trinaldo,Dwight Grant,Francisco Trinaldo,2021-10-23,Decision - Split,3,UFC Fight Night: Costa vs. Vettori
Mason Jones,David Onama,Mason Jones,2021-10-23,Decision - Unanimous,3,UFC Fight Night: Costa vs. Vettori
JunYong Park,Gregory Rodrigues,Gregory Rodrigues,2021-10-23,KO/TKO,2,UFC Fight Night: Costa vs. Vettori
Tabatha Ricci,Maria Oliveira,Tabatha Ricci,2021-10-23,Decision - Unanimous,3,UFC Fight Night: Costa vs. Vettori
Jamie Pickett,Laureano Staropoli,Jamie Pickett,2021-10-23,Decision - Unanimous,3,UFC Fight Night: Costa vs. Vettori
Jeff Molina,Daniel Lacerda,Jeff Molina,2021-10-23,KO/TKO,2,UFC Fight Night: Costa vs. Vettori
Khama Worthy,Jai Herbert,Jai Herbert,2021-10-23,KO/TKO,1,UFC Fight Night: Costa vs. Vettori
Livinha Souza,Randa Markos,Randa Markos,2021-10-23,Decision - Unanimous,3,UFC Fight Night: Costa vs. Vettori
Jonathan Martinez,Zviad Lazishvili,Jonathan Martinez,2021-10-23,Decision - Unanimous,3,UFC Fight Night: Costa vs. Vettori
Andrei Arlovski,Carlos Felipe,Andrei Arlovski,2021-10-16,Decision - Unanimous,3,UFC Fight Night: Ladd vs. Dumont
Aspen Ladd,Norma Dumont,Norma Dumont,2021-10-16,Decision - Unanimous,5,UFC Fight Night: Ladd vs. Dumont
Manon Fiorot,Mayra Bueno Silva,Manon Fiorot,2021-10-16,Decision - Unanimous,3,UFC Fight Night: Ladd vs. Dumont
Jim Miller,Erick Gonzalez,Jim Miller,2021-10-16,KO/TKO,2,UFC Fight Night: Ladd vs. Dumont
Nate Landwehr,Ludovit Klein,Nate Landwehr,2021-10-16,Submission,3,UFC Fight Night: Ladd vs. Dumont
Danny Roberts,Ramazan Emeev,Danny Roberts,2021-10-16,Decision - Split,3,UFC Fight Night: Ladd vs. Dumont
Andrew Sanchez,Bruno Silva,Bruno Silva,2021-10-16,KO/TKO,3,UFC Fight Night: Ladd vs. Dumont
Loopy Godinez,Luana Carolina,Luana Carolina,2021-10-16,Decision - Unanimous,3,UFC Fight Night: Ladd vs. Dumont
Istela Nunes,Ariane Carnelossi,Ariane Carnelossi,2021-10-16,Submission,3,UFC Fight Night: Ladd vs. Dumont
Batgerel Danaa,Brandon Davis,Batgerel Danaa,2021-10-16,KO/TKO,1,UFC Fight Night: Ladd vs. Dumont
Mackenzie Dern,Marina Rodriguez,Marina Rodriguez,2021-10-09,Decision - Unanimous,5,UFC Fight Night: Dern vs. Rodriguez
Randy Brown,Jared Gooden,Randy Brown,2021-10-09,Decision - Unanimous,3,UFC Fight Night: Dern vs. Rodriguez
Tim Elliott,Matheus Nicolau,Matheus Nicolau,2021-10-09,Decision - Unanimous,3,UFC Fight Night: Dern vs. Rodriguez
Sabina Mazo,Mariya Agapova,Mariya Agapova,2021-10-09,Submission,3,UFC Fight Night: Dern vs. Rodriguez
Chris Gutierrez,Felipe Colares,Chris Gutierrez,2021-10-09,Decision - Split,3,UFC Fight Night: Dern vs. Rodriguez
Alexandr Romanov,Jared Vanderaa,Alexandr Romanov,2021-10-09,KO/TKO,2,UFC Fight Night: Dern vs. Rodriguez
Loopy Godinez,Silvana Gomez Juarez,Loopy Godinez,2021-10-09,Submission,1,UFC Fight Night: Dern vs. Rodriguez
Charles Rosa,Damon Jackson,Damon Jackson,2021-10-09,Decision - Unanimous,3,UFC Fight Night: Dern vs. Rodriguez
Steve Garcia,Charlie Ontiveros,Steve Garcia,2021-10-09,KO/TKO,2,UFC Fight Night: Dern vs. Rodriguez
Thiago Santos,Johnny Walker,Thiago Santos,2021-10-02,Decision - Unanimous,5,UFC Fight Night: Santos vs. Walker
Alexander Hernandez,Mike Breeden,Alexander Hernandez,2021-10-02,KO/TKO,1,UFC Fight Night: Santos vs. Walker
Alex Oliveira,Niko Price,Niko Price,2021-10-02,Decision - Unanimous,3,UFC Fight Night: Santos vs. Walker
Misha Cirkunov,Krzysztof Jotko,Krzysztof Jotko,2021-10-02,Decision - Split,3,UFC Fight Night: Santos vs. Walker
Antonina Shevchenko,Casey O'Neill,Casey O'Neill,2021-10-02,KO/TKO,2,UFC Fight Night: Santos vs. Walker
Joe Solecki,Jared Gordon,Jared Gordon,2021-10-02,Decision - Split,3,UFC Fight Night: Santos vs. Walker
Devonte Smith,Jamie Mullarkey,Jamie Mullarkey,2021-10-02,KO/TKO,2,UFC Fight Night: Santos vs. Walker
Bethe Correia,Karol Rosa,Karol Rosa,2021-10-02,Decision - Unanimous,3,UFC Fight Night: Santos vs. Walker
Douglas Silva de Andrade,Gaetano Pirrello,Douglas Silva de Andrade,2021-10-02,KO/TKO,1,UFC Fight Night: Santos vs. Walker
Stephanie Egger,Shanna Young,Stephanie Egger,2021-10-02,KO/TKO,2,UFC Fight Night: Santos vs. Walker
Alejandro Perez,Johnny Eduardo,Alejandro Perez,2021-10-02,Submission,2,UFC Fight Night: Santos vs. Walker
Alexander Volkanovski,Brian Ortega,Alexander Volkanovski,2021-09-25,Decision - Unanimous,5,UFC 266: Volkanovski vs. Ortega
Valentina Shevchenko,Lauren Murphy,Valentina Shevchenko,2021-09-25,KO/TKO,4,UFC 266: Volkanovski vs. Ortega
Curtis Blaydes,Jairzinho Rozenstruik,Curtis Blaydes,2021-09-25,Decision - Unanimous,3,UFC 266: Volkanovski vs. Ortega
Jessica Andrade,Cynthia Calvillo,Jessica Andrade,2021-09-25,KO/TKO,1,UFC 266: Volkanovski vs. Ortega
Nick Diaz,Robbie Lawler,Robbie Lawler,2021-09-25,KO/TKO,3,UFC 266: Volkanovski vs. Ortega
Marlon Moraes,Merab Dvalishvili,Merab Dvalishvili,2021-09-25,KO/TKO,2,UFC 266: Volkanovski vs. Ortega
Shamil Abdurakhimov,Chris Daukaus,Chris Daukaus,2021-09-25,KO/TKO,2,UFC 266: Volkanovski vs. Ortega
Dan Hooker,Nasrat Haqparast,Dan Hooker,2021-09-25,Decision - Unanimous,3,UFC 266: Volkanovski vs. Ortega
Roxanne Modafferi,Taila Santos,Taila Santos,2021-09-25,Decision - Unanimous,3,UFC 266: Volkanovski vs. Ortega
Uros Medic,Jalin Turner,Jalin Turner,2021-09-25,Submission,1,UFC 266: Volkanovski vs. Ortega
Jonathan Pearce,Omar Morales,Jonathan Pearce,2021-09-25,Submission,2,UFC 266: Volkanovski vs. Ortega
Cody Brundage,Nick Maximov,Nick Maximov,2021-09-25,Decision - Unanimous,3,UFC 266: Volkanovski vs. Ortega
Matthew Semelsberger,Martin Sano,Matthew Semelsberger,2021-09-25,KO/TKO,1,UFC 266: Volkanovski vs. Ortega
Ion Cutelaba,Devin Clark,Ion Cutelaba,2021-09-18,Decision - Unanimous,3,UFC Fight Night: Smith vs. Spann
Anthony Smith,Ryan Spann,Anthony Smith,2021-09-18,Submission,1,UFC Fight Night: Smith vs. Spann
Ariane da Silva,Mandy Bohm,Ariane da Silva,2021-09-18,Decision - Unanimous,3,UFC Fight Night: Smith vs. Spann
Nate Maness,Tony Gravely,Nate Maness,2021-09-18,KO/TKO,2,UFC Fight Night: Smith vs. Spann
Arman Tsarukyan,Christos Giagos,Arman Tsarukyan,2021-09-18,KO/TKO,1,UFC Fight Night: Smith vs. Spann
Joaquin Buckley,Antonio Arroyo,Joaquin Buckley,2021-09-18,KO/TKO,3,UFC Fight Night: Smith vs. Spann
Pannie Kianzad,Raquel Pennington,Raquel Pennington,2021-09-18,Decision - Unanimous,3,UFC Fight Night: Smith vs. Spann
Rongzhu,Brandon Jenkins,Rongzhu,2021-09-18,KO/TKO,3,UFC Fight Night: Smith vs. Spann
Mike Rodriguez,Tafon Nchukwi,Tafon Nchukwi,2021-09-18,Decision - Unanimous,3,UFC Fight Night: Smith vs. Spann
Erin Blanchfield,Sarah Alpar,Erin Blanchfield,2021-09-18,Decision - Unanimous,3,UFC Fight Night: Smith vs. Spann
Montel Jackson,JP Buys,Montel Jackson,2021-09-18,Decision - Unanimous,3,UFC Fight Night: Smith vs. Spann
Impa Kasanganay,Carlston Harris,Carlston Harris,2021-09-18,KO/TKO,1,UFC Fight Night: Smith vs. Spann
Derek Brunson,Darren Till,Derek Brunson,2021-09-04,Submission,3,UFC Fight Night: Brunson vs. Till
Emily Whitmire,Hannah Goldy,Hannah Goldy,2021-09-18,Submission,1,UFC Fight Night: Smith vs. Spann
Modestas Bukauskas,Khalil Rountree Jr.,Khalil Rountree Jr.,2021-09-04,KO/TKO,2,UFC Fight Night: Brunson vs. Till
Tom Aspinall,Serghei Spivac,Tom Aspinall,2021-09-04,KO/TKO,1,UFC Fight Night: Brunson vs. Till
Alex Morono,David Zawada,Alex Morono,2021-09-04,Decision - Unanimous,3,UFC Fight Night: Brunson vs. Till
Paddy Pimblett,Luigi Vendramini,Paddy Pimblett,2021-09-04,KO/TKO,1,UFC Fight Night: Brunson vs. Till
Molly McCann,Ji Yeon Kim,Molly McCann,2021-09-04,Decision - Unanimous,3,UFC Fight Night: Brunson vs. Till
Jack Shore,Liudvik Sholinian,Jack Shore,2021-09-04,Decision - Unanimous,3,UFC Fight Night: Brunson vs. Till
Dalcha Lungiambula,Marc-Andre Barriault,Marc-Andre Barriault,2021-09-04,Decision - Unanimous,3,UFC Fight Night: Brunson vs. Till
Julian Erosa,Charles Jourdain,Julian Erosa,2021-09-04,Submission,3,UFC Fight Night: Brunson vs. Till
Edson Barboza,Giga Chikadze,Giga Chikadze,2021-08-28,KO/TKO,3,UFC Fight Night: Barboza vs. Chikadze
Bryan Battle,Gilbert Urbina,Bryan Battle,2021-08-28,Submission,2,UFC Fight Night: Barboza vs. Chikadze
Kevin Lee,Daniel Rodriguez,Daniel Rodriguez,2021-08-28,Decision - Unanimous,3,UFC Fight Night: Barboza vs. Chikadze
Ricky Turcios,Brady Hiestand,Ricky Turcios,2021-08-28,Decision - Split,3,UFC Fight Night: Barboza vs. Chikadze
Andre Petroski,Micheal Gillmore,Andre Petroski,2021-08-28,KO/TKO,3,UFC Fight Night: Barboza vs. Chikadze
Alessio Di Chirico,Abdul Razak Alhassan,Abdul Razak Alhassan,2021-08-28,KO/TKO,1,UFC Fight Night: Barboza vs. Chikadze
Sam Alvey,Wellington Turman,Wellington Turman,2021-08-28,Decision - Split,3,UFC Fight Night: Barboza vs. Chikadze
Makhmud Muradov,Gerald Meerschaert,Gerald Meerschaert,2021-08-28,Submission,2,UFC Fight Night: Barboza vs. Chikadze
Jamall Emmers,Pat Sabatini,Pat Sabatini,2021-08-28,Submission,1,UFC Fight Night: Barboza vs. Chikadze
Dustin Jacoby,Darren Stewart,Dustin Jacoby,2021-08-28,KO/TKO,1,UFC Fight Night: Barboza vs. Chikadze
JJ Aldrich,Vanessa Demopoulos,JJ Aldrich,2021-08-28,Decision - Unanimous,3,UFC Fight Night: Barboza vs. Chikadze
Mana Martinez,Guido Cannetti,Mana Martinez,2021-08-28,Decision - Split,3,UFC Fight Night: Barboza vs. Chikadze
Parker Porter,Chase Sherman,Parker Porter,2021-08-21,Decision - Unanimous,3,UFC Fight Night: Cannonier vs. Gastelum
Jared Cannonier,Kelvin Gastelum,Jared Cannonier,2021-08-21,Decision - Unanimous,5,UFC Fight Night: Cannonier vs. Gastelum
Clay Guida,Mark Madsen,Mark Madsen,2021-08-21,Decision - Split,3,UFC Fight Night: Cannonier vs. Gastelum
Vinc Pichel,Austin Hubbard,Vinc Pichel,2021-08-21,Decision - Unanimous,3,UFC Fight Night: Cannonier vs. Gastelum
Trevin Jones,Saidyokub Kakhramonov,Saidyokub Kakhramonov,2021-08-21,Submission,3,UFC Fight Night: Cannonier vs. Gastelum
Alexandre Pantoja,Brandon Royval,Alexandre Pantoja,2021-08-21,Submission,2,UFC Fight Night: Cannonier vs. Gastelum
Bea Malecki,Josiane Nunes,Josiane Nunes,2021-08-21,KO/TKO,1,UFC Fight Night: Cannonier vs. Gastelum
Austin Lingo,Luis Saldana,Austin Lingo,2021-08-21,Decision - Unanimous,3,UFC Fight Night: Cannonier vs. Gastelum
Brian Kelleher,Domingo Pilarte,Brian Kelleher,2021-08-21,Decision - Unanimous,3,UFC Fight Night: Cannonier vs. Gastelum
William Knight,Fabio Cherant,William Knight,2021-08-21,KO/TKO,1,UFC Fight Night: Cannonier vs. Gastelum
Roosevelt Roberts,Ignacio Bahamondes,Ignacio Bahamondes,2021-08-21,KO/TKO,3,UFC Fight Night: Cannonier vs. Gastelum
Sasha Palatnikov,Ramiz Brahimaj,Ramiz Brahimaj,2021-08-21,Submission,1,UFC Fight Night: Cannonier vs. Gastelum
Derrick Lewis,Ciryl Gane,Ciryl Gane,2021-08-07,KO/TKO,3,UFC 265: Lewis vs. Gane
Jose Aldo,Pedro Munhoz,Jose Aldo,2021-08-07,Decision - Unanimous,3,UFC 265: Lewis vs. Gane
Michael Chiesa,Vicente Luque,Vicente Luque,2021-08-07,Submission,1,UFC 265: Lewis vs. Gane
Tecia Pennington,Angela Hill,Tecia Pennington,2021-08-07,Decision - Unanimous,3,UFC 265: Lewis vs. Gane
Song Yadong,Casey Kenney,Song Yadong,2021-08-07,Decision - Split,3,UFC 265: Lewis vs. Gane
Vince Morales,Drako Rodriguez,Vince Morales,2021-08-07,Decision - Unanimous,3,UFC 265: Lewis vs. Gane
King Green,Rafael Fiziev,Rafael Fiziev,2021-08-07,Decision - Unanimous,3,UFC 265: Lewis vs. Gane
Alonzo Menifield,Ed Herman,Alonzo Menifield,2021-08-07,Decision - Unanimous,3,UFC 265: Lewis vs. Gane
Manel Kape,Ode Osbourne,Manel Kape,2021-08-07,KO/TKO,1,UFC 265: Lewis vs. Gane
Karolina Kowalkiewicz,Jessica Penne,Jessica Penne,2021-08-07,Submission,1,UFC 265: Lewis vs. Gane
Miles Johns,Anderson Dos Santos,Miles Johns,2021-08-07,KO/TKO,3,UFC 265: Lewis vs. Gane
Victoria Leonardo,Melissa Gatto,Melissa Gatto,2021-08-07,TKO - Doctor's Stoppage,2,UFC 265: Lewis vs. Gane
Johnny Munoz,Jamey Simmons,Johnny Munoz,2021-08-07,Submission,2,UFC 265: Lewis vs. Gane
Uriah Hall,Sean Strickland,Sean Strickland,2021-07-31,Decision - Unanimous,5,UFC Fight Night: Hall vs. Strickland
Cheyanne Vlismas,Gloria de Paula,Cheyanne Vlismas,2021-07-31,KO/TKO,1,UFC Fight Night: Hall vs. Strickland
Niklas Stolze,Jared Gooden,Jared Gooden,2021-07-31,KO/TKO,1,UFC Fight Night: Hall vs. Strickland
Collin Anglin,Melsik Baghdasaryan,Melsik Baghdasaryan,2021-07-31,KO/TKO,2,UFC Fight Night: Hall vs. Strickland
Bryan Barberena,Jason Witt,Jason Witt,2021-07-31,Decision - Majority,3,UFC Fight Night: Hall vs. Strickland
Chris Gruetzemacher,Rafa Garcia,Chris Gruetzemacher,2021-07-31,Decision - Unanimous,3,UFC Fight Night: Hall vs. Strickland
Jinh Yu Frey,Ashley Yoder,Jinh Yu Frey,2021-07-31,Decision - Unanimous,3,UFC Fight Night: Hall vs. Strickland
Phil Rowe,Orion Cosce,Phil Rowe,2021-07-31,KO/TKO,2,UFC Fight Night: Hall vs. Strickland
Ryan Benoit,Zarrukh Adashev,Zarrukh Adashev,2021-07-31,Decision - Unanimous,3,UFC Fight Night: Hall vs. Strickland
Islam Makhachev,Thiago Moises,Islam Makhachev,2021-07-17,Submission,4,UFC Fight Night: Makhachev vs. Moises
Marion Reneau,Miesha Tate,Miesha Tate,2021-07-17,KO/TKO,3,UFC Fight Night: Makhachev vs. Moises
Jeremy Stephens,Mateusz Gamrot,Mateusz Gamrot,2021-07-17,Submission,1,UFC Fight Night: Makhachev vs. Moises
Rodolfo Vieira,Dustin Stoltzfus,Rodolfo Vieira,2021-07-17,Submission,3,UFC Fight Night: Makhachev vs. Moises
Daniel Rodriguez,Preston Parsons,Daniel Rodriguez,2021-07-17,KO/TKO,1,UFC Fight Night: Makhachev vs. Moises
Gabriel Benitez,Billy Quarantillo,Billy Quarantillo,2021-07-17,KO/TKO,3,UFC Fight Night: Makhachev vs. Moises
Amanda Lemos,Montserrat Conejo Ruiz,Amanda Lemos,2021-07-17,KO/TKO,1,UFC Fight Night: Makhachev vs. Moises
Francisco Figueiredo,Malcolm Gordon,Malcolm Gordon,2021-07-17,Decision - Unanimous,3,UFC Fight Night: Makhachev vs. Moises
Khalid Taha,Sergey Morozov,Sergey Morozov,2021-07-17,Decision - Unanimous,3,UFC Fight Night: Makhachev vs. Moises
Kyler Phillips,Raulian Paiva,Raulian Paiva,2021-07-24,Decision - Majority,3,UFC Fight Night: Sandhagen vs. Dillashaw
Cory Sandhagen,TJ Dillashaw,TJ Dillashaw,2021-07-24,Decision - Split,5,UFC Fight Night: Sandhagen vs. Dillashaw
Darren Elkins,Darrick Minner,Darren Elkins,2021-07-24,KO/TKO,2,UFC Fight Night: Sandhagen vs. Dillashaw
Punahele Soriano,Brendan Allen,Brendan Allen,2021-07-24,Decision - Unanimous,3,UFC Fight Night: Sandhagen vs. Dillashaw
Miranda Maverick,Maycee Barber,Maycee Barber,2021-07-24,Decision - Split,3,UFC Fight Night: Sandhagen vs. Dillashaw
Adrian Yanez,Randy Costa,Adrian Yanez,2021-07-24,KO/TKO,2,UFC Fight Night: Sandhagen vs. Dillashaw
Mickey Gall,Jordan Williams,Mickey Gall,2021-07-24,Submission,1,UFC Fight Night: Sandhagen vs. Dillashaw
Julio Arce,Andre Ewell,Julio Arce,2021-07-24,KO/TKO,2,UFC Fight Night: Sandhagen vs. Dillashaw
Nassourdine Imavov,Ian Heinisch,Nassourdine Imavov,2021-07-24,KO/TKO,2,UFC Fight Night: Sandhagen vs. Dillashaw
Diana Belbita,Hannah Goldy,Diana Belbita,2021-07-24,Decision - Unanimous,3,UFC Fight Night: Sandhagen vs. Dillashaw
Sijara Eubanks,Elise Reed,Sijara Eubanks,2021-07-24,KO/TKO,1,UFC Fight Night: Sandhagen vs. Dillashaw
Dustin Poirier,Conor McGregor,Dustin Poirier,2021-07-10,TKO - Doctor's Stoppage,1,UFC 264: Poirier vs. McGregor 3
Tai Tuivasa,Greg Hardy,Tai Tuivasa,2021-07-10,KO/TKO,1,UFC 264: Poirier vs. McGregor 3
Gilbert Burns,Stephen Thompson,Gilbert Burns,2021-07-10,Decision - Unanimous,3,UFC 264: Poirier vs. McGregor 3
Irene Aldana,Yana Santos,Irene Aldana,2021-07-10,KO/TKO,1,UFC 264: Poirier vs. McGregor 3
Sean O'Malley,Kris Moutinho,Sean O'Malley,2021-07-10,KO/TKO,3,UFC 264: Poirier vs. McGregor 3
Ryan Hall,Ilia Topuria,Ilia Topuria,2021-07-10,KO/TKO,1,UFC 264: Poirier vs. McGregor 3
Niko Price,Michel Pereira,Michel Pereira,2021-07-10,Decision - Unanimous,3,UFC 264: Poirier vs. McGregor 3
Carlos Condit,Max Griffin,Max Griffin,2021-07-10,Decision - Unanimous,3,UFC 264: Poirier vs. McGregor 3
Trevin Giles,Dricus Du Plessis,Dricus Du Plessis,2021-07-10,KO/TKO,2,UFC 264: Poirier vs. McGregor 3
Omari Akhmedov,Brad Tavares,Brad Tavares,2021-07-10,Decision - Split,3,UFC 264: Poirier vs. McGregor 3
Jennifer Maia,Jessica Eye,Jennifer Maia,2021-07-10,Decision - Unanimous,3,UFC 264: Poirier vs. McGregor 3
Zhalgas Zhumagulov,Jerome Rivera,Zhalgas Zhumagulov,2021-07-10,Submission,1,UFC 264: Poirier vs. McGregor 3
Ciryl Gane,Alexander Volkov,Ciryl Gane,2021-06-26,Decision - Unanimous,5,UFC Fight Night: Gane vs. Volkov
Tanner Boser,Ovince Saint Preux,Tanner Boser,2021-06-26,KO/TKO,2,UFC Fight Night: Gane vs. Volkov
Raoni Barcelos,Timur Valiev,Timur Valiev,2021-06-26,Decision - Majority,3,UFC Fight Night: Gane vs. Volkov
Renato Moicano,Jai Herbert,Renato Moicano,2021-06-26,Submission,2,UFC Fight Night: Gane vs. Volkov
Tim Means,Nicolas Dalby,Tim Means,2021-06-26,Decision - Unanimous,3,UFC Fight Night: Gane vs. Volkov
Kennedy Nzechukwu,Danilo Marques,Kennedy Nzechukwu,2021-06-26,KO/TKO,3,UFC Fight Night: Gane vs. Volkov
Shavkat Rakhmonov,Michel Prazeres,Shavkat Rakhmonov,2021-06-26,Submission,2,UFC Fight Night: Gane vs. Volkov
Warlley Alves,Jeremiah Wells,Jeremiah Wells,2021-06-26,KO/TKO,2,UFC Fight Night: Gane vs. Volkov
Marcin Prachnio,Ike Villanueva,Marcin Prachnio,2021-06-26,KO/TKO,2,UFC Fight Night: Gane vs. Volkov
Julia Avila,Julija Stoliarenko,Julia Avila,2021-06-26,Submission,3,UFC Fight Night: Gane vs. Volkov
Charles Rosa,Justin Jaynes,Charles Rosa,2021-06-26,Decision - Split,3,UFC Fight Night: Gane vs. Volkov
Yancy Medeiros,Damir Hadzovic,Damir Hadzovic,2021-06-26,Decision - Unanimous,3,UFC Fight Night: Gane vs. Volkov
Chan Sung Jung,Dan Ige,Chan Sung Jung,2021-06-19,Decision - Unanimous,5,UFC Fight Night: Jung vs. Ige
Aleksei Oleinik,Serghei Spivac,Serghei Spivac,2021-06-19,Decision - Unanimous,3,UFC Fight Night: Jung vs. Ige
Julian Erosa,SeungWoo Choi,SeungWoo Choi,2021-06-19,KO/TKO,1,UFC Fight Night: Jung vs. Ige
Wellington Turman,Bruno Silva,Bruno Silva,2021-06-19,KO/TKO,1,UFC Fight Night: Jung vs. Ige
Marlon Vera,Davey Grant,Marlon Vera,2021-06-19,Decision - Unanimous,3,UFC Fight Night: Jung vs. Ige
Aleksa Camur,Nicolae Negumereanu,Nicolae Negumereanu,2021-06-19,Decision - Split,3,UFC Fight Night: Jung vs. Ige
Matt Brown,Dhiego Lima,Matt Brown,2021-06-19,KO/TKO,2,UFC Fight Night: Jung vs. Ige
Khaos Williams,Matthew Semelsberger,Khaos Williams,2021-06-19,Decision - Unanimous,3,UFC Fight Night: Jung vs. Ige
Josh Parisian,Roque Martinez,Josh Parisian,2021-06-19,Decision - Split,3,UFC Fight Night: Jung vs. Ige
Kanako Murata,Virna Jandiroba,Virna Jandiroba,2021-06-19,TKO - Doctor's Stoppage,2,UFC Fight Night: Jung vs. Ige
Joaquim Silva,Ricky Glenn,Ricky Glenn,2021-06-19,KO/TKO,1,UFC Fight Night: Jung vs. Ige
Casey O'Neill,Lara Procopio,Casey O'Neill,2021-06-19,Submission,3,UFC Fight Night: Jung vs. Ige
Rob Font,Cody Garbrandt,Rob Font,2021-05-22,Decision - Unanimous,5,UFC Fight Night: Font vs. Garbrandt
Justin Tafa,Jared Vanderaa,Jared Vanderaa,2021-05-22,Decision - Unanimous,3,UFC Fight Night: Font vs. Garbrandt
Yan Xiaonan,Carla Esparza,Carla Esparza,2021-05-22,KO/TKO,2,UFC Fight Night: Font vs. Garbrandt
Felicia Spencer,Norma Dumont,Norma Dumont,2021-05-22,Decision - Split,3,UFC Fight Night: Font vs. Garbrandt
Ricardo Ramos,Bill Algeo,Ricardo Ramos,2021-05-22,Decision - Unanimous,3,UFC Fight Night: Font vs. Garbrandt
Ben Rothwell,Chris Barnett,Ben Rothwell,2021-05-22,Submission,2,UFC Fight Night: Font vs. Garbrandt
Jack Hermansson,Edmen Shahbazyan,Jack Hermansson,2021-05-22,Decision - Unanimous,3,UFC Fight Night: Font vs. Garbrandt
Bruno Silva,Victor Rodriguez,Bruno Silva,2021-05-22,KO/TKO,1,UFC Fight Night: Font vs. Garbrandt
Court McGee,Claudio Silva,Court McGee,2021-05-22,Decision - Unanimous,3,UFC Fight Night: Font vs. Garbrandt
Josh Culibao,Shayilan Nuerdanbieke,Josh Culibao,2021-05-22,Decision - Unanimous,3,UFC Fight Night: Font vs. Garbrandt
David Dvorak,Juancamilo Ronderos,David Dvorak,2021-05-22,Submission,1,UFC Fight Night: Font vs. Garbrandt
Rafael Alves,Damir Ismagulov,Damir Ismagulov,2021-05-22,Decision - Unanimous,3,UFC Fight Night: Font vs. Garbrandt
Walt Harris,Marcin Tybura,Marcin Tybura,2021-06-05,KO/TKO,1,UFC Fight Night: Rozenstruik vs. Sakai
Jairzinho Rozenstruik,Augusto Sakai,Jairzinho Rozenstruik,2021-06-05,KO/TKO,1,UFC Fight Night: Rozenstruik vs. Sakai
Dusko Todorovic,Gregory Rodrigues,Gregory Rodrigues,2021-06-05,Decision - Unanimous,3,UFC Fight Night: Rozenstruik vs. Sakai
Roman Dolidze,Laureano Staropoli,Roman Dolidze,2021-06-05,Decision - Unanimous,3,UFC Fight Night: Rozenstruik vs. Sakai
Santiago Ponzinibbio,Miguel Baeza,Santiago Ponzinibbio,2021-06-05,Decision - Unanimous,3,UFC Fight Night: Rozenstruik vs. Sakai
Montana De La Rosa,Ariane da Silva,Montana De La Rosa,2021-06-05,KO/TKO,2,UFC Fight Night: Rozenstruik vs. Sakai
Tanner Boser,Ilir Latifi,Ilir Latifi,2021-06-05,Decision - Split,3,UFC Fight Night: Rozenstruik vs. Sakai
Francisco Trinaldo,Muslim Salikhov,Muslim Salikhov,2021-06-05,Decision - Unanimous,3,UFC Fight Night: Rozenstruik vs. Sakai
Manon Fiorot,Tabatha Ricci,Manon Fiorot,2021-06-05,KO/TKO,2,UFC Fight Night: Rozenstruik vs. Sakai
Makwan Amirkhani,Kamuela Kirk,Kamuela Kirk,2021-06-05,Decision - Unanimous,3,UFC Fight Night: Rozenstruik vs. Sakai
Sean Woodson,Youssef Zalal,Sean Woodson,2021-06-05,Decision - Split,3,UFC Fight Night: Rozenstruik vs. Sakai
Marina Rodriguez,Michelle Waterson-Gomez,Marina Rodriguez,2021-05-08,Decision - Unanimous,5,UFC Fight Night: Rodriguez vs. Waterson
Claudio Puelles,Jordan Leavitt,Claudio Puelles,2021-06-05,Decision - Unanimous,3,UFC Fight Night: Rozenstruik vs. Sakai
Neil Magny,Geoff Neal,Neil Magny,2021-05-08,Decision - Unanimous,3,UFC Fight Night: Rodriguez vs. Waterson
Donald Cerrone,Alex Morono,Alex Morono,2021-05-08,KO/TKO,1,UFC Fight Night: Rodriguez vs. Waterson
Phil Hawes,Kyle Daukaus,Phil Hawes,2021-05-08,Decision - Unanimous,3,UFC Fight Night: Rodriguez vs. Waterson
Maurice Greene,Marcos Rogerio de Lima,Marcos Rogerio de Lima,2021-05-08,Decision - Unanimous,3,UFC Fight Night: Rodriguez vs. Waterson
Ludovit Klein,Michael Trizano,Michael Trizano,2021-05-08,Decision - Unanimous,3,UFC Fight Night: Rodriguez vs. Waterson
JunYong Park,Tafon Nchukwi,JunYong Park,2021-05-08,Decision - Majority,3,UFC Fight Night: Rodriguez vs. Waterson
Diego Ferreira,Gregor Gillespie,Gregor Gillespie,2021-05-08,KO/TKO,2,UFC Fight Night: Rodriguez vs. Waterson
Christian Aguilera,Carlston Harris,Carlston Harris,2021-05-08,Submission,1,UFC Fight Night: Rodriguez vs. Waterson
Charles Oliveira,Michael Chandler,Charles Oliveira,2021-05-15,KO/TKO,2,UFC 262: Oliveira vs. Chandler
Tony Ferguson,Beneil Dariush,Beneil Dariush,2021-05-15,Decision - Unanimous,3,UFC 262: Oliveira vs. Chandler
Katlyn Cerminara,Viviane Araujo,Katlyn Cerminara,2021-05-15,Decision - Unanimous,3,UFC 262: Oliveira vs. Chandler
Shane Burgos,Edson Barboza,Edson Barboza,2021-05-15,KO/TKO,3,UFC 262: Oliveira vs. Chandler
Jacare Souza,Andre Muniz,Andre Muniz,2021-05-15,Submission,1,UFC 262: Oliveira vs. Chandler
Lando Vannata,Mike Grundy,Lando Vannata,2021-05-15,Decision - Split,3,UFC 262: Oliveira vs. Chandler
Jordan Wright,Jamie Pickett,Jordan Wright,2021-05-15,KO/TKO,1,UFC 262: Oliveira vs. Chandler
Andrea Lee,Antonina Shevchenko,Andrea Lee,2021-05-15,Submission,2,UFC 262: Oliveira vs. Chandler
Kevin Aguilar,Tucker Lutz,Tucker Lutz,2021-05-15,Decision - Unanimous,3,UFC 262: Oliveira vs. Chandler
Christos Giagos,Sean Soriano,Christos Giagos,2021-05-15,Submission,2,UFC 262: Oliveira vs. Chandler
Gina Mazany,Priscila Cachoeira,Priscila Cachoeira,2021-05-15,KO/TKO,2,UFC 262: Oliveira vs. Chandler
Deiveson Figueiredo,Brandon Moreno,Brandon Moreno,2021-06-12,Submission,3,UFC 263: Adesanya vs. Vettori 2
Israel Adesanya,Marvin Vettori,Israel Adesanya,2021-06-12,Decision - Unanimous,5,UFC 263: Adesanya vs. Vettori 2
Leon Edwards,Nate Diaz,Leon Edwards,2021-06-12,Decision - Unanimous,5,UFC 263: Adesanya vs. Vettori 2
Demian Maia,Belal Muhammad,Belal Muhammad,2021-06-12,Decision - Unanimous,3,UFC 263: Adesanya vs. Vettori 2
Paul Craig,Jamahal Hill,Paul Craig,2021-06-12,KO/TKO,1,UFC 263: Adesanya vs. Vettori 2
Drew Dober,Brad Riddell,Brad Riddell,2021-06-12,Decision - Unanimous,3,UFC 263: Adesanya vs. Vettori 2
Eryk Anders,Darren Stewart,Eryk Anders,2021-06-12,Decision - Unanimous,3,UFC 263: Adesanya vs. Vettori 2
Lauren Murphy,Joanne Wood,Lauren Murphy,2021-06-12,Decision - Split,3,UFC 263: Adesanya vs. Vettori 2
Pannie Kianzad,Alexis Davis,Pannie Kianzad,2021-06-12,Decision - Unanimous,3,UFC 263: Adesanya vs. Vettori 2
Movsar Evloev,Hakeem Dawodu,Movsar Evloev,2021-06-12,Decision - Unanimous,3,UFC 263: Adesanya vs. Vettori 2
Matt Frevola,Terrance McKinney,Terrance McKinney,2021-06-12,KO/TKO,1,UFC 263: Adesanya vs. Vettori 2
Chase Hooper,Steven Peterson,Steven Peterson,2021-06-12,Decision - Unanimous,3,UFC 263: Adesanya vs. Vettori 2
Carlos Felipe,Jake Collier,Carlos Felipe,2021-06-12,Decision - Split,3,UFC 263: Adesanya vs. Vettori 2
Fares Ziam,Luigi Vendramini,Fares Ziam,2021-06-12,Decision - Majority,3,UFC 263: Adesanya vs. Vettori 2
Abdul Razak Alhassan,Jacob Malkoun,Jacob Malkoun,2021-04-17,Decision - Unanimous,3,UFC Fight Night: Whittaker vs. Gastelum
Andrei Arlovski,Chase Sherman,Andrei Arlovski,2021-04-17,Decision - Unanimous,3,UFC Fight Night: Whittaker vs. Gastelum
Robert Whittaker,Kelvin Gastelum,Robert Whittaker,2021-04-17,Decision - Unanimous,5,UFC Fight Night: Whittaker vs. Gastelum
Alexandr Romanov,Juan Espino,Alexandr Romanov,2021-04-17,Decision - Split,3,UFC Fight Night: Whittaker vs. Gastelum
Tracy Cortez,Justine Kish,Tracy Cortez,2021-04-17,Decision - Split,3,UFC Fight Night: Whittaker vs. Gastelum
Luis Pena,Alexander Munoz,Luis Pena,2021-04-17,Decision - Split,3,UFC Fight Night: Whittaker vs. Gastelum
Bartosz Fabinski,Gerald Meerschaert,Gerald Meerschaert,2021-04-17,Submission,1,UFC Fight Night: Whittaker vs. Gastelum
Jessica Penne,Loopy Godinez,Jessica Penne,2021-04-17,Decision - Split,3,UFC Fight Night: Whittaker vs. Gastelum
Austin Hubbard,Dakota Bush,Austin Hubbard,2021-04-17,Decision - Unanimous,3,UFC Fight Night: Whittaker vs. Gastelum
Giga Chikadze,Cub Swanson,Giga Chikadze,2021-05-01,KO/TKO,1,UFC Fight Night: Reyes vs. Prochazka
Dominick Reyes,Jiri Prochazka,Jiri Prochazka,2021-05-01,KO/TKO,2,UFC Fight Night: Reyes vs. Prochazka
Tony Gravely,Anthony Birchak,Tony Gravely,2021-04-17,KO/TKO,2,UFC Fight Night: Whittaker vs. Gastelum
Sean Strickland,Krzysztof Jotko,Sean Strickland,2021-05-01,Decision - Unanimous,3,UFC Fight Night: Reyes vs. Prochazka
Merab Dvalishvili,Cody Stamann,Merab Dvalishvili,2021-05-01,Decision - Unanimous,3,UFC Fight Night: Reyes vs. Prochazka
Randa Markos,Luana Pinheiro,Luana Pinheiro,2021-05-01,DQ,1,UFC Fight Night: Reyes vs. Prochazka
Kai Kamaka,TJ Brown,TJ Brown,2021-05-01,Decision - Split,3,UFC Fight Night: Reyes vs. Prochazka
Loma Lookboonmee,Sam Hughes,Loma Lookboonmee,2021-05-01,Decision - Unanimous,3,UFC Fight Night: Reyes vs. Prochazka
Poliana Botelho,Luana Carolina,Luana Carolina,2021-05-01,Decision - Split,3,UFC Fight Night: Reyes vs. Prochazka
Andreas Michailidis,KB Bhullar,Andreas Michailidis,2021-05-01,Decision - Unanimous,3,UFC Fight Night: Reyes vs. Prochazka
Luke Sanders,Felipe Colares,Felipe Colares,2021-05-01,Decision - Unanimous,3,UFC Fight Night: Reyes vs. Prochazka
Kamaru Usman,Jorge Masvidal,Kamaru Usman,2021-04-24,KO/TKO,2,UFC 261: Usman vs. Masvidal 2
Zhang Weili,Rose Namajunas,Rose Namajunas,2021-04-24,KO/TKO,1,UFC 261: Usman vs. Masvidal 2
Uriah Hall,Chris Weidman,Uriah Hall,2021-04-24,KO/TKO,1,UFC 261: Usman vs. Masvidal 2
Anthony Smith,Jimmy Crute,Anthony Smith,2021-04-24,TKO - Doctor's Stoppage,1,UFC 261: Usman vs. Masvidal 2
Valentina Shevchenko,Jessica Andrade,Valentina Shevchenko,2021-04-24,KO/TKO,2,UFC 261: Usman vs. Masvidal 2
Alex Oliveira,Randy Brown,Randy Brown,2021-04-24,Submission,1,UFC 261: Usman vs. Masvidal 2
Dwight Grant,Stefan Sekulic,Dwight Grant,2021-04-24,Decision - Split,3,UFC 261: Usman vs. Masvidal 2
Karl Roberson,Brendan Allen,Brendan Allen,2021-04-24,Submission,1,UFC 261: Usman vs. Masvidal 2
Pat Sabatini,Tristan Connelly,Pat Sabatini,2021-04-24,Decision - Unanimous,3,UFC 261: Usman vs. Masvidal 2
Batgerel Danaa,Kevin Natividad,Batgerel Danaa,2021-04-24,KO/TKO,1,UFC 261: Usman vs. Masvidal 2
Kazula Vargas,Rongzhu,Kazula Vargas,2021-04-24,Decision - Unanimous,3,UFC 261: Usman vs. Masvidal 2
Aoriqileng,Jeff Molina,Jeff Molina,2021-04-24,Decision - Unanimous,3,UFC 261: Usman vs. Masvidal 2
Liang Na,Ariane Carnelossi,Ariane Carnelossi,2021-04-24,KO/TKO,2,UFC 261: Usman vs. Masvidal 2
Tyron Woodley,Vicente Luque,Vicente Luque,2021-03-27,Submission,1,UFC 260: Miocic vs. Ngannou
Stipe Miocic,Francis Ngannou,Francis Ngannou,2021-03-27,KO/TKO,2,UFC 260: Miocic vs. Ngannou
Sean O'Malley,Thomas Almeida,Sean O'Malley,2021-03-27,KO/TKO,3,UFC 260: Miocic vs. Ngannou
Jamie Mullarkey,Khama Worthy,Jamie Mullarkey,2021-03-27,KO/TKO,1,UFC 260: Miocic vs. Ngannou
Gillian Robertson,Miranda Maverick,Miranda Maverick,2021-03-27,Decision - Unanimous,3,UFC 260: Miocic vs. Ngannou
Alonzo Menifield,Fabio Cherant,Alonzo Menifield,2021-03-27,Submission,1,UFC 260: Miocic vs. Ngannou
Jared Gooden,Abubakar Nurmagomedov,Abubakar Nurmagomedov,2021-03-27,Decision - Unanimous,3,UFC 260: Miocic vs. Ngannou
Modestas Bukauskas,Michal Oleksiejczuk,Michal Oleksiejczuk,2021-03-27,Decision - Split,3,UFC 260: Miocic vs. Ngannou
Shane Young,Omar Morales,Omar Morales,2021-03-27,Decision - Unanimous,3,UFC 260: Miocic vs. Ngannou
Derek Brunson,Kevin Holland,Derek Brunson,2021-03-20,Decision - Unanimous,5,UFC Fight Night: Brunson vs. Holland
Marc-Andre Barriault,Abu Azaitar,Marc-Andre Barriault,2021-03-27,KO/TKO,3,UFC 260: Miocic vs. Ngannou
Song Kenan,Max Griffin,Max Griffin,2021-03-20,KO/TKO,1,UFC Fight Night: Brunson vs. Holland
Cheyanne Vlismas,Montserrat Conejo Ruiz,Montserrat Conejo Ruiz,2021-03-20,Decision - Unanimous,3,UFC Fight Night: Brunson vs. Holland
Adrian Yanez,Gustavo Lopez,Adrian Yanez,2021-03-20,KO/TKO,3,UFC Fight Night: Brunson vs. Holland
Marion Reneau,Macy Chiasson,Macy Chiasson,2021-03-20,Decision - Unanimous,3,UFC Fight Night: Brunson vs. Holland
Leonardo Santos,Grant Dawson,Grant Dawson,2021-03-20,KO/TKO,3,UFC Fight Night: Brunson vs. Holland
Tai Tuivasa,Harry Hunsucker,Tai Tuivasa,2021-03-20,KO/TKO,1,UFC Fight Night: Brunson vs. Holland
Bruno Silva,JP Buys,Bruno Silva,2021-03-20,KO/TKO,2,UFC Fight Night: Brunson vs. Holland
Trevin Giles,Roman Dolidze,Trevin Giles,2021-03-20,Decision - Unanimous,3,UFC Fight Night: Brunson vs. Holland
Montel Jackson,Jesse Strader,Montel Jackson,2021-03-20,KO/TKO,1,UFC Fight Night: Brunson vs. Holland
Marvin Vettori,Kevin Holland,Marvin Vettori,2021-04-10,Decision - Unanimous,5,UFC Fight Night: Vettori vs. Holland
Sam Alvey,Julian Marquez,Julian Marquez,2021-04-10,Submission,2,UFC Fight Night: Vettori vs. Holland
Nina Nunes,Mackenzie Dern,Mackenzie Dern,2021-04-10,Submission,1,UFC Fight Night: Vettori vs. Holland
Arnold Allen,Sodiq Yusuff,Arnold Allen,2021-04-10,Decision - Unanimous,3,UFC Fight Night: Vettori vs. Holland
Mike Perry,Daniel Rodriguez,Daniel Rodriguez,2021-04-10,Decision - Unanimous,3,UFC Fight Night: Vettori vs. Holland
Scott Holtzman,Mateusz Gamrot,Mateusz Gamrot,2021-04-10,KO/TKO,2,UFC Fight Night: Vettori vs. Holland
Jim Miller,Joe Solecki,Joe Solecki,2021-04-10,Decision - Unanimous,3,UFC Fight Night: Vettori vs. Holland
John Makdessi,Ignacio Bahamondes,John Makdessi,2021-04-10,Decision - Split,3,UFC Fight Night: Vettori vs. Holland
Yorgan De Castro,Jarjis Danho,Jarjis Danho,2021-04-10,KO/TKO,1,UFC Fight Night: Vettori vs. Holland
Hunter Azure,Jack Shore,Jack Shore,2021-04-10,Decision - Split,3,UFC Fight Night: Vettori vs. Holland
Luis Saldana,Jordan Griffin,Luis Saldana,2021-04-10,Decision - Unanimous,3,UFC Fight Night: Vettori vs. Holland
Impa Kasanganay,Sasha Palatnikov,Impa Kasanganay,2021-04-10,Submission,2,UFC Fight Night: Vettori vs. Holland
Jairzinho Rozenstruik,Ciryl Gane,Ciryl Gane,2021-02-27,Decision - Unanimous,5,UFC Fight Night: Rozenstruik vs. Gane
Da Woon Jung,William Knight,Da Woon Jung,2021-04-10,Decision - Unanimous,3,UFC Fight Night: Vettori vs. Holland
Nikita Krylov,Magomed Ankalaev,Magomed Ankalaev,2021-02-27,Decision - Unanimous,3,UFC Fight Night: Rozenstruik vs. Gane
Pedro Munhoz,Jimmie Rivera,Pedro Munhoz,2021-02-27,Decision - Unanimous,3,UFC Fight Night: Rozenstruik vs. Gane
Alex Caceres,Kevin Croom,Alex Caceres,2021-02-27,Decision - Unanimous,3,UFC Fight Night: Rozenstruik vs. Gane
Alexander Hernandez,Thiago Moises,Thiago Moises,2021-02-27,Decision - Unanimous,3,UFC Fight Night: Rozenstruik vs. Gane
Alexis Davis,Sabina Mazo,Alexis Davis,2021-02-27,Decision - Unanimous,3,UFC Fight Night: Rozenstruik vs. Gane
Jan Blachowicz,Israel Adesanya,Jan Blachowicz,2021-03-06,Decision - Unanimous,5,UFC 259: Blachowicz vs. Adesanya
Dustin Jacoby,Maxim Grishin,Dustin Jacoby,2021-02-27,Decision - Unanimous,3,UFC Fight Night: Rozenstruik vs. Gane
Vince Cachero,Ronnie Lawrence,Ronnie Lawrence,2021-02-27,KO/TKO,3,UFC Fight Night: Rozenstruik vs. Gane
Amanda Nunes,Megan Anderson,Amanda Nunes,2021-03-06,Submission,1,UFC 259: Blachowicz vs. Adesanya
Petr Yan,Aljamain Sterling,Aljamain Sterling,2021-03-06,DQ,4,UFC 259: Blachowicz vs. Adesanya
Islam Makhachev,Drew Dober,Islam Makhachev,2021-03-06,Submission,3,UFC 259: Blachowicz vs. Adesanya
Thiago Santos,Aleksandar Rakic,Aleksandar Rakic,2021-03-06,Decision - Unanimous,3,UFC 259: Blachowicz vs. Adesanya
Dominick Cruz,Casey Kenney,Dominick Cruz,2021-03-06,Decision - Split,3,UFC 259: Blachowicz vs. Adesanya
Song Yadong,Kyler Phillips,Kyler Phillips,2021-03-06,Decision - Unanimous,3,UFC 259: Blachowicz vs. Adesanya
Joseph Benavidez,Askar Askarov,Askar Askarov,2021-03-06,Decision - Unanimous,3,UFC 259: Blachowicz vs. Adesanya
Rogerio Bontorin,Kai Kara-France,Kai Kara-France,2021-03-06,KO/TKO,1,UFC 259: Blachowicz vs. Adesanya
Tim Elliott,Jordan Espinosa,Tim Elliott,2021-03-06,Decision - Unanimous,3,UFC 259: Blachowicz vs. Adesanya
Kennedy Nzechukwu,Carlos Ulberg,Kennedy Nzechukwu,2021-03-06,KO/TKO,2,UFC 259: Blachowicz vs. Adesanya
Sean Brady,Jake Matthews,Sean Brady,2021-03-06,Submission,3,UFC 259: Blachowicz vs. Adesanya
Uros Medic,Aalon Cruz,Uros Medic,2021-03-06,KO/TKO,1,UFC 259: Blachowicz vs. Adesanya
Livinha Souza,Amanda Lemos,Amanda Lemos,2021-03-06,KO/TKO,1,UFC 259: Blachowicz vs. Adesanya
Mario Bautista,Trevin Jones,Trevin Jones,2021-03-06,KO/TKO,2,UFC 259: Blachowicz vs. Adesanya
Misha Cirkunov,Ryan Spann,Ryan Spann,2021-03-13,KO/TKO,1,UFC Fight Night: Edwards vs. Muhammad
Jonathan Martinez,Davey Grant,Davey Grant,2021-03-13,KO/TKO,2,UFC Fight Night: Edwards vs. Muhammad
Dan Ige,Gavin Tucker,Dan Ige,2021-03-13,KO/TKO,1,UFC Fight Night: Edwards vs. Muhammad
Manel Kape,Matheus Nicolau,Matheus Nicolau,2021-03-13,Decision - Split,3,UFC Fight Night: Edwards vs. Muhammad
Angela Hill,Ashley Yoder,Angela Hill,2021-03-13,Decision - Unanimous,3,UFC Fight Night: Edwards vs. Muhammad
Charles Jourdain,Marcelo Rojo,Charles Jourdain,2021-03-13,KO/TKO,3,UFC Fight Night: Edwards vs. Muhammad
Rani Yahya,Ray Rodriguez,Rani Yahya,2021-03-13,Submission,2,UFC Fight Night: Edwards vs. Muhammad
Nasrat Haqparast,Rafa Garcia,Nasrat Haqparast,2021-03-13,Decision - Unanimous,3,UFC Fight Night: Edwards vs. Muhammad
Gloria de Paula,Jinh Yu Frey,Jinh Yu Frey,2021-03-13,Decision - Unanimous,3,UFC Fight Night: Edwards vs. Muhammad
Cortney Casey,JJ Aldrich,JJ Aldrich,2021-03-13,Decision - Split,3,UFC Fight Night: Edwards vs. Muhammad
Matthew Semelsberger,Jason Witt,Matthew Semelsberger,2021-03-13,KO/TKO,1,UFC Fight Night: Edwards vs. Muhammad
Curtis Blaydes,Derrick Lewis,Derrick Lewis,2021-02-20,KO/TKO,2,UFC Fight Night: Blaydes vs. Lewis
Ketlen Vieira,Yana Santos,Yana Santos,2021-02-20,Decision - Unanimous,3,UFC Fight Night: Blaydes vs. Lewis
Charles Rosa,Darrick Minner,Darrick Minner,2021-02-20,Decision - Unanimous,3,UFC Fight Night: Blaydes vs. Lewis
Phil Hawes,Nassourdine Imavov,Phil Hawes,2021-02-20,Decision - Majority,3,UFC Fight Night: Blaydes vs. Lewis
Aleksei Oleinik,Chris Daukaus,Chris Daukaus,2021-02-20,KO/TKO,1,UFC Fight Night: Blaydes vs. Lewis
Andrei Arlovski,Tom Aspinall,Tom Aspinall,2021-02-20,Submission,2,UFC Fight Night: Blaydes vs. Lewis
Jared Gordon,Danny Chavez,Jared Gordon,2021-02-20,Decision - Unanimous,3,UFC Fight Night: Blaydes vs. Lewis
Nate Landwehr,Julian Erosa,Julian Erosa,2021-02-20,KO/TKO,1,UFC Fight Night: Blaydes vs. Lewis
Shana Dobson,Casey O'Neill,Casey O'Neill,2021-02-20,KO/TKO,2,UFC Fight Night: Blaydes vs. Lewis
Eddie Wineland,John Castaneda,John Castaneda,2021-02-20,KO/TKO,1,UFC Fight Night: Blaydes vs. Lewis
Aiemann Zahabi,Drako Rodriguez,Aiemann Zahabi,2021-02-20,KO/TKO,1,UFC Fight Night: Blaydes vs. Lewis
Serghei Spivac,Jared Vanderaa,Serghei Spivac,2021-02-20,KO/TKO,2,UFC Fight Night: Blaydes vs. Lewis
Maycee Barber,Alexa Grasso,Alexa Grasso,2021-02-13,Decision - Unanimous,3,UFC 258: Usman vs. Burns
Kamaru Usman,Gilbert Burns,Kamaru Usman,2021-02-13,KO/TKO,3,UFC 258: Usman vs. Burns
Kelvin Gastelum,Ian Heinisch,Kelvin Gastelum,2021-02-13,Decision - Unanimous,3,UFC 258: Usman vs. Burns
Ricky Simon,Brian Kelleher,Ricky Simon,2021-02-13,Decision - Unanimous,3,UFC 258: Usman vs. Burns
Maki Pitolo,Julian Marquez,Julian Marquez,2021-02-13,Submission,3,UFC 258: Usman vs. Burns
Rodolfo Vieira,Anthony Hernandez,Anthony Hernandez,2021-02-13,Submission,2,UFC 258: Usman vs. Burns
Belal Muhammad,Dhiego Lima,Belal Muhammad,2021-02-13,Decision - Unanimous,3,UFC 258: Usman vs. Burns
Polyana Viana,Mallory Martin,Polyana Viana,2021-02-13,Submission,1,UFC 258: Usman vs. Burns
Andre Ewell,Chris Gutierrez,Chris Gutierrez,2021-02-13,Decision - Unanimous,3,UFC 258: Usman vs. Burns
Gabe Green,Phil Rowe,Gabe Green,2021-02-13,Decision - Unanimous,3,UFC 258: Usman vs. Burns
Cory Sandhagen,Frankie Edgar,Cory Sandhagen,2021-02-06,KO/TKO,1,UFC Fight Night: Overeem vs. Volkov
Alistair Overeem,Alexander Volkov,Alexander Volkov,2021-02-06,KO/TKO,2,UFC Fight Night: Overeem vs. Volkov
Diego Ferreira,Beneil Dariush,Beneil Dariush,2021-02-06,Decision - Split,3,UFC Fight Night: Overeem vs. Volkov
Alexandre Pantoja,Manel Kape,Alexandre Pantoja,2021-02-06,Decision - Unanimous,3,UFC Fight Night: Overeem vs. Volkov
Mike Rodriguez,Danilo Marques,Danilo Marques,2021-02-06,Submission,2,UFC Fight Night: Overeem vs. Volkov
Michael Johnson,Clay Guida,Clay Guida,2021-02-06,Decision - Unanimous,3,UFC Fight Night: Overeem vs. Volkov
Devonte Smith,Justin Jaynes,Devonte Smith,2021-02-06,TKO - Doctor's Stoppage,2,UFC Fight Night: Overeem vs. Volkov
Karol Rosa,Joselyne Edwards,Karol Rosa,2021-02-06,Decision - Unanimous,3,UFC Fight Night: Overeem vs. Volkov
Molly McCann,Lara Procopio,Lara Procopio,2021-02-06,Decision - Unanimous,3,UFC Fight Night: Overeem vs. Volkov
SeungWoo Choi,Youssef Zalal,SeungWoo Choi,2021-02-06,Decision - Unanimous,3,UFC Fight Night: Overeem vs. Volkov
Ode Osbourne,Jerome Rivera,Ode Osbourne,2021-02-06,KO/TKO,1,UFC Fight Night: Overeem vs. Volkov
Timur Valiev,Martin Day,Timur Valiev,2021-02-06,Decision - Unanimous,3,UFC Fight Night: Overeem vs. Volkov
Jessica Eye,Joanne Wood,Joanne Wood,2021-01-23,Decision - Unanimous,3,UFC 257: Poirier vs. McGregor
Dustin Poirier,Conor McGregor,Dustin Poirier,2021-01-23,KO/TKO,2,UFC 257: Poirier vs. McGregor
Dan Hooker,Michael Chandler,Michael Chandler,2021-01-23,KO/TKO,1,UFC 257: Poirier vs. McGregor
Andrew Sanchez,Makhmud Muradov,Makhmud Muradov,2021-01-23,KO/TKO,3,UFC 257: Poirier vs. McGregor
Arman Tsarukyan,Matt Frevola,Arman Tsarukyan,2021-01-23,Decision - Unanimous,3,UFC 257: Poirier vs. McGregor
Marina Rodriguez,Amanda Ribas,Marina Rodriguez,2021-01-23,KO/TKO,2,UFC 257: Poirier vs. McGregor
Brad Tavares,Antonio Carlos Junior,Brad Tavares,2021-01-23,Decision - Unanimous,3,UFC 257: Poirier vs. McGregor
Khalil Rountree Jr.,Marcin Prachnio,Marcin Prachnio,2021-01-23,Decision - Unanimous,3,UFC 257: Poirier vs. McGregor
Julianna Pena,Sara McMann,Julianna Pena,2021-01-23,Submission,3,UFC 257: Poirier vs. McGregor
Nik Lentz,Movsar Evloev,Movsar Evloev,2021-01-23,Decision - Split,3,UFC 257: Poirier vs. McGregor
Amir Albazi,Zhalgas Zhumagulov,Amir Albazi,2021-01-23,Decision - Unanimous,3,UFC 257: Poirier vs. McGregor
Max Holloway,Calvin Kattar,Max Holloway,2021-01-16,Decision - Unanimous,5,UFC Fight Night: Holloway vs. Kattar
Joaquin Buckley,Alessio Di Chirico,Alessio Di Chirico,2021-01-16,KO/TKO,1,UFC Fight Night: Holloway vs. Kattar
Carlos Condit,Matt Brown,Carlos Condit,2021-01-16,Decision - Unanimous,3,UFC Fight Night: Holloway vs. Kattar
Santiago Ponzinibbio,Li Jingliang,Li Jingliang,2021-01-16,KO/TKO,1,UFC Fight Night: Holloway vs. Kattar
Punahele Soriano,Dusko Todorovic,Punahele Soriano,2021-01-16,KO/TKO,1,UFC Fight Night: Holloway vs. Kattar
Carlos Felipe,Justin Tafa,Carlos Felipe,2021-01-16,Decision - Split,3,UFC Fight Night: Holloway vs. Kattar
Wu Yanan,Joselyne Edwards,Joselyne Edwards,2021-01-16,Decision - Unanimous,3,UFC Fight Night: Holloway vs. Kattar
David Zawada,Ramazan Emeev,Ramazan Emeev,2021-01-16,Decision - Split,3,UFC Fight Night: Holloway vs. Kattar
Jacob Kilburn,Austin Lingo,Austin Lingo,2021-01-16,Decision - Unanimous,3,UFC Fight Night: Holloway vs. Kattar
Sarah Moras,Vanessa Melo,Vanessa Melo,2021-01-16,Decision - Unanimous,3,UFC Fight Night: Holloway vs. Kattar
Michael Chiesa,Neil Magny,Michael Chiesa,2021-01-20,Decision - Unanimous,5,UFC Fight Night: Chiesa vs. Magny
Roxanne Modafferi,Viviane Araujo,Viviane Araujo,2021-01-20,Decision - Unanimous,3,UFC Fight Night: Chiesa vs. Magny
Warlley Alves,Mounir Lazzez,Warlley Alves,2021-01-20,KO/TKO,1,UFC Fight Night: Chiesa vs. Magny
Ike Villanueva,Vinicius Moreira,Ike Villanueva,2021-01-20,KO/TKO,2,UFC Fight Night: Chiesa vs. Magny
Matt Schnell,Tyson Nam,Matt Schnell,2021-01-20,Decision - Split,3,UFC Fight Night: Chiesa vs. Magny
Lerone Murphy,Douglas Silva de Andrade,Lerone Murphy,2021-01-20,Decision - Unanimous,3,UFC Fight Night: Chiesa vs. Magny
Ricky Simon,Gaetano Pirrello,Ricky Simon,2021-01-20,Submission,2,UFC Fight Night: Chiesa vs. Magny
Omari Akhmedov,Tom Breese,Omari Akhmedov,2021-01-20,Submission,2,UFC Fight Night: Chiesa vs. Magny
Sumudaerji,Zarrukh Adashev,Sumudaerji,2021-01-20,Decision - Unanimous,3,UFC Fight Night: Chiesa vs. Magny
Francisco Figueiredo,Jerome Rivera,Francisco Figueiredo,2021-01-20,Decision - Unanimous,3,UFC Fight Night: Chiesa vs. Magny
Dalcha Lungiambula,Markus Perez,Dalcha Lungiambula,2021-01-20,Decision - Unanimous,3,UFC Fight Night: Chiesa vs. Magny
Mike Davis,Mason Jones,Mike Davis,2021-01-20,Decision - Unanimous,3,UFC Fight Night: Chiesa vs. Magny
Victoria Leonardo,Manon Fiorot,Manon Fiorot,2021-01-20,KO/TKO,2,UFC Fight Night: Chiesa vs. Magny
Umar Nurmagomedov,Sergey Morozov,Umar Nurmagomedov,2021-01-20,Submission,2,UFC Fight Night: Chiesa vs. Magny
Michel Pereira,Khaos Williams,Michel Pereira,2020-12-19,Decision - Unanimous,3,UFC Fight Night: Thompson vs. Neal
Stephen Thompson,Geoff Neal,Stephen Thompson,2020-12-19,Decision - Unanimous,5,UFC Fight Night: Thompson vs. Neal
Jose Aldo,Marlon Vera,Jose Aldo,2020-12-19,Decision - Unanimous,3,UFC Fight Night: Thompson vs. Neal
Marlon Moraes,Rob Font,Rob Font,2020-12-19,KO/TKO,1,UFC Fight Night: Thompson vs. Neal
Sijara Eubanks,Pannie Kianzad,Pannie Kianzad,2020-12-19,Decision - Unanimous,3,UFC Fight Night: Thompson vs. Neal
Marcin Tybura,Greg Hardy,Marcin Tybura,2020-12-19,KO/TKO,2,UFC Fight Night: Thompson vs. Neal
Anthony Pettis,Alex Morono,Anthony Pettis,2020-12-19,Decision - Unanimous,3,UFC Fight Night: Thompson vs. Neal
Deron Winn,Antonio Arroyo,Deron Winn,2020-12-19,Decision - Unanimous,3,UFC Fight Night: Thompson vs. Neal
Gillian Robertson,Taila Santos,Taila Santos,2020-12-19,Decision - Unanimous,3,UFC Fight Night: Thompson vs. Neal
Tafon Nchukwi,Jamie Pickett,Tafon Nchukwi,2020-12-19,Decision - Unanimous,3,UFC Fight Night: Thompson vs. Neal
Christos Giagos,Carlton Minus,Christos Giagos,2020-12-19,Decision - Unanimous,3,UFC Fight Night: Thompson vs. Neal
Jimmy Flick,Cody Durden,Jimmy Flick,2020-12-19,Submission,1,UFC Fight Night: Thompson vs. Neal
Tony Ferguson,Charles Oliveira,Charles Oliveira,2020-12-12,Decision - Unanimous,3,UFC 256: Figueiredo vs. Moreno
Mackenzie Dern,Virna Jandiroba,Mackenzie Dern,2020-12-12,Decision - Unanimous,3,UFC 256: Figueiredo vs. Moreno
Kevin Holland,Jacare Souza,Kevin Holland,2020-12-12,KO/TKO,1,UFC 256: Figueiredo vs. Moreno
Junior Dos Santos,Ciryl Gane,Ciryl Gane,2020-12-12,KO/TKO,2,UFC 256: Figueiredo vs. Moreno
Cub Swanson,Daniel Pineda,Cub Swanson,2020-12-12,KO/TKO,2,UFC 256: Figueiredo vs. Moreno
Renato Moicano,Rafael Fiziev,Rafael Fiziev,2020-12-12,KO/TKO,1,UFC 256: Figueiredo vs. Moreno
Gavin Tucker,Billy Quarantillo,Gavin Tucker,2020-12-12,Decision - Unanimous,3,UFC 256: Figueiredo vs. Moreno
Chase Hooper,Peter Barrett,Chase Hooper,2020-12-12,Submission,3,UFC 256: Figueiredo vs. Moreno
Tecia Pennington,Sam Hughes,Tecia Pennington,2020-12-12,TKO - Doctor's Stoppage,1,UFC 256: Figueiredo vs. Moreno
Ovince Saint Preux,Jamahal Hill,Jamahal Hill,2020-12-05,KO/TKO,2,UFC Fight Night: Hermansson vs. Vettori
Jack Hermansson,Marvin Vettori,Marvin Vettori,2020-12-05,Decision - Unanimous,5,UFC Fight Night: Hermansson vs. Vettori
Gabriel Benitez,Justin Jaynes,Gabriel Benitez,2020-12-05,KO/TKO,1,UFC Fight Night: Hermansson vs. Vettori
Roman Dolidze,John Allan,Roman Dolidze,2020-12-05,Decision - Split,3,UFC Fight Night: Hermansson vs. Vettori
Matt Wiman,Jordan Leavitt,Jordan Leavitt,2020-12-05,KO/TKO,1,UFC Fight Night: Hermansson vs. Vettori
Louis Smolka,Jose Quinonez,Louis Smolka,2020-12-05,KO/TKO,2,UFC Fight Night: Hermansson vs. Vettori
Ilia Topuria,Damon Jackson,Ilia Topuria,2020-12-05,KO/TKO,1,UFC Fight Night: Hermansson vs. Vettori
Gian Villante,Jake Collier,Jake Collier,2020-12-05,Decision - Unanimous,3,UFC Fight Night: Hermansson vs. Vettori
Abdul Razak Alhassan,Khaos Williams,Khaos Williams,2020-11-14,KO/TKO,1,UFC Fight Night: Felder vs. Dos Anjos
Ashley Yoder,Miranda Granger,Ashley Yoder,2020-11-14,Decision - Unanimous,3,UFC Fight Night: Felder vs. Dos Anjos
Paul Felder,Rafael Dos Anjos,Rafael Dos Anjos,2020-11-14,Decision - Split,5,UFC Fight Night: Felder vs. Dos Anjos
Brendan Allen,Sean Strickland,Sean Strickland,2020-11-14,KO/TKO,2,UFC Fight Night: Felder vs. Dos Anjos
Randa Markos,Kanako Murata,Kanako Murata,2020-11-14,Decision - Unanimous,3,UFC Fight Night: Felder vs. Dos Anjos
Geraldo de Freitas,Tony Gravely,Tony Gravely,2020-11-14,Decision - Split,3,UFC Fight Night: Felder vs. Dos Anjos
Kay Hansen,Cory McKenna,Cory McKenna,2020-11-14,Decision - Unanimous,3,UFC Fight Night: Felder vs. Dos Anjos
Alex Morono,Rhys McKee,Alex Morono,2020-11-14,Decision - Unanimous,3,UFC Fight Night: Felder vs. Dos Anjos
Don'Tale Mayes,Roque Martinez,Don'Tale Mayes,2020-11-14,Decision - Unanimous,3,UFC Fight Night: Felder vs. Dos Anjos
Miguel Baeza,Takashi Sato,Miguel Baeza,2020-11-28,Submission,2,UFC Fight Night: Smith vs. Clark
Anthony Smith,Devin Clark,Anthony Smith,2020-11-28,Submission,1,UFC Fight Night: Smith vs. Clark
Josh Parisian,Parker Porter,Parker Porter,2020-11-28,Decision - Unanimous,3,UFC Fight Night: Smith vs. Clark
Spike Carlyle,Bill Algeo,Bill Algeo,2020-11-28,Decision - Unanimous,3,UFC Fight Night: Smith vs. Clark
Jonathan Pearce,Kai Kamaka,Jonathan Pearce,2020-11-28,KO/TKO,2,UFC Fight Night: Smith vs. Clark
Ashlee Evans-Smith,Norma Dumont,Norma Dumont,2020-11-28,Decision - Unanimous,3,UFC Fight Night: Smith vs. Clark
Martin Day,Anderson Dos Santos,Anderson Dos Santos,2020-11-28,Submission,1,UFC Fight Night: Smith vs. Clark
Gina Mazany,Rachael Ostovich,Gina Mazany,2020-11-28,KO/TKO,3,UFC Fight Night: Smith vs. Clark
Sumudaerji,Malcolm Gordon,Sumudaerji,2020-11-28,KO/TKO,1,UFC Fight Night: Smith vs. Clark
Luke Sanders,Nate Maness,Nate Maness,2020-11-28,Submission,2,UFC Fight Night: Smith vs. Clark
Deiveson Figueiredo,Alex Perez,Deiveson Figueiredo,2020-11-21,Submission,1,UFC 255: Figueiredo vs. Perez
Valentina Shevchenko,Jennifer Maia,Valentina Shevchenko,2020-11-21,Decision - Unanimous,5,UFC 255: Figueiredo vs. Perez
Mike Perry,Tim Means,Tim Means,2020-11-21,Decision - Unanimous,3,UFC 255: Figueiredo vs. Perez
Brandon Moreno,Brandon Royval,Brandon Moreno,2020-11-21,KO/TKO,1,UFC 255: Figueiredo vs. Perez
Mauricio Rua,Paul Craig,Paul Craig,2020-11-21,KO/TKO,2,UFC 255: Figueiredo vs. Perez
Katlyn Cerminara,Cynthia Calvillo,Katlyn Cerminara,2020-11-21,Decision - Unanimous,3,UFC 255: Figueiredo vs. Perez
Joaquin Buckley,Jordan Wright,Joaquin Buckley,2020-11-21,KO/TKO,2,UFC 255: Figueiredo vs. Perez
Antonina Shevchenko,Ariane da Silva,Antonina Shevchenko,2020-11-21,KO/TKO,2,UFC 255: Figueiredo vs. Perez
Daniel Rodriguez,Nicolas Dalby,Nicolas Dalby,2020-11-21,Decision - Unanimous,3,UFC 255: Figueiredo vs. Perez
Alan Jouban,Jared Gooden,Alan Jouban,2020-11-21,Decision - Unanimous,3,UFC 255: Figueiredo vs. Perez
Kyle Daukaus,Dustin Stoltzfus,Kyle Daukaus,2020-11-21,Decision - Unanimous,3,UFC 255: Figueiredo vs. Perez
Louis Cosce,Sasha Palatnikov,Sasha Palatnikov,2020-11-21,KO/TKO,3,UFC 255: Figueiredo vs. Perez
Andrei Arlovski,Tanner Boser,Andrei Arlovski,2020-11-07,Decision - Unanimous,3,UFC Fight Night: Santos vs. Teixeira
Thiago Santos,Glover Teixeira,Glover Teixeira,2020-11-07,Submission,3,UFC Fight Night: Santos vs. Teixeira
Raoni Barcelos,Khalid Taha,Raoni Barcelos,2020-11-07,Decision - Unanimous,3,UFC Fight Night: Santos vs. Teixeira
Giga Chikadze,Jamey Simmons,Giga Chikadze,2020-11-07,KO/TKO,1,UFC Fight Night: Santos vs. Teixeira
Trevin Giles,Bevon Lewis,Trevin Giles,2020-11-07,KO/TKO,3,UFC Fight Night: Santos vs. Teixeira
Alexandr Romanov,Marcos Rogerio de Lima,Alexandr Romanov,2020-11-07,Submission,1,UFC Fight Night: Santos vs. Teixeira
Claudia Gadelha,Yan Xiaonan,Yan Xiaonan,2020-11-07,Decision - Unanimous,3,UFC Fight Night: Santos vs. Teixeira
Gustavo Lopez,Anthony Birchak,Gustavo Lopez,2020-11-07,Submission,1,UFC Fight Night: Santos vs. Teixeira
Max Griffin,Ramiz Brahimaj,Max Griffin,2020-11-07,KO/TKO,3,UFC Fight Night: Santos vs. Teixeira
Darren Elkins,Eduardo Garagorri,Darren Elkins,2020-11-07,Submission,3,UFC Fight Night: Santos vs. Teixeira
Maurice Greene,Greg Hardy,Greg Hardy,2020-10-31,KO/TKO,2,UFC Fight Night: Hall vs. Silva
Uriah Hall,Anderson Silva,Uriah Hall,2020-10-31,KO/TKO,4,UFC Fight Night: Hall vs. Silva
Bryce Mitchell,Andre Fili,Bryce Mitchell,2020-10-31,Decision - Unanimous,3,UFC Fight Night: Hall vs. Silva
Kevin Holland,Charlie Ontiveros,Kevin Holland,2020-10-31,Submission,1,UFC Fight Night: Hall vs. Silva
King Green,Thiago Moises,Thiago Moises,2020-10-31,Decision - Unanimous,3,UFC Fight Night: Hall vs. Silva
Chris Gruetzemacher,Alexander Hernandez,Alexander Hernandez,2020-10-31,KO/TKO,1,UFC Fight Night: Hall vs. Silva
Adrian Yanez,Victor Rodriguez,Adrian Yanez,2020-10-31,KO/TKO,1,UFC Fight Night: Hall vs. Silva
Sean Strickland,Jack Marshman,Sean Strickland,2020-10-31,Decision - Unanimous,3,UFC Fight Night: Hall vs. Silva
Cole Williams,Jason Witt,Jason Witt,2020-10-31,Submission,2,UFC Fight Night: Hall vs. Silva
Dustin Jacoby,Justin Ledet,Dustin Jacoby,2020-10-31,KO/TKO,1,UFC Fight Night: Hall vs. Silva
Brian Ortega,Chan Sung Jung,Brian Ortega,2020-10-17,Decision - Unanimous,5,UFC Fight Night: Ortega vs. The Korean Zombie
Miles Johns,Kevin Natividad,Miles Johns,2020-10-31,KO/TKO,3,UFC Fight Night: Hall vs. Silva
Katlyn Cerminara,Jessica Andrade,Jessica Andrade,2020-10-17,KO/TKO,1,UFC Fight Night: Ortega vs. The Korean Zombie
Jimmy Crute,Modestas Bukauskas,Jimmy Crute,2020-10-17,KO/TKO,1,UFC Fight Night: Ortega vs. The Korean Zombie
Claudio Silva,James Krause,James Krause,2020-10-17,Decision - Unanimous,3,UFC Fight Night: Ortega vs. The Korean Zombie
Thomas Almeida,Jonathan Martinez,Jonathan Martinez,2020-10-17,Decision - Unanimous,3,UFC Fight Night: Ortega vs. The Korean Zombie
Mateusz Gamrot,Guram Kutateladze,Guram Kutateladze,2020-10-17,Decision - Split,3,UFC Fight Night: Ortega vs. The Korean Zombie
Gillian Robertson,Poliana Botelho,Gillian Robertson,2020-10-17,Decision - Unanimous,3,UFC Fight Night: Ortega vs. The Korean Zombie
Jamie Mullarkey,Fares Ziam,Fares Ziam,2020-10-17,Decision - Unanimous,3,UFC Fight Night: Ortega vs. The Korean Zombie
JunYong Park,John Phillips,JunYong Park,2020-10-17,Decision - Unanimous,3,UFC Fight Night: Ortega vs. The Korean Zombie
Said Nurmagomedov,Mark Striegl,Said Nurmagomedov,2020-10-17,KO/TKO,1,UFC Fight Night: Ortega vs. The Korean Zombie
Gadzhimurad Antigulov,Maxim Grishin,Maxim Grishin,2020-10-17,KO/TKO,2,UFC Fight Night: Ortega vs. The Korean Zombie
Khabib Nurmagomedov,Justin Gaethje,Khabib Nurmagomedov,2020-10-24,Submission,2,UFC 254: Khabib vs. Gaethje
Alexander Volkov,Walt Harris,Alexander Volkov,2020-10-24,KO/TKO,2,UFC 254: Khabib vs. Gaethje
Robert Whittaker,Jared Cannonier,Robert Whittaker,2020-10-24,Decision - Unanimous,3,UFC 254: Khabib vs. Gaethje
Jacob Malkoun,Phil Hawes,Phil Hawes,2020-10-24,KO/TKO,1,UFC 254: Khabib vs. Gaethje
Magomed Ankalaev,Ion Cutelaba,Magomed Ankalaev,2020-10-24,KO/TKO,1,UFC 254: Khabib vs. Gaethje
Lauren Murphy,Liliya Shakirova,Lauren Murphy,2020-10-24,Submission,2,UFC 254: Khabib vs. Gaethje
Stefan Struve,Tai Tuivasa,Tai Tuivasa,2020-10-24,KO/TKO,1,UFC 254: Khabib vs. Gaethje
Nathaniel Wood,Casey Kenney,Casey Kenney,2020-10-24,Decision - Unanimous,3,UFC 254: Khabib vs. Gaethje
Alex Oliveira,Shavkat Rakhmonov,Shavkat Rakhmonov,2020-10-24,Submission,1,UFC 254: Khabib vs. Gaethje
Liana Jojua,Miranda Maverick,Miranda Maverick,2020-10-24,TKO - Doctor's Stoppage,1,UFC 254: Khabib vs. Gaethje
Joel Alvarez,Alexander Yakovlev,Joel Alvarez,2020-10-24,Submission,1,UFC 254: Khabib vs. Gaethje
Marlon Moraes,Cory Sandhagen,Cory Sandhagen,2020-10-10,KO/TKO,2,UFC Fight Night: Moraes vs. Sandhagen
Markus Perez,Dricus Du Plessis,Dricus Du Plessis,2020-10-10,KO/TKO,1,UFC Fight Night: Moraes vs. Sandhagen
Edson Barboza,Makwan Amirkhani,Edson Barboza,2020-10-10,Decision - Unanimous,3,UFC Fight Night: Moraes vs. Sandhagen
Ben Rothwell,Marcin Tybura,Marcin Tybura,2020-10-10,Decision - Unanimous,3,UFC Fight Night: Moraes vs. Sandhagen
Tom Aspinall,Alan Baudot,Tom Aspinall,2020-10-10,KO/TKO,1,UFC Fight Night: Moraes vs. Sandhagen
Youssef Zalal,Ilia Topuria,Ilia Topuria,2020-10-10,Decision - Unanimous,3,UFC Fight Night: Moraes vs. Sandhagen
Tom Breese,KB Bhullar,Tom Breese,2020-10-10,KO/TKO,1,UFC Fight Night: Moraes vs. Sandhagen
Chris Daukaus,Rodrigo Nascimento,Chris Daukaus,2020-10-10,KO/TKO,1,UFC Fight Night: Moraes vs. Sandhagen
Impa Kasanganay,Joaquin Buckley,Joaquin Buckley,2020-10-10,KO/TKO,2,UFC Fight Night: Moraes vs. Sandhagen
Giga Chikadze,Omar Morales,Giga Chikadze,2020-10-10,Decision - Unanimous,3,UFC Fight Night: Moraes vs. Sandhagen
Ali AlQaisi,Tony Kelley,Tony Kelley,2020-10-10,Decision - Unanimous,3,UFC Fight Night: Moraes vs. Sandhagen
Tracy Cortez,Stephanie Egger,Tracy Cortez,2020-10-10,Decision - Unanimous,3,UFC Fight Night: Moraes vs. Sandhagen
Bruno Silva,Tagir Ulanbekov,Tagir Ulanbekov,2020-10-10,Decision - Unanimous,3,UFC Fight Night: Moraes vs. Sandhagen
Israel Adesanya,Paulo Costa,Israel Adesanya,2020-09-26,KO/TKO,2,UFC 253: Adesanya vs. Costa
Dominick Reyes,Jan Blachowicz,Jan Blachowicz,2020-09-26,KO/TKO,2,UFC 253: Adesanya vs. Costa
Kai Kara-France,Brandon Royval,Brandon Royval,2020-09-26,Submission,2,UFC 253: Adesanya vs. Costa
Ketlen Vieira,Sijara Eubanks,Ketlen Vieira,2020-09-26,Decision - Unanimous,3,UFC 253: Adesanya vs. Costa
Hakeem Dawodu,Zubaira Tukhugov,Hakeem Dawodu,2020-09-26,Decision - Split,3,UFC 253: Adesanya vs. Costa
Brad Riddell,Alex Da Silva,Brad Riddell,2020-09-26,Decision - Unanimous,3,UFC 253: Adesanya vs. Costa
Diego Sanchez,Jake Matthews,Jake Matthews,2020-09-26,Decision - Unanimous,3,UFC 253: Adesanya vs. Costa
Shane Young,Ludovit Klein,Ludovit Klein,2020-09-26,KO/TKO,1,UFC 253: Adesanya vs. Costa
Juan Espino,Jeff Hughes,Juan Espino,2020-09-26,Submission,1,UFC 253: Adesanya vs. Costa
William Knight,Aleksa Camur,William Knight,2020-09-26,Decision - Unanimous,3,UFC 253: Adesanya vs. Costa
Khadis Ibragimov,Danilo Marques,Danilo Marques,2020-09-26,Decision - Unanimous,3,UFC 253: Adesanya vs. Costa
Yorgan De Castro,Carlos Felipe,Carlos Felipe,2020-10-03,Decision - Unanimous,3,UFC Fight Night: Holm vs. Aldana
Germaine de Randamie,Julianna Pena,Germaine de Randamie,2020-10-03,Submission,3,UFC Fight Night: Holm vs. Aldana
Holly Holm,Irene Aldana,Holly Holm,2020-10-03,Decision - Unanimous,5,UFC Fight Night: Holm vs. Aldana
Kyler Phillips,Cameron Else,Kyler Phillips,2020-10-03,KO/TKO,2,UFC Fight Night: Holm vs. Aldana
Carlos Condit,Court McGee,Carlos Condit,2020-10-03,Decision - Unanimous,3,UFC Fight Night: Holm vs. Aldana
Dequan Townsend,Dusko Todorovic,Dusko Todorovic,2020-10-03,KO/TKO,2,UFC Fight Night: Holm vs. Aldana
Casey Kenney,Alatengheili,Casey Kenney,2020-10-03,Decision - Unanimous,3,UFC Fight Night: Holm vs. Aldana
Jordan Williams,Nassourdine Imavov,Nassourdine Imavov,2020-10-03,Decision - Unanimous,3,UFC Fight Night: Holm vs. Aldana
Loma Lookboonmee,Jinh Yu Frey,Loma Lookboonmee,2020-10-03,Decision - Unanimous,3,UFC Fight Night: Holm vs. Aldana
Khamzat Chimaev,Gerald Meerschaert,Khamzat Chimaev,2020-09-19,KO/TKO,1,UFC Fight Night: Covington vs. Woodley
Johnny Walker,Ryan Spann,Johnny Walker,2020-09-19,KO/TKO,1,UFC Fight Night: Covington vs. Woodley
Mackenzie Dern,Randa Markos,Mackenzie Dern,2020-09-19,Submission,1,UFC Fight Night: Covington vs. Woodley
Kevin Holland,Darren Stewart,Kevin Holland,2020-09-19,Decision - Split,3,UFC Fight Night: Covington vs. Woodley
Luigi Vendramini,Jessin Ayari,Luigi Vendramini,2020-10-03,KO/TKO,1,UFC Fight Night: Holm vs. Aldana
Jordan Espinosa,David Dvorak,David Dvorak,2020-09-19,Decision - Unanimous,3,UFC Fight Night: Covington vs. Woodley
Colby Covington,Tyron Woodley,Colby Covington,2020-09-19,KO/TKO,5,UFC Fight Night: Covington vs. Woodley
Mirsad Bektic,Damon Jackson,Damon Jackson,2020-09-19,Submission,3,UFC Fight Night: Covington vs. Woodley
Mayra Bueno Silva,Mara Romero Borella,Mayra Bueno Silva,2020-09-19,Submission,1,UFC Fight Night: Covington vs. Woodley
Jessica-Rose Clark,Sarah Alpar,Jessica-Rose Clark,2020-09-19,KO/TKO,3,UFC Fight Night: Covington vs. Woodley
Darrick Minner,TJ Laramie,Darrick Minner,2020-09-19,Submission,1,UFC Fight Night: Covington vs. Woodley
Journey Newson,Randy Costa,Randy Costa,2020-09-19,KO/TKO,1,UFC Fight Night: Covington vs. Woodley
Andre Ewell,Irwin Rivera,Andre Ewell,2020-09-19,Decision - Split,3,UFC Fight Night: Covington vs. Woodley
Tyson Nam,Jerome Rivera,Tyson Nam,2020-09-19,KO/TKO,2,UFC Fight Night: Covington vs. Woodley
Alistair Overeem,Augusto Sakai,Alistair Overeem,2020-09-05,KO/TKO,5,UFC Fight Night: Overeem vs. Sakai
Andre Muniz,Bartosz Fabinski,Andre Muniz,2020-09-05,Submission,1,UFC Fight Night: Overeem vs. Sakai
Michel Pereira,Zelim Imadaev,Michel Pereira,2020-09-05,Submission,3,UFC Fight Night: Overeem vs. Sakai
Ovince Saint Preux,Alonzo Menifield,Ovince Saint Preux,2020-09-05,KO/TKO,2,UFC Fight Night: Overeem vs. Sakai
Viviane Araujo,Montana De La Rosa,Viviane Araujo,2020-09-05,Decision - Unanimous,3,UFC Fight Night: Overeem vs. Sakai
Cole Smith,Hunter Azure,Hunter Azure,2020-09-05,Decision - Unanimous,3,UFC Fight Night: Overeem vs. Sakai
Michelle Waterson-Gomez,Angela Hill,Michelle Waterson-Gomez,2020-09-12,Decision - Split,5,UFC Fight Night: Waterson vs. Hill
Ottman Azaitar,Khama Worthy,Ottman Azaitar,2020-09-12,KO/TKO,1,UFC Fight Night: Waterson vs. Hill
Brian Kelleher,Ray Rodriguez,Brian Kelleher,2020-09-05,Submission,1,UFC Fight Night: Overeem vs. Sakai
Roxanne Modafferi,Andrea Lee,Roxanne Modafferi,2020-09-12,Decision - Unanimous,3,UFC Fight Night: Waterson vs. Hill
Billy Quarantillo,Kyle Nelson,Billy Quarantillo,2020-09-12,KO/TKO,3,UFC Fight Night: Waterson vs. Hill
Ed Herman,Mike Rodriguez,Ed Herman,2020-09-12,Submission,3,UFC Fight Night: Waterson vs. Hill
Julia Avila,Sijara Eubanks,Sijara Eubanks,2020-09-12,Decision - Unanimous,3,UFC Fight Night: Waterson vs. Hill
King Green,Alan Patrick,King Green,2020-09-12,Decision - Unanimous,3,UFC Fight Night: Waterson vs. Hill
Brok Weaver,Jalin Turner,Jalin Turner,2020-09-12,Submission,2,UFC Fight Night: Waterson vs. Hill
Alexandr Romanov,Roque Martinez,Alexandr Romanov,2020-09-12,Submission,2,UFC Fight Night: Waterson vs. Hill
Sabina Mazo,Justine Kish,Sabina Mazo,2020-09-12,Submission,3,UFC Fight Night: Waterson vs. Hill
Bryan Barberena,Anthony Ivy,Bryan Barberena,2020-09-12,Decision - Unanimous,3,UFC Fight Night: Waterson vs. Hill
Anthony Smith,Aleksandar Rakic,Aleksandar Rakic,2020-08-29,Decision - Unanimous,3,UFC Fight Night: Smith vs. Rakic
Ji Yeon Kim,Alexa Grasso,Alexa Grasso,2020-08-29,Decision - Unanimous,3,UFC Fight Night: Smith vs. Rakic
Robbie Lawler,Neil Magny,Neil Magny,2020-08-29,Decision - Unanimous,3,UFC Fight Night: Smith vs. Rakic
Ricardo Lamas,Bill Algeo,Ricardo Lamas,2020-08-29,Decision - Unanimous,3,UFC Fight Night: Smith vs. Rakic
Maki Pitolo,Impa Kasanganay,Impa Kasanganay,2020-08-29,Decision - Unanimous,3,UFC Fight Night: Smith vs. Rakic
Alessio Di Chirico,Zak Cummings,Zak Cummings,2020-08-29,Decision - Unanimous,3,UFC Fight Night: Smith vs. Rakic
Sean Brady,Christian Aguilera,Sean Brady,2020-08-29,Submission,2,UFC Fight Night: Smith vs. Rakic
Alex Caceres,Austin Springer,Alex Caceres,2020-08-29,Submission,1,UFC Fight Night: Smith vs. Rakic
Mallory Martin,Hannah Cifers,Mallory Martin,2020-08-29,Submission,2,UFC Fight Night: Smith vs. Rakic
Pedro Munhoz,Frankie Edgar,Frankie Edgar,2020-08-22,Decision - Split,5,UFC Fight Night: Munhoz vs. Edgar
Polyana Viana,Emily Whitmire,Polyana Viana,2020-08-29,Submission,1,UFC Fight Night: Smith vs. Rakic
Marcin Prachnio,Mike Rodriguez,Mike Rodriguez,2020-08-22,KO/TKO,1,UFC Fight Night: Munhoz vs. Edgar
Austin Hubbard,Joe Solecki,Joe Solecki,2020-08-22,Submission,1,UFC Fight Night: Munhoz vs. Edgar
Daniel Rodriguez,Dwight Grant,Daniel Rodriguez,2020-08-22,KO/TKO,1,UFC Fight Night: Munhoz vs. Edgar
Mariya Agapova,Shana Dobson,Shana Dobson,2020-08-22,KO/TKO,2,UFC Fight Night: Munhoz vs. Edgar
Amanda Lemos,Mizuki,Amanda Lemos,2020-08-22,Decision - Unanimous,3,UFC Fight Night: Munhoz vs. Edgar
Ike Villanueva,Jordan Wright,Jordan Wright,2020-08-22,TKO - Doctor's Stoppage,1,UFC Fight Night: Munhoz vs. Edgar
Carlton Minus,Matthew Semelsberger,Matthew Semelsberger,2020-08-22,Decision - Unanimous,3,UFC Fight Night: Munhoz vs. Edgar
Sean O'Malley,Marlon Vera,Marlon Vera,2020-08-15,KO/TKO,1,UFC 252: Miocic vs. Cormier 3
Stipe Miocic,Daniel Cormier,Stipe Miocic,2020-08-15,Decision - Unanimous,5,UFC 252: Miocic vs. Cormier 3
Junior Dos Santos,Jairzinho Rozenstruik,Jairzinho Rozenstruik,2020-08-15,KO/TKO,2,UFC 252: Miocic vs. Cormier 3
Herbert Burns,Daniel Pineda,Daniel Pineda,2020-08-15,KO/TKO,2,UFC 252: Miocic vs. Cormier 3
Jim Miller,Vinc Pichel,Vinc Pichel,2020-08-15,Decision - Unanimous,3,UFC 252: Miocic vs. Cormier 3
John Dodson,Merab Dvalishvili,Merab Dvalishvili,2020-08-15,Decision - Unanimous,3,UFC 252: Miocic vs. Cormier 3
Felice Herrig,Virna Jandiroba,Virna Jandiroba,2020-08-15,Submission,1,UFC 252: Miocic vs. Cormier 3
Ashley Yoder,Livinha Souza,Livinha Souza,2020-08-15,Decision - Unanimous,3,UFC 252: Miocic vs. Cormier 3
Chris Daukaus,Parker Porter,Chris Daukaus,2020-08-15,KO/TKO,1,UFC 252: Miocic vs. Cormier 3
TJ Brown,Danny Chavez,Danny Chavez,2020-08-15,Decision - Unanimous,3,UFC 252: Miocic vs. Cormier 3
Kai Kamaka,Tony Kelley,Kai Kamaka,2020-08-15,Decision - Unanimous,3,UFC 252: Miocic vs. Cormier 3
Derrick Lewis,Aleksei Oleinik,Derrick Lewis,2020-08-08,KO/TKO,2,UFC Fight Night: Lewis vs. Oleinik
Omari Akhmedov,Chris Weidman,Chris Weidman,2020-08-08,Decision - Unanimous,3,UFC Fight Night: Lewis vs. Oleinik
Maki Pitolo,Darren Stewart,Darren Stewart,2020-08-08,Submission,1,UFC Fight Night: Lewis vs. Oleinik
Yana Santos,Julija Stoliarenko,Yana Santos,2020-08-08,Decision - Unanimous,3,UFC Fight Night: Lewis vs. Oleinik
Beneil Dariush,Scott Holtzman,Beneil Dariush,2020-08-08,KO/TKO,1,UFC Fight Night: Lewis vs. Oleinik
Kevin Holland,Joaquin Buckley,Kevin Holland,2020-08-08,KO/TKO,3,UFC Fight Night: Lewis vs. Oleinik
Tim Means,Laureano Staropoli,Tim Means,2020-08-08,Decision - Unanimous,3,UFC Fight Night: Lewis vs. Oleinik
Nasrat Haqparast,Alexander Munoz,Nasrat Haqparast,2020-08-08,Decision - Unanimous,3,UFC Fight Night: Lewis vs. Oleinik
Andrew Sanchez,Wellington Turman,Andrew Sanchez,2020-08-08,KO/TKO,1,UFC Fight Night: Lewis vs. Oleinik
Gavin Tucker,Justin Jaynes,Gavin Tucker,2020-08-08,Submission,3,UFC Fight Night: Lewis vs. Oleinik
Youssef Zalal,Peter Barrett,Youssef Zalal,2020-08-08,Decision - Unanimous,3,UFC Fight Night: Lewis vs. Oleinik
Irwin Rivera,Ali AlQaisi,Irwin Rivera,2020-08-08,Decision - Split,3,UFC Fight Night: Lewis vs. Oleinik
Joanne Wood,Jennifer Maia,Jennifer Maia,2020-08-01,Submission,1,UFC Fight Night: Brunson vs. Shahbazyan
Derek Brunson,Edmen Shahbazyan,Derek Brunson,2020-08-01,KO/TKO,3,UFC Fight Night: Brunson vs. Shahbazyan
Vicente Luque,Randy Brown,Vicente Luque,2020-08-01,KO/TKO,2,UFC Fight Night: Brunson vs. Shahbazyan
Lando Vannata,King Green,King Green,2020-08-01,Decision - Unanimous,3,UFC Fight Night: Brunson vs. Shahbazyan
Frankie Saenz,Jonathan Martinez,Jonathan Martinez,2020-08-01,KO/TKO,3,UFC Fight Night: Brunson vs. Shahbazyan
Johnny Munoz,Nate Maness,Nate Maness,2020-08-01,Decision - Unanimous,3,UFC Fight Night: Brunson vs. Shahbazyan
Jamall Emmers,Vince Cachero,Jamall Emmers,2020-08-01,Decision - Unanimous,3,UFC Fight Night: Brunson vs. Shahbazyan
Robert Whittaker,Darren Till,Robert Whittaker,2020-07-25,Decision - Unanimous,5,UFC Fight Night: Whittaker vs. Till
Mauricio Rua,Rogerio Nogueira,Mauricio Rua,2020-07-25,Decision - Split,3,UFC Fight Night: Whittaker vs. Till
Fabricio Werdum,Alexander Gustafsson,Fabricio Werdum,2020-07-25,Submission,1,UFC Fight Night: Whittaker vs. Till
Carla Esparza,Marina Rodriguez,Carla Esparza,2020-07-25,Decision - Split,3,UFC Fight Night: Whittaker vs. Till
Paul Craig,Gadzhimurad Antigulov,Paul Craig,2020-07-25,Submission,1,UFC Fight Night: Whittaker vs. Till
Khamzat Chimaev,Rhys McKee,Khamzat Chimaev,2020-07-25,KO/TKO,1,UFC Fight Night: Whittaker vs. Till
Alex Oliveira,Peter Sobotta,Alex Oliveira,2020-07-25,Decision - Unanimous,3,UFC Fight Night: Whittaker vs. Till
Francisco Trinaldo,Jai Herbert,Francisco Trinaldo,2020-07-25,KO/TKO,3,UFC Fight Night: Whittaker vs. Till
Tom Aspinall,Jake Collier,Tom Aspinall,2020-07-25,KO/TKO,1,UFC Fight Night: Whittaker vs. Till
Movsar Evloev,Mike Grundy,Movsar Evloev,2020-07-25,Decision - Unanimous,3,UFC Fight Night: Whittaker vs. Till
Tanner Boser,Raphael Pessoa,Tanner Boser,2020-07-25,KO/TKO,2,UFC Fight Night: Whittaker vs. Till
Nathaniel Wood,John Castaneda,Nathaniel Wood,2020-07-25,Decision - Unanimous,3,UFC Fight Night: Whittaker vs. Till
Bethe Correia,Pannie Kianzad,Pannie Kianzad,2020-07-25,Decision - Unanimous,3,UFC Fight Night: Whittaker vs. Till
Deiveson Figueiredo,Joseph Benavidez,Deiveson Figueiredo,2020-07-18,Submission,1,UFC Fight Night: Figueiredo vs. Benavidez 2
Jack Hermansson,Kelvin Gastelum,Jack Hermansson,2020-07-18,Submission,1,UFC Fight Night: Figueiredo vs. Benavidez 2
Ramazan Emeev,Niklas Stolze,Ramazan Emeev,2020-07-25,Decision - Unanimous,3,UFC Fight Night: Whittaker vs. Till
Ariane da Silva,Luana Carolina,Ariane da Silva,2020-07-18,Submission,1,UFC Fight Night: Figueiredo vs. Benavidez 2
Marc Diakiese,Rafael Fiziev,Rafael Fiziev,2020-07-18,Decision - Unanimous,3,UFC Fight Night: Figueiredo vs. Benavidez 2
Alexandre Pantoja,Askar Askarov,Askar Askarov,2020-07-18,Decision - Unanimous,3,UFC Fight Night: Figueiredo vs. Benavidez 2
Roman Dolidze,Khadis Ibragimov,Roman Dolidze,2020-07-18,KO/TKO,1,UFC Fight Night: Figueiredo vs. Benavidez 2
Joe Duffy,Joel Alvarez,Joel Alvarez,2020-07-18,Submission,1,UFC Fight Night: Figueiredo vs. Benavidez 2
Grant Dawson,Nad Narimani,Grant Dawson,2020-07-18,Decision - Unanimous,3,UFC Fight Night: Figueiredo vs. Benavidez 2
Malcolm Gordon,Amir Albazi,Amir Albazi,2020-07-18,Submission,1,UFC Fight Night: Figueiredo vs. Benavidez 2
Brett Johns,Montel Jackson,Brett Johns,2020-07-18,Decision - Unanimous,3,UFC Fight Night: Figueiredo vs. Benavidez 2
Davi Ramos,Arman Tsarukyan,Arman Tsarukyan,2020-07-18,Decision - Unanimous,3,UFC Fight Night: Figueiredo vs. Benavidez 2
Carlos Felipe,Serghei Spivac,Serghei Spivac,2020-07-18,Decision - Majority,3,UFC Fight Night: Figueiredo vs. Benavidez 2
Calvin Kattar,Dan Ige,Calvin Kattar,2020-07-15,Decision - Unanimous,5,UFC Fight Night: Kattar vs. Ige
Tim Elliott,Ryan Benoit,Tim Elliott,2020-07-15,Decision - Unanimous,3,UFC Fight Night: Kattar vs. Ige
Jimmie Rivera,Cody Stamann,Jimmie Rivera,2020-07-15,Decision - Unanimous,3,UFC Fight Night: Kattar vs. Ige
John Phillips,Khamzat Chimaev,Khamzat Chimaev,2020-07-15,Submission,2,UFC Fight Night: Kattar vs. Ige
Molly McCann,Taila Santos,Taila Santos,2020-07-15,Decision - Unanimous,3,UFC Fight Night: Kattar vs. Ige
Abdul Razak Alhassan,Mounir Lazzez,Mounir Lazzez,2020-07-15,Decision - Unanimous,3,UFC Fight Night: Kattar vs. Ige
Ricardo Ramos,Lerone Murphy,Lerone Murphy,2020-07-15,KO/TKO,1,UFC Fight Night: Kattar vs. Ige
Modestas Bukauskas,Andreas Michailidis,Modestas Bukauskas,2020-07-15,KO/TKO,1,UFC Fight Night: Kattar vs. Ige
Jared Gordon,Chris Fishgold,Jared Gordon,2020-07-15,Decision - Unanimous,3,UFC Fight Night: Kattar vs. Ige
Diana Belbita,Liana Jojua,Liana Jojua,2020-07-15,Submission,1,UFC Fight Night: Kattar vs. Ige
Jack Shore,Aaron Phillips,Jack Shore,2020-07-15,Submission,2,UFC Fight Night: Kattar vs. Ige
Alexander Volkanovski,Max Holloway,Alexander Volkanovski,2020-07-11,Decision - Split,5,UFC 251: Usman vs. Masvidal
Kamaru Usman,Jorge Masvidal,Kamaru Usman,2020-07-11,Decision - Unanimous,5,UFC 251: Usman vs. Masvidal
Petr Yan,Jose Aldo,Petr Yan,2020-07-11,KO/TKO,5,UFC 251: Usman vs. Masvidal
Amanda Ribas,Paige VanZant,Amanda Ribas,2020-07-11,Submission,1,UFC 251: Usman vs. Masvidal
Jessica Andrade,Rose Namajunas,Rose Namajunas,2020-07-11,Decision - Split,3,UFC 251: Usman vs. Masvidal
Volkan Oezdemir,Jiri Prochazka,Jiri Prochazka,2020-07-11,KO/TKO,2,UFC 251: Usman vs. Masvidal
Elizeu Zaleski dos Santos,Muslim Salikhov,Muslim Salikhov,2020-07-11,Decision - Split,3,UFC 251: Usman vs. Masvidal
Leonardo Santos,Roman Bogatov,Leonardo Santos,2020-07-11,Decision - Unanimous,3,UFC 251: Usman vs. Masvidal
Makwan Amirkhani,Danny Henry,Makwan Amirkhani,2020-07-11,Submission,1,UFC 251: Usman vs. Masvidal
Marcin Tybura,Maxim Grishin,Marcin Tybura,2020-07-11,Decision - Unanimous,3,UFC 251: Usman vs. Masvidal
Raulian Paiva,Zhalgas Zhumagulov,Raulian Paiva,2020-07-11,Decision - Unanimous,3,UFC 251: Usman vs. Masvidal
Martin Day,Davey Grant,Davey Grant,2020-07-11,KO/TKO,3,UFC 251: Usman vs. Masvidal
Karol Rosa,Vanessa Melo,Karol Rosa,2020-07-11,Decision - Unanimous,3,UFC 251: Usman vs. Masvidal
Dustin Poirier,Dan Hooker,Dustin Poirier,2020-06-27,Decision - Unanimous,5,UFC Fight Night: Poirier vs. Hooker
Gian Villante,Maurice Greene,Maurice Greene,2020-06-27,Submission,3,UFC Fight Night: Poirier vs. Hooker
Mike Perry,Mickey Gall,Mike Perry,2020-06-27,Decision - Unanimous,3,UFC Fight Night: Poirier vs. Hooker
Brendan Allen,Kyle Daukaus,Brendan Allen,2020-06-27,Decision - Unanimous,3,UFC Fight Night: Poirier vs. Hooker
Takashi Sato,Jason Witt,Takashi Sato,2020-06-27,KO/TKO,1,UFC Fight Night: Poirier vs. Hooker
Sean Woodson,Julian Erosa,Julian Erosa,2020-06-27,Submission,3,UFC Fight Night: Poirier vs. Hooker
Luis Pena,Khama Worthy,Khama Worthy,2020-06-27,Submission,3,UFC Fight Night: Poirier vs. Hooker
Philipe Lins,Tanner Boser,Tanner Boser,2020-06-27,KO/TKO,1,UFC Fight Night: Poirier vs. Hooker
Kay Hansen,Jinh Yu Frey,Kay Hansen,2020-06-27,Submission,3,UFC Fight Night: Poirier vs. Hooker
Jordan Griffin,Youssef Zalal,Youssef Zalal,2020-06-27,Decision - Unanimous,3,UFC Fight Night: Poirier vs. Hooker
Curtis Blaydes,Alexander Volkov,Curtis Blaydes,2020-06-20,Decision - Unanimous,5,UFC Fight Night: Blaydes vs. Volkov
Josh Emmett,Shane Burgos,Josh Emmett,2020-06-20,Decision - Unanimous,3,UFC Fight Night: Blaydes vs. Volkov
Raquel Pennington,Marion Reneau,Raquel Pennington,2020-06-20,Decision - Unanimous,3,UFC Fight Night: Blaydes vs. Volkov
Jim Miller,Roosevelt Roberts,Jim Miller,2020-06-20,Submission,1,UFC Fight Night: Blaydes vs. Volkov
Belal Muhammad,Lyman Good,Belal Muhammad,2020-06-20,Decision - Unanimous,3,UFC Fight Night: Blaydes vs. Volkov
Clay Guida,King Green,King Green,2020-06-20,Decision - Unanimous,3,UFC Fight Night: Blaydes vs. Volkov
Tecia Pennington,Brianna Fortino,Tecia Pennington,2020-06-20,Decision - Unanimous,3,UFC Fight Night: Blaydes vs. Volkov
Cortney Casey,Gillian Robertson,Gillian Robertson,2020-06-20,Submission,3,UFC Fight Night: Blaydes vs. Volkov
Frank Camacho,Justin Jaynes,Justin Jaynes,2020-06-20,KO/TKO,1,UFC Fight Night: Blaydes vs. Volkov
Roxanne Modafferi,Lauren Murphy,Lauren Murphy,2020-06-20,Decision - Unanimous,3,UFC Fight Night: Blaydes vs. Volkov
Austin Hubbard,Max Rohskopf,Austin Hubbard,2020-06-20,TKO - Doctor's Stoppage,2,UFC Fight Night: Blaydes vs. Volkov
Jessica Eye,Cynthia Calvillo,Cynthia Calvillo,2020-06-13,Decision - Unanimous,5,UFC Fight Night: Eye vs. Calvillo
Karl Roberson,Marvin Vettori,Marvin Vettori,2020-06-13,Submission,1,UFC Fight Night: Eye vs. Calvillo
Charles Rosa,Kevin Aguilar,Charles Rosa,2020-06-13,Decision - Split,3,UFC Fight Night: Eye vs. Calvillo
Andre Fili,Charles Jourdain,Andre Fili,2020-06-13,Decision - Split,3,UFC Fight Night: Eye vs. Calvillo
Jordan Espinosa,Mark De La Rosa,Jordan Espinosa,2020-06-13,Decision - Unanimous,3,UFC Fight Night: Eye vs. Calvillo
Mariya Agapova,Hannah Cifers,Mariya Agapova,2020-06-13,Submission,1,UFC Fight Night: Eye vs. Calvillo
Merab Dvalishvili,Gustavo Lopez,Merab Dvalishvili,2020-06-13,Decision - Unanimous,3,UFC Fight Night: Eye vs. Calvillo
Julia Avila,Gina Mazany,Julia Avila,2020-06-13,KO/TKO,1,UFC Fight Night: Eye vs. Calvillo
Tyson Nam,Zarrukh Adashev,Tyson Nam,2020-06-13,KO/TKO,1,UFC Fight Night: Eye vs. Calvillo
Anthony Ivy,Christian Aguilera,Christian Aguilera,2020-06-13,KO/TKO,1,UFC Fight Night: Eye vs. Calvillo
Tyron Woodley,Gilbert Burns,Gilbert Burns,2020-05-30,Decision - Unanimous,5,UFC Fight Night: Woodley vs. Burns
Billy Quarantillo,Spike Carlyle,Billy Quarantillo,2020-05-30,Decision - Unanimous,3,UFC Fight Night: Woodley vs. Burns
Blagoy Ivanov,Augusto Sakai,Augusto Sakai,2020-05-30,Decision - Split,3,UFC Fight Night: Woodley vs. Burns
Mackenzie Dern,Hannah Cifers,Mackenzie Dern,2020-05-30,Submission,1,UFC Fight Night: Woodley vs. Burns
Roosevelt Roberts,Brok Weaver,Roosevelt Roberts,2020-05-30,Submission,2,UFC Fight Night: Woodley vs. Burns
Katlyn Cerminara,Antonina Shevchenko,Katlyn Cerminara,2020-05-30,Decision - Unanimous,3,UFC Fight Night: Woodley vs. Burns
Tim Elliott,Brandon Royval,Brandon Royval,2020-05-30,Submission,2,UFC Fight Night: Woodley vs. Burns
Daniel Rodriguez,Gabe Green,Daniel Rodriguez,2020-05-30,Decision - Unanimous,3,UFC Fight Night: Woodley vs. Burns
Louis Smolka,Casey Kenney,Casey Kenney,2020-05-30,Submission,1,UFC Fight Night: Woodley vs. Burns
Chris Gutierrez,Vince Morales,Chris Gutierrez,2020-05-30,KO/TKO,2,UFC Fight Night: Woodley vs. Burns
Amanda Nunes,Felicia Spencer,Amanda Nunes,2020-06-06,Decision - Unanimous,5,UFC 250: Nunes vs. Spencer
Aljamain Sterling,Cory Sandhagen,Aljamain Sterling,2020-06-06,Submission,1,UFC 250: Nunes vs. Spencer
Raphael Assuncao,Cody Garbrandt,Cody Garbrandt,2020-06-06,KO/TKO,2,UFC 250: Nunes vs. Spencer
Eddie Wineland,Sean O'Malley,Sean O'Malley,2020-06-06,KO/TKO,1,UFC 250: Nunes vs. Spencer
Neil Magny,Anthony Rocco Martin,Neil Magny,2020-06-06,Decision - Unanimous,3,UFC 250: Nunes vs. Spencer
Ian Heinisch,Gerald Meerschaert,Ian Heinisch,2020-06-06,KO/TKO,1,UFC 250: Nunes vs. Spencer
Cody Stamann,Brian Kelleher,Cody Stamann,2020-06-06,Decision - Unanimous,3,UFC 250: Nunes vs. Spencer
Alex Caceres,Chase Hooper,Alex Caceres,2020-06-06,Decision - Unanimous,3,UFC 250: Nunes vs. Spencer
Charles Byrd,Maki Pitolo,Maki Pitolo,2020-06-06,KO/TKO,2,UFC 250: Nunes vs. Spencer
Jussier Formiga,Alex Perez,Alex Perez,2020-06-06,KO/TKO,1,UFC 250: Nunes vs. Spencer
Alonzo Menifield,Devin Clark,Devin Clark,2020-06-06,Decision - Unanimous,3,UFC 250: Nunes vs. Spencer
Evan Dunham,Herbert Burns,Herbert Burns,2020-06-06,Submission,1,UFC 250: Nunes vs. Spencer
Claudia Gadelha,Angela Hill,Claudia Gadelha,2020-05-16,Decision - Split,3,UFC Fight Night: Overeem vs. Harris
Alistair Overeem,Walt Harris,Alistair Overeem,2020-05-16,KO/TKO,2,UFC Fight Night: Overeem vs. Harris
Dan Ige,Edson Barboza,Dan Ige,2020-05-16,Decision - Split,3,UFC Fight Night: Overeem vs. Harris
Eryk Anders,Krzysztof Jotko,Krzysztof Jotko,2020-05-16,Decision - Unanimous,3,UFC Fight Night: Overeem vs. Harris
Song Yadong,Marlon Vera,Song Yadong,2020-05-16,Decision - Unanimous,3,UFC Fight Night: Overeem vs. Harris
Matt Brown,Miguel Baeza,Miguel Baeza,2020-05-16,KO/TKO,2,UFC Fight Night: Overeem vs. Harris
Giga Chikadze,Irwin Rivera,Giga Chikadze,2020-05-16,Decision - Unanimous,3,UFC Fight Night: Overeem vs. Harris
Anthony Hernandez,Kevin Holland,Kevin Holland,2020-05-16,KO/TKO,1,UFC Fight Night: Overeem vs. Harris
Darren Elkins,Nate Landwehr,Nate Landwehr,2020-05-16,Decision - Unanimous,3,UFC Fight Night: Overeem vs. Harris
Rodrigo Nascimento,Don'Tale Mayes,Rodrigo Nascimento,2020-05-16,Submission,2,UFC Fight Night: Overeem vs. Harris
Cortney Casey,Mara Romero Borella,Cortney Casey,2020-05-16,Submission,1,UFC Fight Night: Overeem vs. Harris
Anthony Smith,Glover Teixeira,Glover Teixeira,2020-05-13,KO/TKO,5,UFC Fight Night: Smith vs. Teixeira
Ben Rothwell,Ovince Saint Preux,Ben Rothwell,2020-05-13,Decision - Split,3,UFC Fight Night: Smith vs. Teixeira
Ricky Simon,Ray Borg,Ricky Simon,2020-05-13,Decision - Split,3,UFC Fight Night: Smith vs. Teixeira
Andrei Arlovski,Philipe Lins,Andrei Arlovski,2020-05-13,Decision - Unanimous,3,UFC Fight Night: Smith vs. Teixeira
Alexander Hernandez,Drew Dober,Drew Dober,2020-05-13,KO/TKO,2,UFC Fight Night: Smith vs. Teixeira
Michael Johnson,Thiago Moises,Thiago Moises,2020-05-13,Submission,2,UFC Fight Night: Smith vs. Teixeira
Sijara Eubanks,Sarah Moras,Sijara Eubanks,2020-05-13,Decision - Unanimous,3,UFC Fight Night: Smith vs. Teixeira
Hunter Azure,Brian Kelleher,Brian Kelleher,2020-05-13,KO/TKO,2,UFC Fight Night: Smith vs. Teixeira
Chase Sherman,Ike Villanueva,Chase Sherman,2020-05-13,KO/TKO,2,UFC Fight Night: Smith vs. Teixeira
Gabriel Benitez,Omar Morales,Omar Morales,2020-05-13,Decision - Unanimous,3,UFC Fight Night: Smith vs. Teixeira
Francis Ngannou,Jairzinho Rozenstruik,Francis Ngannou,2020-05-09,KO/TKO,1,UFC 249: Ferguson vs. Gaethje
Henry Cejudo,Dominick Cruz,Henry Cejudo,2020-05-09,KO/TKO,2,UFC 249: Ferguson vs. Gaethje
Tony Ferguson,Justin Gaethje,Justin Gaethje,2020-05-09,KO/TKO,5,UFC 249: Ferguson vs. Gaethje
Jeremy Stephens,Calvin Kattar,Calvin Kattar,2020-05-09,KO/TKO,2,UFC 249: Ferguson vs. Gaethje
Anthony Pettis,Donald Cerrone,Anthony Pettis,2020-05-09,Decision - Unanimous,3,UFC 249: Ferguson vs. Gaethje
Greg Hardy,Yorgan De Castro,Greg Hardy,2020-05-09,Decision - Unanimous,3,UFC 249: Ferguson vs. Gaethje
Aleksei Oleinik,Fabricio Werdum,Aleksei Oleinik,2020-05-09,Decision - Split,3,UFC 249: Ferguson vs. Gaethje
Bryce Mitchell,Charles Rosa,Bryce Mitchell,2020-05-09,Decision - Unanimous,3,UFC 249: Ferguson vs. Gaethje
Carla Esparza,Michelle Waterson-Gomez,Carla Esparza,2020-05-09,Decision - Split,3,UFC 249: Ferguson vs. Gaethje
Vicente Luque,Niko Price,Vicente Luque,2020-05-09,TKO - Doctor's Stoppage,3,UFC 249: Ferguson vs. Gaethje
Ryan Spann,Sam Alvey,Ryan Spann,2020-05-09,Decision - Split,3,UFC 249: Ferguson vs. Gaethje
Israel Adesanya,Yoel Romero,Israel Adesanya,2020-03-07,Decision - Unanimous,5,UFC 248: Adesanya vs. Romero
Zhang Weili,Joanna Jedrzejczyk,Zhang Weili,2020-03-07,Decision - Split,5,UFC 248: Adesanya vs. Romero
Neil Magny,Li Jingliang,Neil Magny,2020-03-07,Decision - Unanimous,3,UFC 248: Adesanya vs. Romero
Beneil Dariush,Drakkar Klose,Beneil Dariush,2020-03-07,KO/TKO,2,UFC 248: Adesanya vs. Romero
Sean O'Malley,Jose Quinonez,Sean O'Malley,2020-03-07,KO/TKO,1,UFC 248: Adesanya vs. Romero
Alex Oliveira,Max Griffin,Alex Oliveira,2020-03-07,Decision - Split,3,UFC 248: Adesanya vs. Romero
Mark Madsen,Austin Hubbard,Mark Madsen,2020-03-07,Decision - Unanimous,3,UFC 248: Adesanya vs. Romero
Gerald Meerschaert,Deron Winn,Gerald Meerschaert,2020-03-07,Submission,3,UFC 248: Adesanya vs. Romero
Giga Chikadze,Jamall Emmers,Giga Chikadze,2020-03-07,Decision - Split,3,UFC 248: Adesanya vs. Romero
Rodolfo Vieira,Saparbeg Safarov,Rodolfo Vieira,2020-03-07,Submission,1,UFC 248: Adesanya vs. Romero
Batgerel Danaa,Guido Cannetti,Batgerel Danaa,2020-03-07,KO/TKO,1,UFC 248: Adesanya vs. Romero
Kevin Lee,Charles Oliveira,Charles Oliveira,2020-03-14,Submission,3,UFC Fight Night: Lee vs. Oliveira
Demian Maia,Gilbert Burns,Gilbert Burns,2020-03-14,KO/TKO,1,UFC Fight Night: Lee vs. Oliveira
Renato Moicano,Damir Hadzovic,Renato Moicano,2020-03-14,Submission,1,UFC Fight Night: Lee vs. Oliveira
Johnny Walker,Nikita Krylov,Nikita Krylov,2020-03-14,Decision - Unanimous,3,UFC Fight Night: Lee vs. Oliveira
Jussier Formiga,Brandon Moreno,Brandon Moreno,2020-03-14,Decision - Unanimous,3,UFC Fight Night: Lee vs. Oliveira
Francisco Trinaldo,John Makdessi,Francisco Trinaldo,2020-03-14,Decision - Unanimous,3,UFC Fight Night: Lee vs. Oliveira
Elizeu Zaleski dos Santos,Aleksei Kunchenko,Elizeu Zaleski dos Santos,2020-03-14,Decision - Unanimous,3,UFC Fight Night: Lee vs. Oliveira
Amanda Ribas,Randa Markos,Amanda Ribas,2020-03-14,Decision - Unanimous,3,UFC Fight Night: Lee vs. Oliveira
Mayra Bueno Silva,Maryna Moroz,Maryna Moroz,2020-03-14,Decision - Unanimous,3,UFC Fight Night: Lee vs. Oliveira
Bruno Silva,David Dvorak,David Dvorak,2020-03-14,Decision - Unanimous,3,UFC Fight Night: Lee vs. Oliveira
Joseph Benavidez,Deiveson Figueiredo,Deiveson Figueiredo,2020-02-29,KO/TKO,2,UFC Fight Night: Benavidez vs. Figueiredo
Felicia Spencer,Zarah Fairn,Felicia Spencer,2020-02-29,KO/TKO,1,UFC Fight Night: Benavidez vs. Figueiredo
Megan Anderson,Norma Dumont,Megan Anderson,2020-02-29,KO/TKO,1,UFC Fight Night: Benavidez vs. Figueiredo
Ion Cutelaba,Magomed Ankalaev,Magomed Ankalaev,2020-02-29,KO/TKO,1,UFC Fight Night: Benavidez vs. Figueiredo
Grant Dawson,Darrick Minner,Grant Dawson,2020-02-29,Submission,2,UFC Fight Night: Benavidez vs. Figueiredo
Gabriel Silva,Kyler Phillips,Kyler Phillips,2020-02-29,Decision - Unanimous,3,UFC Fight Night: Benavidez vs. Figueiredo
Brendan Allen,Tom Breese,Brendan Allen,2020-02-29,KO/TKO,1,UFC Fight Night: Benavidez vs. Figueiredo
Veronica Hardy,Bea Malecki,Bea Malecki,2020-03-14,Decision - Unanimous,3,UFC Fight Night: Lee vs. Oliveira
Marcin Tybura,Serghei Spivac,Marcin Tybura,2020-02-29,Decision - Unanimous,3,UFC Fight Night: Benavidez vs. Figueiredo
Jordan Griffin,TJ Brown,Jordan Griffin,2020-02-29,Submission,2,UFC Fight Night: Benavidez vs. Figueiredo
Luis Pena,Steve Garcia,Luis Pena,2020-02-29,Decision - Unanimous,3,UFC Fight Night: Benavidez vs. Figueiredo
Aalon Cruz,Spike Carlyle,Spike Carlyle,2020-02-29,KO/TKO,1,UFC Fight Night: Benavidez vs. Figueiredo
Paul Felder,Dan Hooker,Dan Hooker,2020-02-22,Decision - Split,5,UFC Fight Night: Felder vs. Hooker
Sean Brady,Ismail Naurdiev,Sean Brady,2020-02-29,Decision - Unanimous,3,UFC Fight Night: Benavidez vs. Figueiredo
Jimmy Crute,Michal Oleksiejczuk,Jimmy Crute,2020-02-22,Submission,1,UFC Fight Night: Felder vs. Hooker
Karolina Kowalkiewicz,Yan Xiaonan,Yan Xiaonan,2020-02-22,Decision - Unanimous,3,UFC Fight Night: Felder vs. Hooker
Ben Sosoli,Marcos Rogerio de Lima,Marcos Rogerio de Lima,2020-02-22,KO/TKO,1,UFC Fight Night: Felder vs. Hooker
Kevin Aguilar,Zubaira Tukhugov,Zubaira Tukhugov,2020-02-22,KO/TKO,1,UFC Fight Night: Felder vs. Hooker
Brad Riddell,Magomed Mustafaev,Brad Riddell,2020-02-22,Decision - Split,3,UFC Fight Night: Felder vs. Hooker
Jalin Turner,Josh Culibao,Jalin Turner,2020-02-22,KO/TKO,2,UFC Fight Night: Felder vs. Hooker
Jake Matthews,Emil Meek,Jake Matthews,2020-02-22,Decision - Unanimous,3,UFC Fight Night: Felder vs. Hooker
Callan Potter,Song Kenan,Song Kenan,2020-02-22,KO/TKO,1,UFC Fight Night: Felder vs. Hooker
Loma Lookboonmee,Angela Hill,Angela Hill,2020-02-22,Decision - Unanimous,3,UFC Fight Night: Felder vs. Hooker
Kai Kara-France,Tyson Nam,Kai Kara-France,2020-02-22,Decision - Unanimous,3,UFC Fight Night: Felder vs. Hooker
Priscila Cachoeira,Shana Dobson,Priscila Cachoeira,2020-02-22,KO/TKO,1,UFC Fight Night: Felder vs. Hooker
Corey Anderson,Jan Blachowicz,Jan Blachowicz,2020-02-15,KO/TKO,1,UFC Fight Night: Anderson vs. Blachowicz
Diego Sanchez,Michel Pereira,Diego Sanchez,2020-02-15,DQ,3,UFC Fight Night: Anderson vs. Blachowicz
Montana De La Rosa,Mara Romero Borella,Montana De La Rosa,2020-02-15,Decision - Unanimous,3,UFC Fight Night: Anderson vs. Blachowicz
Brok Weaver,Kazula Vargas,Brok Weaver,2020-02-15,DQ,1,UFC Fight Night: Anderson vs. Blachowicz
Rogerio Bontorin,Ray Borg,Ray Borg,2020-02-15,Decision - Unanimous,3,UFC Fight Night: Anderson vs. Blachowicz
Tim Means,Daniel Rodriguez,Daniel Rodriguez,2020-02-15,Submission,2,UFC Fight Night: Anderson vs. Blachowicz
Lando Vannata,Yancy Medeiros,Lando Vannata,2020-02-15,Decision - Unanimous,3,UFC Fight Night: Anderson vs. Blachowicz
John Dodson,Nathaniel Wood,John Dodson,2020-02-15,KO/TKO,3,UFC Fight Night: Anderson vs. Blachowicz
Devin Clark,Dequan Townsend,Devin Clark,2020-02-15,Decision - Unanimous,3,UFC Fight Night: Anderson vs. Blachowicz
Casey Kenney,Merab Dvalishvili,Merab Dvalishvili,2020-02-15,Decision - Unanimous,3,UFC Fight Night: Anderson vs. Blachowicz
Mark De La Rosa,Raulian Paiva,Raulian Paiva,2020-02-15,KO/TKO,2,UFC Fight Night: Anderson vs. Blachowicz
Jim Miller,Scott Holtzman,Scott Holtzman,2020-02-15,Decision - Unanimous,3,UFC Fight Night: Anderson vs. Blachowicz
Macy Chiasson,Shanna Young,Macy Chiasson,2020-02-15,Decision - Unanimous,3,UFC Fight Night: Anderson vs. Blachowicz
Jon Jones,Dominick Reyes,Jon Jones,2020-02-08,Decision - Unanimous,5,UFC 247: Jones vs. Reyes
Valentina Shevchenko,Katlyn Cerminara,Valentina Shevchenko,2020-02-08,KO/TKO,3,UFC 247: Jones vs. Reyes
Mirsad Bektic,Dan Ige,Dan Ige,2020-02-08,Decision - Split,3,UFC 247: Jones vs. Reyes
Juan Adams,Justin Tafa,Justin Tafa,2020-02-08,KO/TKO,1,UFC 247: Jones vs. Reyes
Derrick Lewis,Ilir Latifi,Derrick Lewis,2020-02-08,Decision - Unanimous,3,UFC 247: Jones vs. Reyes
Lauren Murphy,Andrea Lee,Lauren Murphy,2020-02-08,Decision - Split,3,UFC 247: Jones vs. Reyes
Trevin Giles,James Krause,Trevin Giles,2020-02-08,Decision - Split,3,UFC 247: Jones vs. Reyes
Alex Morono,Khaos Williams,Khaos Williams,2020-02-08,KO/TKO,1,UFC 247: Jones vs. Reyes
Miles Johns,Mario Bautista,Mario Bautista,2020-02-08,KO/TKO,2,UFC 247: Jones vs. Reyes
Andre Ewell,Jonathan Martinez,Andre Ewell,2020-02-08,Decision - Split,3,UFC 247: Jones vs. Reyes
Conor McGregor,Donald Cerrone,Conor McGregor,2020-01-18,KO/TKO,1,UFC 246: McGregor vs. Cowboy
Austin Lingo,Youssef Zalal,Youssef Zalal,2020-02-08,Decision - Unanimous,3,UFC 247: Jones vs. Reyes
Holly Holm,Raquel Pennington,Holly Holm,2020-01-18,Decision - Unanimous,3,UFC 246: McGregor vs. Cowboy
Aleksei Oleinik,Maurice Greene,Aleksei Oleinik,2020-01-18,Submission,2,UFC 246: McGregor vs. Cowboy
Brian Kelleher,Ode Osbourne,Brian Kelleher,2020-01-18,Submission,1,UFC 246: McGregor vs. Cowboy
Anthony Pettis,Diego Ferreira,Diego Ferreira,2020-01-18,Submission,2,UFC 246: McGregor vs. Cowboy
Andre Fili,Sodiq Yusuff,Sodiq Yusuff,2020-01-18,Decision - Unanimous,3,UFC 246: McGregor vs. Cowboy
Roxanne Modafferi,Maycee Barber,Roxanne Modafferi,2020-01-18,Decision - Unanimous,3,UFC 246: McGregor vs. Cowboy
Tim Elliott,Askar Askarov,Askar Askarov,2020-01-18,Decision - Unanimous,3,UFC 246: McGregor vs. Cowboy
Drew Dober,Nasrat Haqparast,Drew Dober,2020-01-18,KO/TKO,1,UFC 246: McGregor vs. Cowboy
Aleksa Camur,Justin Ledet,Aleksa Camur,2020-01-18,Decision - Unanimous,3,UFC 246: McGregor vs. Cowboy
Volkan Oezdemir,Aleksandar Rakic,Volkan Oezdemir,2019-12-21,Decision - Split,3,UFC Fight Night: Edgar vs. The Korean Zombie
Sabina Mazo,JJ Aldrich,Sabina Mazo,2020-01-18,Decision - Split,3,UFC 246: McGregor vs. Cowboy
Frankie Edgar,Chan Sung Jung,Chan Sung Jung,2019-12-21,KO/TKO,1,UFC Fight Night: Edgar vs. The Korean Zombie
Dooho Choi,Charles Jourdain,Charles Jourdain,2019-12-21,KO/TKO,2,UFC Fight Night: Edgar vs. The Korean Zombie
JunYong Park,Marc-Andre Barriault,JunYong Park,2019-12-21,Decision - Unanimous,3,UFC Fight Night: Edgar vs. The Korean Zombie
Da Woon Jung,Mike Rodriguez,Da Woon Jung,2019-12-21,KO/TKO,1,UFC Fight Night: Edgar vs. The Korean Zombie
Ciryl Gane,Tanner Boser,Ciryl Gane,2019-12-21,Decision - Unanimous,3,UFC Fight Night: Edgar vs. The Korean Zombie
Kyung Ho Kang,Pingyuan Liu,Kyung Ho Kang,2019-12-21,Decision - Split,3,UFC Fight Night: Edgar vs. The Korean Zombie
SeungWoo Choi,Suman Mokhtarian,SeungWoo Choi,2019-12-21,Decision - Unanimous,3,UFC Fight Night: Edgar vs. The Korean Zombie
Alexandre Pantoja,Matt Schnell,Alexandre Pantoja,2019-12-21,KO/TKO,1,UFC Fight Night: Edgar vs. The Korean Zombie
Dong Hyun Ma,Omar Morales,Omar Morales,2019-12-21,Decision - Unanimous,3,UFC Fight Night: Edgar vs. The Korean Zombie
Raoni Barcelos,Said Nurmagomedov,Raoni Barcelos,2019-12-21,Decision - Unanimous,3,UFC Fight Night: Edgar vs. The Korean Zombie
Alatengheili,Ryan Benoit,Alatengheili,2019-12-21,Decision - Split,3,UFC Fight Night: Edgar vs. The Korean Zombie
Miranda Granger,Amanda Lemos,Amanda Lemos,2019-12-21,Submission,1,UFC Fight Night: Edgar vs. The Korean Zombie
Curtis Blaydes,Junior Dos Santos,Curtis Blaydes,2020-01-25,KO/TKO,2,UFC Fight Night: Blaydes vs. Dos Santos
Hannah Cifers,Angela Hill,Angela Hill,2020-01-25,KO/TKO,2,UFC Fight Night: Blaydes vs. Dos Santos
Jordan Espinosa,Alex Perez,Alex Perez,2020-01-25,Submission,1,UFC Fight Night: Blaydes vs. Dos Santos
Rafael Dos Anjos,Michael Chiesa,Michael Chiesa,2020-01-25,Decision - Unanimous,3,UFC Fight Night: Blaydes vs. Dos Santos
Jamahal Hill,Darko Stosic,Jamahal Hill,2020-01-25,Decision - Unanimous,3,UFC Fight Night: Blaydes vs. Dos Santos
Bevon Lewis,Dequan Townsend,Bevon Lewis,2020-01-25,Decision - Unanimous,3,UFC Fight Night: Blaydes vs. Dos Santos
Arnold Allen,Nik Lentz,Arnold Allen,2020-01-25,Decision - Unanimous,3,UFC Fight Night: Blaydes vs. Dos Santos
Montel Jackson,Felipe Colares,Montel Jackson,2020-01-25,Decision - Unanimous,3,UFC Fight Night: Blaydes vs. Dos Santos
Justine Kish,Lucie Pudilova,Justine Kish,2020-01-25,Decision - Unanimous,3,UFC Fight Night: Blaydes vs. Dos Santos
Herbert Burns,Nate Landwehr,Herbert Burns,2020-01-25,KO/TKO,1,UFC Fight Night: Blaydes vs. Dos Santos
Brett Johns,Tony Gravely,Brett Johns,2020-01-25,Submission,3,UFC Fight Night: Blaydes vs. Dos Santos
Sara McMann,Lina Lansberg,Sara McMann,2020-01-25,Decision - Unanimous,3,UFC Fight Night: Blaydes vs. Dos Santos
Kamaru Usman,Colby Covington,Kamaru Usman,2019-12-14,KO/TKO,5,UFC 245: Usman vs. Covington
Amanda Nunes,Germaine de Randamie,Amanda Nunes,2019-12-14,Decision - Unanimous,5,UFC 245: Usman vs. Covington
Max Holloway,Alexander Volkanovski,Alexander Volkanovski,2019-12-14,Decision - Unanimous,5,UFC 245: Usman vs. Covington
Petr Yan,Urijah Faber,Petr Yan,2019-12-14,KO/TKO,3,UFC 245: Usman vs. Covington
Marlon Moraes,Jose Aldo,Marlon Moraes,2019-12-14,Decision - Split,3,UFC 245: Usman vs. Covington
Geoff Neal,Mike Perry,Geoff Neal,2019-12-14,KO/TKO,1,UFC 245: Usman vs. Covington
Ketlen Vieira,Irene Aldana,Irene Aldana,2019-12-14,KO/TKO,1,UFC 245: Usman vs. Covington
Ian Heinisch,Omari Akhmedov,Omari Akhmedov,2019-12-14,Decision - Unanimous,3,UFC 245: Usman vs. Covington
Matt Brown,Ben Saunders,Matt Brown,2019-12-14,KO/TKO,2,UFC 245: Usman vs. Covington
Chase Hooper,Daniel Teymur,Chase Hooper,2019-12-14,KO/TKO,1,UFC 245: Usman vs. Covington
Brandon Moreno,Kai Kara-France,Brandon Moreno,2019-12-14,Decision - Unanimous,3,UFC 245: Usman vs. Covington
Jessica Eye,Viviane Araujo,Jessica Eye,2019-12-14,Decision - Unanimous,3,UFC 245: Usman vs. Covington
Alistair Overeem,Jairzinho Rozenstruik,Jairzinho Rozenstruik,2019-12-07,KO/TKO,5,UFC Fight Night: Overeem vs. Rozenstruik
Punahele Soriano,Oskar Piechota,Punahele Soriano,2019-12-14,KO/TKO,1,UFC 245: Usman vs. Covington
Stefan Struve,Ben Rothwell,Ben Rothwell,2019-12-07,KO/TKO,2,UFC Fight Night: Overeem vs. Rozenstruik
Aspen Ladd,Yana Santos,Aspen Ladd,2019-12-07,KO/TKO,3,UFC Fight Night: Overeem vs. Rozenstruik
Thiago Alves,Tim Means,Tim Means,2019-12-07,Submission,1,UFC Fight Night: Overeem vs. Rozenstruik
Bryce Mitchell,Matt Sayles,Bryce Mitchell,2019-12-07,Submission,1,UFC Fight Night: Overeem vs. Rozenstruik
Billy Quarantillo,Jacob Kilburn,Billy Quarantillo,2019-12-07,Submission,2,UFC Fight Night: Overeem vs. Rozenstruik
Rob Font,Ricky Simon,Rob Font,2019-12-07,Decision - Unanimous,3,UFC Fight Night: Overeem vs. Rozenstruik
Virna Jandiroba,Mallory Martin,Virna Jandiroba,2019-12-07,Submission,2,UFC Fight Night: Overeem vs. Rozenstruik
Joe Solecki,Matt Wiman,Joe Solecki,2019-12-07,Decision - Unanimous,3,UFC Fight Night: Overeem vs. Rozenstruik
Makhmud Muradov,Trevor Smith,Makhmud Muradov,2019-12-07,KO/TKO,3,UFC Fight Night: Overeem vs. Rozenstruik
Charles Oliveira,Jared Gordon,Charles Oliveira,2019-11-16,KO/TKO,1,UFC Fight Night: Blachowicz vs. Jacare
Jan Blachowicz,Jacare Souza,Jan Blachowicz,2019-11-16,Decision - Split,5,UFC Fight Night: Blachowicz vs. Jacare
Markus Perez,Wellington Turman,Wellington Turman,2019-11-16,Decision - Unanimous,3,UFC Fight Night: Blachowicz vs. Jacare
Antonio Arroyo,Andre Muniz,Andre Muniz,2019-11-16,Decision - Unanimous,3,UFC Fight Night: Blachowicz vs. Jacare
Francisco Trinaldo,King Green,Francisco Trinaldo,2019-11-16,Decision - Unanimous,3,UFC Fight Night: Blachowicz vs. Jacare
Ricardo Ramos,Eduardo Garagorri,Ricardo Ramos,2019-11-16,Submission,1,UFC Fight Night: Blachowicz vs. Jacare
Sergio Moraes,James Krause,James Krause,2019-11-16,KO/TKO,3,UFC Fight Night: Blachowicz vs. Jacare
Warlley Alves,Randy Brown,Randy Brown,2019-11-16,Submission,2,UFC Fight Night: Blachowicz vs. Jacare
Douglas Silva de Andrade,Renan Barao,Douglas Silva de Andrade,2019-11-16,Decision - Unanimous,3,UFC Fight Night: Blachowicz vs. Jacare
Ariane da Silva,Isabela de Padua,Ariane da Silva,2019-11-16,Decision - Unanimous,3,UFC Fight Night: Blachowicz vs. Jacare
Vanessa Melo,Tracy Cortez,Tracy Cortez,2019-11-16,Decision - Unanimous,3,UFC Fight Night: Blachowicz vs. Jacare
Zabit Magomedsharipov,Calvin Kattar,Zabit Magomedsharipov,2019-11-09,Decision - Unanimous,3,UFC Fight Night: Zabit vs. Kattar
Alexander Volkov,Greg Hardy,Alexander Volkov,2019-11-09,Decision - Unanimous,3,UFC Fight Night: Zabit vs. Kattar
Khadis Ibragimov,Ed Herman,Ed Herman,2019-11-09,Decision - Unanimous,3,UFC Fight Night: Zabit vs. Kattar
Zelim Imadaev,Danny Roberts,Danny Roberts,2019-11-09,KO/TKO,2,UFC Fight Night: Zabit vs. Kattar
Ramazan Emeev,Anthony Rocco Martin,Anthony Rocco Martin,2019-11-09,Decision - Unanimous,3,UFC Fight Night: Zabit vs. Kattar
Shamil Gamzatov,Klidson Abreu,Shamil Gamzatov,2019-11-09,Decision - Split,3,UFC Fight Night: Zabit vs. Kattar
Magomed Ankalaev,Dalcha Lungiambula,Magomed Ankalaev,2019-11-09,KO/TKO,3,UFC Fight Night: Zabit vs. Kattar
Rustam Khabilov,Sergey Khandozhko,Rustam Khabilov,2019-11-09,Decision - Unanimous,3,UFC Fight Night: Zabit vs. Kattar
Roman Kopylov,Karl Roberson,Karl Roberson,2019-11-09,Submission,3,UFC Fight Night: Zabit vs. Kattar
Abubakar Nurmagomedov,David Zawada,David Zawada,2019-11-09,Submission,1,UFC Fight Night: Zabit vs. Kattar
Jessica-Rose Clark,Pannie Kianzad,Pannie Kianzad,2019-11-09,Decision - Unanimous,3,UFC Fight Night: Zabit vs. Kattar
Alexander Yakovlev,Roosevelt Roberts,Roosevelt Roberts,2019-11-09,Decision - Unanimous,3,UFC Fight Night: Zabit vs. Kattar
Grigory Popov,Davey Grant,Davey Grant,2019-11-09,Decision - Split,3,UFC Fight Night: Zabit vs. Kattar
Kelvin Gastelum,Darren Till,Darren Till,2019-11-02,Decision - Split,3,UFC 244: Masvidal vs. Diaz
Jorge Masvidal,Nate Diaz,Jorge Masvidal,2019-11-02,TKO - Doctor's Stoppage,3,UFC 244: Masvidal vs. Diaz
Derrick Lewis,Blagoy Ivanov,Derrick Lewis,2019-11-02,Decision - Split,3,UFC 244: Masvidal vs. Diaz
Stephen Thompson,Vicente Luque,Stephen Thompson,2019-11-02,Decision - Unanimous,3,UFC 244: Masvidal vs. Diaz
Corey Anderson,Johnny Walker,Corey Anderson,2019-11-02,KO/TKO,1,UFC 244: Masvidal vs. Diaz
Kevin Lee,Gregor Gillespie,Kevin Lee,2019-11-02,KO/TKO,1,UFC 244: Masvidal vs. Diaz
Shane Burgos,Makwan Amirkhani,Shane Burgos,2019-11-02,KO/TKO,3,UFC 244: Masvidal vs. Diaz
Andrei Arlovski,Jairzinho Rozenstruik,Jairzinho Rozenstruik,2019-11-02,KO/TKO,1,UFC 244: Masvidal vs. Diaz
Brad Tavares,Edmen Shahbazyan,Edmen Shahbazyan,2019-11-02,KO/TKO,1,UFC 244: Masvidal vs. Diaz
Lyman Good,Chance Rencountre,Lyman Good,2019-11-02,KO/TKO,3,UFC 244: Masvidal vs. Diaz
Julio Arce,Hakeem Dawodu,Hakeem Dawodu,2019-11-02,Decision - Split,3,UFC 244: Masvidal vs. Diaz
Katlyn Cerminara,Jennifer Maia,Katlyn Cerminara,2019-11-02,Decision - Unanimous,3,UFC 244: Masvidal vs. Diaz
Demian Maia,Ben Askren,Demian Maia,2019-10-26,Submission,3,UFC Fight Night: Maia vs. Askren
Frank Camacho,Beneil Dariush,Beneil Dariush,2019-10-26,Submission,1,UFC Fight Night: Maia vs. Askren
Michael Johnson,Stevie Ray,Stevie Ray,2019-10-26,Decision - Majority,3,UFC Fight Night: Maia vs. Askren
Muslim Salikhov,Laureano Staropoli,Muslim Salikhov,2019-10-26,Decision - Unanimous,3,UFC Fight Night: Maia vs. Askren
Ciryl Gane,Don'Tale Mayes,Ciryl Gane,2019-10-26,Submission,3,UFC Fight Night: Maia vs. Askren
Enrique Barzola,Movsar Evloev,Movsar Evloev,2019-10-26,Decision - Unanimous,3,UFC Fight Night: Maia vs. Askren
Randa Markos,Ashley Yoder,Randa Markos,2019-10-26,Decision - Split,3,UFC Fight Night: Maia vs. Askren
Alex White,Rafael Fiziev,Rafael Fiziev,2019-10-26,Decision - Unanimous,3,UFC Fight Night: Maia vs. Askren
Maurice Greene,Sergei Pavlovich,Sergei Pavlovich,2019-10-26,KO/TKO,1,UFC Fight Night: Maia vs. Askren
Loma Lookboonmee,Aleksandra Albu,Loma Lookboonmee,2019-10-26,Decision - Split,3,UFC Fight Night: Maia vs. Askren
Dominick Reyes,Chris Weidman,Dominick Reyes,2019-10-18,KO/TKO,1,UFC Fight Night: Reyes vs. Weidman
Raphael Pessoa,Jeff Hughes,Raphael Pessoa,2019-10-26,Decision - Unanimous,3,UFC Fight Night: Maia vs. Askren
Yair Rodriguez,Jeremy Stephens,Yair Rodriguez,2019-10-18,Decision - Unanimous,3,UFC Fight Night: Reyes vs. Weidman
Maycee Barber,Gillian Robertson,Maycee Barber,2019-10-18,KO/TKO,1,UFC Fight Night: Reyes vs. Weidman
Joe Lauzon,Jonathan Pearce,Joe Lauzon,2019-10-18,KO/TKO,1,UFC Fight Night: Reyes vs. Weidman
Charles Rosa,Manny Bermudez,Charles Rosa,2019-10-18,Submission,1,UFC Fight Night: Reyes vs. Weidman
Molly McCann,Diana Belbita,Molly McCann,2019-10-18,Decision - Unanimous,3,UFC Fight Night: Reyes vs. Weidman
Deron Winn,Darren Stewart,Darren Stewart,2019-10-18,Decision - Split,3,UFC Fight Night: Reyes vs. Weidman
Kyle Bochniak,Sean Woodson,Sean Woodson,2019-10-18,Decision - Unanimous,3,UFC Fight Night: Reyes vs. Weidman
Court McGee,Sean Brady,Sean Brady,2019-10-18,Decision - Unanimous,3,UFC Fight Night: Reyes vs. Weidman
Randy Costa,Boston Salmon,Randy Costa,2019-10-18,KO/TKO,1,UFC Fight Night: Reyes vs. Weidman
Brendan Allen,Kevin Holland,Brendan Allen,2019-10-18,Submission,2,UFC Fight Night: Reyes vs. Weidman
Daniel Spitz,Tanner Boser,Tanner Boser,2019-10-18,Decision - Unanimous,3,UFC Fight Night: Reyes vs. Weidman
Joanna Jedrzejczyk,Michelle Waterson-Gomez,Joanna Jedrzejczyk,2019-10-12,Decision - Unanimous,5,UFC Fight Night: Joanna vs. Waterson
Cub Swanson,Kron Gracie,Cub Swanson,2019-10-12,Decision - Unanimous,3,UFC Fight Night: Joanna vs. Waterson
Mackenzie Dern,Amanda Ribas,Amanda Ribas,2019-10-12,Decision - Unanimous,3,UFC Fight Night: Joanna vs. Waterson
Niko Price,James Vick,Niko Price,2019-10-12,KO/TKO,1,UFC Fight Night: Joanna vs. Waterson
Matt Frevola,Luis Pena,Matt Frevola,2019-10-12,Decision - Split,3,UFC Fight Night: Joanna vs. Waterson
Ryan Spann,Devin Clark,Ryan Spann,2019-10-12,Submission,2,UFC Fight Night: Joanna vs. Waterson
Mike Davis,Thomas Gifford,Mike Davis,2019-10-12,KO/TKO,3,UFC Fight Night: Joanna vs. Waterson
Eryk Anders,Gerald Meerschaert,Eryk Anders,2019-10-12,Decision - Split,3,UFC Fight Night: Joanna vs. Waterson
Max Griffin,Alex Morono,Alex Morono,2019-10-12,Decision - Unanimous,3,UFC Fight Night: Joanna vs. Waterson
Miguel Baeza,Hector Aldana,Miguel Baeza,2019-10-12,KO/TKO,2,UFC Fight Night: Joanna vs. Waterson
Marlon Vera,Andre Ewell,Marlon Vera,2019-10-12,KO/TKO,3,UFC Fight Night: Joanna vs. Waterson
Deiveson Figueiredo,Tim Elliott,Deiveson Figueiredo,2019-10-12,Submission,1,UFC Fight Night: Joanna vs. Waterson
Robert Whittaker,Israel Adesanya,Israel Adesanya,2019-10-05,KO/TKO,2,UFC 243: Whittaker vs. Adesanya
JJ Aldrich,Lauren Mueller,JJ Aldrich,2019-10-12,Decision - Unanimous,3,UFC Fight Night: Joanna vs. Waterson
Marvin Vettori,Andrew Sanchez,Marvin Vettori,2019-10-12,Decision - Unanimous,3,UFC Fight Night: Joanna vs. Waterson
Al Iaquinta,Dan Hooker,Dan Hooker,2019-10-05,Decision - Unanimous,3,UFC 243: Whittaker vs. Adesanya
Tai Tuivasa,Serghei Spivac,Serghei Spivac,2019-10-05,Submission,2,UFC 243: Whittaker vs. Adesanya
Justin Tafa,Yorgan De Castro,Yorgan De Castro,2019-10-05,KO/TKO,1,UFC 243: Whittaker vs. Adesanya
Luke Jumeau,Dhiego Lima,Dhiego Lima,2019-10-05,Decision - Split,3,UFC 243: Whittaker vs. Adesanya
Jake Matthews,Rostem Akman,Jake Matthews,2019-10-05,Decision - Unanimous,3,UFC 243: Whittaker vs. Adesanya
Callan Potter,Maki Pitolo,Callan Potter,2019-10-05,Decision - Unanimous,3,UFC 243: Whittaker vs. Adesanya
Brad Riddell,Jamie Mullarkey,Brad Riddell,2019-10-05,Decision - Unanimous,3,UFC 243: Whittaker vs. Adesanya
Megan Anderson,Zarah Fairn,Megan Anderson,2019-10-05,Submission,1,UFC 243: Whittaker vs. Adesanya
Nadia Kassem,Ji Yeon Kim,Ji Yeon Kim,2019-10-05,KO/TKO,2,UFC 243: Whittaker vs. Adesanya
Jack Hermansson,Jared Cannonier,Jared Cannonier,2019-09-28,KO/TKO,2,UFC Fight Night: Hermansson vs. Cannonier
Mark Madsen,Danilo Belluardo,Mark Madsen,2019-09-28,KO/TKO,1,UFC Fight Night: Hermansson vs. Cannonier
Gunnar Nelson,Gilbert Burns,Gilbert Burns,2019-09-28,Decision - Unanimous,3,UFC Fight Night: Hermansson vs. Cannonier
Ion Cutelaba,Khalil Rountree Jr.,Ion Cutelaba,2019-09-28,KO/TKO,1,UFC Fight Night: Hermansson vs. Cannonier
Michal Oleksiejczuk,Ovince Saint Preux,Ovince Saint Preux,2019-09-28,Submission,2,UFC Fight Night: Hermansson vs. Cannonier
Nicolas Dalby,Alex Oliveira,Nicolas Dalby,2019-09-28,Decision - Unanimous,3,UFC Fight Night: Hermansson vs. Cannonier
Alen Amedovski,John Phillips,John Phillips,2019-09-28,KO/TKO,1,UFC Fight Night: Hermansson vs. Cannonier
Alessio Di Chirico,Makhmud Muradov,Makhmud Muradov,2019-09-28,Decision - Unanimous,3,UFC Fight Night: Hermansson vs. Cannonier
Siyar Bahadurzada,Ismail Naurdiev,Ismail Naurdiev,2019-09-28,Decision - Unanimous,3,UFC Fight Night: Hermansson vs. Cannonier
Brandon Davis,Giga Chikadze,Giga Chikadze,2019-09-28,Decision - Split,3,UFC Fight Night: Hermansson vs. Cannonier
Macy Chiasson,Lina Lansberg,Lina Lansberg,2019-09-28,Decision - Unanimous,3,UFC Fight Night: Hermansson vs. Cannonier
Marc Diakiese,Lando Vannata,Marc Diakiese,2019-09-28,Decision - Unanimous,3,UFC Fight Night: Hermansson vs. Cannonier
Jack Shore,Nohelin Hernandez,Jack Shore,2019-09-28,Submission,3,UFC Fight Night: Hermansson vs. Cannonier
Carla Esparza,Alexa Grasso,Carla Esparza,2019-09-21,Decision - Majority,3,UFC Fight Night: Rodriguez vs. Stephens
Irene Aldana,Vanessa Melo,Irene Aldana,2019-09-21,Decision - Unanimous,3,UFC Fight Night: Rodriguez vs. Stephens
Martin Bravo,Steven Peterson,Steven Peterson,2019-09-21,KO/TKO,2,UFC Fight Night: Rodriguez vs. Stephens
Marco Polo Reyes,Kyle Nelson,Kyle Nelson,2019-09-21,KO/TKO,1,UFC Fight Night: Rodriguez vs. Stephens
Jose Quinonez,Carlos Huachin,Jose Quinonez,2019-09-21,Decision - Unanimous,3,UFC Fight Night: Rodriguez vs. Stephens
Ariane Carnelossi,Angela Hill,Angela Hill,2019-09-21,TKO - Doctor's Stoppage,3,UFC Fight Night: Rodriguez vs. Stephens
Sergio Pettis,Tyson Nam,Sergio Pettis,2019-09-21,Decision - Unanimous,3,UFC Fight Night: Rodriguez vs. Stephens
Vinicius Moreira,Paul Craig,Paul Craig,2019-09-21,Submission,1,UFC Fight Night: Rodriguez vs. Stephens
Sijara Eubanks,Bethe Correia,Bethe Correia,2019-09-21,Decision - Unanimous,3,UFC Fight Night: Rodriguez vs. Stephens
Claudio Puelles,Marcos Mariano,Claudio Puelles,2019-09-21,Decision - Unanimous,3,UFC Fight Night: Rodriguez vs. Stephens
Khabib Nurmagomedov,Dustin Poirier,Khabib Nurmagomedov,2019-09-07,Submission,3,UFC 242: Khabib vs. Poirier
Edson Barboza,Paul Felder,Paul Felder,2019-09-07,Decision - Split,3,UFC 242: Khabib vs. Poirier
Islam Makhachev,Davi Ramos,Islam Makhachev,2019-09-07,Decision - Unanimous,3,UFC 242: Khabib vs. Poirier
Curtis Blaydes,Shamil Abdurakhimov,Curtis Blaydes,2019-09-07,KO/TKO,2,UFC 242: Khabib vs. Poirier
Mairbek Taisumov,Diego Ferreira,Diego Ferreira,2019-09-07,Decision - Unanimous,3,UFC 242: Khabib vs. Poirier
Joanne Wood,Andrea Lee,Joanne Wood,2019-09-07,Decision - Split,3,UFC 242: Khabib vs. Poirier
Liana Jojua,Sarah Moras,Sarah Moras,2019-09-07,KO/TKO,3,UFC 242: Khabib vs. Poirier
Ottman Azaitar,Teemu Packalen,Ottman Azaitar,2019-09-07,KO/TKO,1,UFC 242: Khabib vs. Poirier
Nordine Taleb,Muslim Salikhov,Muslim Salikhov,2019-09-07,KO/TKO,1,UFC 242: Khabib vs. Poirier
Belal Muhammad,Takashi Sato,Belal Muhammad,2019-09-07,Submission,3,UFC 242: Khabib vs. Poirier
Omari Akhmedov,Zak Cummings,Omari Akhmedov,2019-09-07,Decision - Unanimous,3,UFC 242: Khabib vs. Poirier
Don Madge,Fares Ziam,Don Madge,2019-09-07,Decision - Unanimous,3,UFC 242: Khabib vs. Poirier
Donald Cerrone,Justin Gaethje,Justin Gaethje,2019-09-14,KO/TKO,1,UFC Fight Night: Cowboy vs. Gaethje
Glover Teixeira,Nikita Krylov,Glover Teixeira,2019-09-14,Decision - Split,3,UFC Fight Night: Cowboy vs. Gaethje
Michel Pereira,Tristan Connelly,Tristan Connelly,2019-09-14,Decision - Unanimous,3,UFC Fight Night: Cowboy vs. Gaethje
Misha Cirkunov,Jimmy Crute,Misha Cirkunov,2019-09-14,Submission,1,UFC Fight Night: Cowboy vs. Gaethje
Uriah Hall,Antonio Carlos Junior,Uriah Hall,2019-09-14,Decision - Split,3,UFC Fight Night: Cowboy vs. Gaethje
Marcin Tybura,Augusto Sakai,Augusto Sakai,2019-09-14,KO/TKO,1,UFC Fight Night: Cowboy vs. Gaethje
Brad Katona,Hunter Azure,Hunter Azure,2019-09-14,Decision - Unanimous,3,UFC Fight Night: Cowboy vs. Gaethje
Cole Smith,Miles Johns,Miles Johns,2019-09-14,Decision - Split,3,UFC Fight Night: Cowboy vs. Gaethje
Chas Skelly,Jordan Griffin,Chas Skelly,2019-09-14,Decision - Unanimous,3,UFC Fight Night: Cowboy vs. Gaethje
Jessica Andrade,Zhang Weili,Zhang Weili,2019-08-31,KO/TKO,1,UFC Fight Night: Andrade vs. Zhang
Louis Smolka,Ryan MacDonald,Louis Smolka,2019-09-14,KO/TKO,1,UFC Fight Night: Cowboy vs. Gaethje
Kyle Prepolec,Austin Hubbard,Austin Hubbard,2019-09-14,Decision - Unanimous,3,UFC Fight Night: Cowboy vs. Gaethje
Li Jingliang,Elizeu Zaleski dos Santos,Li Jingliang,2019-08-31,KO/TKO,3,UFC Fight Night: Andrade vs. Zhang
Kai Kara-France,Mark De La Rosa,Kai Kara-France,2019-08-31,Decision - Unanimous,3,UFC Fight Night: Andrade vs. Zhang
Song Kenan,Derrick Krantz,Song Kenan,2019-08-31,Decision - Unanimous,3,UFC Fight Night: Andrade vs. Zhang
JunYong Park,Anthony Hernandez,Anthony Hernandez,2019-08-31,Submission,2,UFC Fight Night: Andrade vs. Zhang
Wu Yanan,Mizuki,Mizuki,2019-08-31,Decision - Split,3,UFC Fight Night: Andrade vs. Zhang
Sumudaerji,Andre Soukhamthath,Sumudaerji,2019-08-31,Decision - Unanimous,3,UFC Fight Night: Andrade vs. Zhang
Da Woon Jung,Khadis Ibragimov,Da Woon Jung,2019-08-31,Submission,3,UFC Fight Night: Andrade vs. Zhang
Alatengheili,Batgerel Danaa,Alatengheili,2019-08-31,Decision - Unanimous,3,UFC Fight Night: Andrade vs. Zhang
Damir Ismagulov,Thiago Moises,Damir Ismagulov,2019-08-31,Decision - Unanimous,3,UFC Fight Night: Andrade vs. Zhang
Karol Rosa,Lara Procopio,Karol Rosa,2019-08-31,Decision - Split,3,UFC Fight Night: Andrade vs. Zhang
Anthony Pettis,Nate Diaz,Nate Diaz,2019-08-17,Decision - Unanimous,3,UFC 241: Cormier vs. Miocic 2
Daniel Cormier,Stipe Miocic,Stipe Miocic,2019-08-17,KO/TKO,4,UFC 241: Cormier vs. Miocic 2
Gabriel Benitez,Sodiq Yusuff,Sodiq Yusuff,2019-08-17,KO/TKO,1,UFC 241: Cormier vs. Miocic 2
Derek Brunson,Ian Heinisch,Derek Brunson,2019-08-17,Decision - Unanimous,3,UFC 241: Cormier vs. Miocic 2
Yoel Romero,Paulo Costa,Paulo Costa,2019-08-17,Decision - Unanimous,3,UFC 241: Cormier vs. Miocic 2
Devonte Smith,Khama Worthy,Khama Worthy,2019-08-17,KO/TKO,1,UFC 241: Cormier vs. Miocic 2
Raphael Assuncao,Cory Sandhagen,Cory Sandhagen,2019-08-17,Decision - Unanimous,3,UFC 241: Cormier vs. Miocic 2
Christos Giagos,Drakkar Klose,Drakkar Klose,2019-08-17,Decision - Unanimous,3,UFC 241: Cormier vs. Miocic 2
Manny Bermudez,Casey Kenney,Casey Kenney,2019-08-17,Decision - Unanimous,3,UFC 241: Cormier vs. Miocic 2
Kyung Ho Kang,Brandon Davis,Kyung Ho Kang,2019-08-17,Decision - Split,3,UFC 241: Cormier vs. Miocic 2
Hannah Cifers,Jodie Esquibel,Hannah Cifers,2019-08-17,Decision - Unanimous,3,UFC 241: Cormier vs. Miocic 2
Sabina Mazo,Shana Dobson,Sabina Mazo,2019-08-17,Decision - Unanimous,3,UFC 241: Cormier vs. Miocic 2
Valentina Shevchenko,Liz Carmouche,Valentina Shevchenko,2019-08-10,Decision - Unanimous,5,UFC Fight Night: Shevchenko vs. Carmouche 2
Vicente Luque,Mike Perry,Vicente Luque,2019-08-10,Decision - Split,3,UFC Fight Night: Shevchenko vs. Carmouche 2
Eduardo Garagorri,Humberto Bandenay,Eduardo Garagorri,2019-08-10,Decision - Unanimous,3,UFC Fight Night: Shevchenko vs. Carmouche 2
Rodolfo Vieira,Oskar Piechota,Rodolfo Vieira,2019-08-10,Submission,2,UFC Fight Night: Shevchenko vs. Carmouche 2
Volkan Oezdemir,Ilir Latifi,Volkan Oezdemir,2019-08-10,KO/TKO,2,UFC Fight Night: Shevchenko vs. Carmouche 2
Gilbert Burns,Aleksei Kunchenko,Gilbert Burns,2019-08-10,Decision - Unanimous,3,UFC Fight Night: Shevchenko vs. Carmouche 2
Ciryl Gane,Raphael Pessoa,Ciryl Gane,2019-08-10,Submission,1,UFC Fight Night: Shevchenko vs. Carmouche 2
Enrique Barzola,Bobby Moffett,Enrique Barzola,2019-08-10,Decision - Split,3,UFC Fight Night: Shevchenko vs. Carmouche 2
Tecia Pennington,Marina Rodriguez,Marina Rodriguez,2019-08-10,Decision - Unanimous,3,UFC Fight Night: Shevchenko vs. Carmouche 2
Rogerio Bontorin,Raulian Paiva,Rogerio Bontorin,2019-08-10,TKO - Doctor's Stoppage,1,UFC Fight Night: Shevchenko vs. Carmouche 2
Geraldo de Freitas,Chris Gutierrez,Chris Gutierrez,2019-08-10,Decision - Split,3,UFC Fight Night: Shevchenko vs. Carmouche 2
Kazula Vargas,Alex Da Silva,Alex Da Silva,2019-08-10,Decision - Unanimous,3,UFC Fight Night: Shevchenko vs. Carmouche 2
Veronica Hardy,Polyana Viana,Veronica Hardy,2019-08-10,Submission,1,UFC Fight Night: Shevchenko vs. Carmouche 2
Jim Miller,Clay Guida,Jim Miller,2019-08-03,Submission,1,UFC Fight Night: Covington vs. Lawler
Colby Covington,Robbie Lawler,Colby Covington,2019-08-03,Decision - Unanimous,5,UFC Fight Night: Covington vs. Lawler
Trevin Giles,Gerald Meerschaert,Gerald Meerschaert,2019-08-03,Submission,3,UFC Fight Night: Covington vs. Lawler
Scott Holtzman,Dong Hyun Ma,Scott Holtzman,2019-08-03,TKO - Doctor's Stoppage,2,UFC Fight Night: Covington vs. Lawler
Joaquim Silva,Nasrat Haqparast,Nasrat Haqparast,2019-08-03,KO/TKO,2,UFC Fight Night: Covington vs. Lawler
Darko Stosic,Kennedy Nzechukwu,Kennedy Nzechukwu,2019-08-03,Decision - Unanimous,3,UFC Fight Night: Covington vs. Lawler
Mickey Gall,Salim Touahri,Mickey Gall,2019-08-03,Decision - Unanimous,3,UFC Fight Night: Covington vs. Lawler
Antonina Shevchenko,Lucie Pudilova,Antonina Shevchenko,2019-08-03,Submission,2,UFC Fight Night: Covington vs. Lawler
Jordan Espinosa,Matt Schnell,Matt Schnell,2019-08-03,Submission,1,UFC Fight Night: Covington vs. Lawler
Claudio Silva,Cole Williams,Claudio Silva,2019-08-03,Submission,1,UFC Fight Night: Covington vs. Lawler
Miranda Granger,Hannah Goldy,Miranda Granger,2019-08-03,Decision - Unanimous,3,UFC Fight Night: Covington vs. Lawler
Lauren Murphy,Mara Romero Borella,Lauren Murphy,2019-08-03,KO/TKO,3,UFC Fight Night: Covington vs. Lawler
Max Holloway,Frankie Edgar,Max Holloway,2019-07-27,Decision - Unanimous,5,UFC 240: Holloway vs. Edgar
Geoff Neal,Niko Price,Geoff Neal,2019-07-27,KO/TKO,2,UFC 240: Holloway vs. Edgar
Cristiane Justino,Felicia Spencer,Cristiane Justino,2019-07-27,Decision - Unanimous,3,UFC 240: Holloway vs. Edgar
Olivier Aubin-Mercier,Arman Tsarukyan,Arman Tsarukyan,2019-07-27,Decision - Unanimous,3,UFC 240: Holloway vs. Edgar
Marc-Andre Barriault,Krzysztof Jotko,Krzysztof Jotko,2019-07-27,Decision - Split,3,UFC 240: Holloway vs. Edgar
Alexis Davis,Viviane Araujo,Viviane Araujo,2019-07-27,Decision - Unanimous,3,UFC 240: Holloway vs. Edgar
Hakeem Dawodu,Yoshinori Horie,Hakeem Dawodu,2019-07-27,KO/TKO,3,UFC 240: Holloway vs. Edgar
Gavin Tucker,SeungWoo Choi,Gavin Tucker,2019-07-27,Submission,3,UFC 240: Holloway vs. Edgar
Alexandre Pantoja,Deiveson Figueiredo,Deiveson Figueiredo,2019-07-27,Decision - Unanimous,3,UFC 240: Holloway vs. Edgar
Erik Koch,Kyle Stewart,Erik Koch,2019-07-27,Decision - Unanimous,3,UFC 240: Holloway vs. Edgar
Gillian Robertson,Sarah Frota,Gillian Robertson,2019-07-27,KO/TKO,2,UFC 240: Holloway vs. Edgar
Rafael Dos Anjos,Leon Edwards,Leon Edwards,2019-07-20,Decision - Unanimous,5,UFC Fight Night: Dos Anjos vs. Edwards
Aleksei Oleinik,Walt Harris,Walt Harris,2019-07-20,KO/TKO,1,UFC Fight Night: Dos Anjos vs. Edwards
James Vick,Dan Hooker,Dan Hooker,2019-07-20,KO/TKO,1,UFC Fight Night: Dos Anjos vs. Edwards
Greg Hardy,Juan Adams,Greg Hardy,2019-07-20,KO/TKO,1,UFC Fight Night: Dos Anjos vs. Edwards
Alex Caceres,Steven Peterson,Alex Caceres,2019-07-20,Decision - Unanimous,3,UFC Fight Night: Dos Anjos vs. Edwards
Alexander Hernandez,Francisco Trinaldo,Alexander Hernandez,2019-07-20,Decision - Unanimous,3,UFC Fight Night: Dos Anjos vs. Edwards
Andrei Arlovski,Ben Rothwell,Andrei Arlovski,2019-07-20,Decision - Unanimous,3,UFC Fight Night: Dos Anjos vs. Edwards
Sam Alvey,Klidson Abreu,Klidson Abreu,2019-07-20,Decision - Unanimous,3,UFC Fight Night: Dos Anjos vs. Edwards
Raquel Pennington,Irene Aldana,Raquel Pennington,2019-07-20,Decision - Split,3,UFC Fight Night: Dos Anjos vs. Edwards
Roxanne Modafferi,Jennifer Maia,Jennifer Maia,2019-07-20,Decision - Unanimous,3,UFC Fight Night: Dos Anjos vs. Edwards
Ray Borg,Gabriel Silva,Ray Borg,2019-07-20,Decision - Unanimous,3,UFC Fight Night: Dos Anjos vs. Edwards
Domingo Pilarte,Felipe Colares,Felipe Colares,2019-07-20,Decision - Split,3,UFC Fight Night: Dos Anjos vs. Edwards
Mario Bautista,Jin Soo Son,Mario Bautista,2019-07-20,Decision - Unanimous,3,UFC Fight Night: Dos Anjos vs. Edwards
Jon Jones,Thiago Santos,Jon Jones,2019-07-06,Decision - Split,5,UFC 239: Jones vs. Santos
Jorge Masvidal,Ben Askren,Jorge Masvidal,2019-07-06,KO/TKO,1,UFC 239: Jones vs. Santos
Amanda Nunes,Holly Holm,Amanda Nunes,2019-07-06,KO/TKO,1,UFC 239: Jones vs. Santos
Jan Blachowicz,Luke Rockhold,Jan Blachowicz,2019-07-06,KO/TKO,2,UFC 239: Jones vs. Santos
Marlon Vera,Nohelin Hernandez,Marlon Vera,2019-07-06,Submission,2,UFC 239: Jones vs. Santos
Diego Sanchez,Michael Chiesa,Michael Chiesa,2019-07-06,Decision - Unanimous,3,UFC 239: Jones vs. Santos
Gilbert Melendez,Arnold Allen,Arnold Allen,2019-07-06,Decision - Unanimous,3,UFC 239: Jones vs. Santos
Claudia Gadelha,Randa Markos,Claudia Gadelha,2019-07-06,Decision - Unanimous,3,UFC 239: Jones vs. Santos
Alejandro Perez,Song Yadong,Song Yadong,2019-07-06,KO/TKO,1,UFC 239: Jones vs. Santos
Ismail Naurdiev,Chance Rencountre,Chance Rencountre,2019-07-06,Decision - Unanimous,3,UFC 239: Jones vs. Santos
Edmen Shahbazyan,Jack Marshman,Edmen Shahbazyan,2019-07-06,Submission,1,UFC 239: Jones vs. Santos
Julia Avila,Pannie Kianzad,Julia Avila,2019-07-06,Decision - Unanimous,3,UFC 239: Jones vs. Santos
Germaine de Randamie,Aspen Ladd,Germaine de Randamie,2019-07-13,KO/TKO,1,UFC Fight Night: De Randamie vs. Ladd
Urijah Faber,Ricky Simon,Urijah Faber,2019-07-13,KO/TKO,1,UFC Fight Night: De Randamie vs. Ladd
Josh Emmett,Mirsad Bektic,Josh Emmett,2019-07-13,KO/TKO,1,UFC Fight Night: De Randamie vs. Ladd
Marvin Vettori,Cezar Ferreira,Marvin Vettori,2019-07-13,Decision - Unanimous,3,UFC Fight Night: De Randamie vs. Ladd
Karl Roberson,Wellington Turman,Karl Roberson,2019-07-13,Decision - Split,3,UFC Fight Night: De Randamie vs. Ladd
Andre Fili,Sheymon Moraes,Andre Fili,2019-07-13,KO/TKO,1,UFC Fight Night: De Randamie vs. Ladd
Julianna Pena,Nicco Montano,Julianna Pena,2019-07-13,Decision - Unanimous,3,UFC Fight Night: De Randamie vs. Ladd
Pingyuan Liu,Jonathan Martinez,Jonathan Martinez,2019-07-13,KO/TKO,3,UFC Fight Night: De Randamie vs. Ladd
Darren Elkins,Ryan Hall,Ryan Hall,2019-07-13,Decision - Unanimous,3,UFC Fight Night: De Randamie vs. Ladd
Francis Ngannou,Junior Dos Santos,Francis Ngannou,2019-06-29,KO/TKO,1,UFC Fight Night: Ngannou vs. Dos Santos
Livinha Souza,Brianna Fortino,Brianna Fortino,2019-07-13,Decision - Unanimous,3,UFC Fight Night: De Randamie vs. Ladd
Benito Lopez,Vince Morales,Benito Lopez,2019-07-13,Decision - Unanimous,3,UFC Fight Night: De Randamie vs. Ladd
Jussier Formiga,Joseph Benavidez,Joseph Benavidez,2019-06-29,KO/TKO,2,UFC Fight Night: Ngannou vs. Dos Santos
Demian Maia,Anthony Rocco Martin,Demian Maia,2019-06-29,Decision - Majority,3,UFC Fight Night: Ngannou vs. Dos Santos
Roosevelt Roberts,Vinc Pichel,Vinc Pichel,2019-06-29,Decision - Unanimous,3,UFC Fight Night: Ngannou vs. Dos Santos
Drew Dober,Marco Polo Reyes,Drew Dober,2019-06-29,KO/TKO,1,UFC Fight Night: Ngannou vs. Dos Santos
Alonzo Menifield,Paul Craig,Alonzo Menifield,2019-06-29,KO/TKO,1,UFC Fight Night: Ngannou vs. Dos Santos
Eryk Anders,Vinicius Moreira,Eryk Anders,2019-06-29,KO/TKO,1,UFC Fight Night: Ngannou vs. Dos Santos
Ricardo Ramos,Journey Newson,Ricardo Ramos,2019-06-29,Decision - Unanimous,3,UFC Fight Night: Ngannou vs. Dos Santos
Dalcha Lungiambula,Dequan Townsend,Dalcha Lungiambula,2019-06-29,KO/TKO,3,UFC Fight Night: Ngannou vs. Dos Santos
Emily Whitmire,Amanda Ribas,Amanda Ribas,2019-06-29,Submission,2,UFC Fight Night: Ngannou vs. Dos Santos
Maurice Greene,Junior Albini,Maurice Greene,2019-06-29,KO/TKO,1,UFC Fight Night: Ngannou vs. Dos Santos
Jared Gordon,Dan Moret,Jared Gordon,2019-06-29,Decision - Unanimous,3,UFC Fight Night: Ngannou vs. Dos Santos
Renato Moicano,Chan Sung Jung,Chan Sung Jung,2019-06-22,KO/TKO,1,UFC Fight Night: Moicano vs. The Korean Zombie
Andre Ewell,Anderson Dos Santos,Andre Ewell,2019-06-22,Decision - Unanimous,3,UFC Fight Night: Moicano vs. The Korean Zombie
Andrea Lee,Montana De La Rosa,Andrea Lee,2019-06-22,Decision - Unanimous,3,UFC Fight Night: Moicano vs. The Korean Zombie
Bryan Barberena,Randy Brown,Randy Brown,2019-06-22,KO/TKO,3,UFC Fight Night: Moicano vs. The Korean Zombie
Kevin Holland,Alessio Di Chirico,Kevin Holland,2019-06-22,Decision - Unanimous,3,UFC Fight Night: Moicano vs. The Korean Zombie
Ashley Yoder,Syuri Kondo,Ashley Yoder,2019-06-22,Decision - Unanimous,3,UFC Fight Night: Moicano vs. The Korean Zombie
Dan Ige,Kevin Aguilar,Dan Ige,2019-06-22,Decision - Unanimous,3,UFC Fight Night: Moicano vs. The Korean Zombie
Matt Wiman,Luis Pena,Luis Pena,2019-06-22,KO/TKO,3,UFC Fight Night: Moicano vs. The Korean Zombie
Allen Crowder,Jairzinho Rozenstruik,Jairzinho Rozenstruik,2019-06-22,KO/TKO,1,UFC Fight Night: Moicano vs. The Korean Zombie
Ariane da Silva,Molly McCann,Molly McCann,2019-06-22,Decision - Unanimous,3,UFC Fight Night: Moicano vs. The Korean Zombie
Deron Winn,Eric Spicely,Deron Winn,2019-06-22,Decision - Unanimous,3,UFC Fight Night: Moicano vs. The Korean Zombie
Valentina Shevchenko,Jessica Eye,Valentina Shevchenko,2019-06-08,KO/TKO,2,UFC 238: Cejudo vs. Moraes
Henry Cejudo,Marlon Moraes,Henry Cejudo,2019-06-08,KO/TKO,3,UFC 238: Cejudo vs. Moraes
Jimmie Rivera,Petr Yan,Petr Yan,2019-06-08,Decision - Unanimous,3,UFC 238: Cejudo vs. Moraes
Tony Ferguson,Donald Cerrone,Tony Ferguson,2019-06-08,TKO - Doctor's Stoppage,2,UFC 238: Cejudo vs. Moraes
Tai Tuivasa,Blagoy Ivanov,Blagoy Ivanov,2019-06-08,Decision - Unanimous,3,UFC 238: Cejudo vs. Moraes
Karolina Kowalkiewicz,Alexa Grasso,Alexa Grasso,2019-06-08,Decision - Unanimous,3,UFC 238: Cejudo vs. Moraes
Tatiana Suarez,Nina Nunes,Tatiana Suarez,2019-06-08,Decision - Unanimous,3,UFC 238: Cejudo vs. Moraes
Aljamain Sterling,Pedro Munhoz,Aljamain Sterling,2019-06-08,Decision - Unanimous,3,UFC 238: Cejudo vs. Moraes
Ricardo Lamas,Calvin Kattar,Calvin Kattar,2019-06-08,KO/TKO,1,UFC 238: Cejudo vs. Moraes
Bevon Lewis,Darren Stewart,Darren Stewart,2019-06-08,Decision - Unanimous,3,UFC 238: Cejudo vs. Moraes
Yan Xiaonan,Angela Hill,Yan Xiaonan,2019-06-08,Decision - Unanimous,3,UFC 238: Cejudo vs. Moraes
Katlyn Cerminara,Joanne Wood,Katlyn Cerminara,2019-06-08,Decision - Unanimous,3,UFC 238: Cejudo vs. Moraes
Eddie Wineland,Grigory Popov,Eddie Wineland,2019-06-08,KO/TKO,2,UFC 238: Cejudo vs. Moraes
Makwan Amirkhani,Chris Fishgold,Makwan Amirkhani,2019-06-01,Submission,2,UFC Fight Night: Gustafsson vs. Smith
Alexander Gustafsson,Anthony Smith,Anthony Smith,2019-06-01,Submission,4,UFC Fight Night: Gustafsson vs. Smith
Jimi Manuwa,Aleksandar Rakic,Aleksandar Rakic,2019-06-01,KO/TKO,1,UFC Fight Night: Gustafsson vs. Smith
Rostem Akman,Sergey Khandozhko,Sergey Khandozhko,2019-06-01,Decision - Unanimous,3,UFC Fight Night: Gustafsson vs. Smith
Damir Hadzovic,Christos Giagos,Christos Giagos,2019-06-01,Decision - Unanimous,3,UFC Fight Night: Gustafsson vs. Smith
Stevie Ray,Leonardo Santos,Leonardo Santos,2019-06-01,KO/TKO,1,UFC Fight Night: Gustafsson vs. Smith
Tonya Evinger,Lina Lansberg,Lina Lansberg,2019-06-01,Decision - Unanimous,3,UFC Fight Night: Gustafsson vs. Smith
Daniel Teymur,Sung Bin Jo,Daniel Teymur,2019-06-01,Decision - Unanimous,3,UFC Fight Night: Gustafsson vs. Smith
Darko Stosic,Devin Clark,Devin Clark,2019-06-01,Decision - Unanimous,3,UFC Fight Night: Gustafsson vs. Smith
Nick Hein,Frank Camacho,Frank Camacho,2019-06-01,KO/TKO,2,UFC Fight Night: Gustafsson vs. Smith
Joel Alvarez,Danilo Belluardo,Joel Alvarez,2019-06-01,KO/TKO,2,UFC Fight Night: Gustafsson vs. Smith
Bea Malecki,Duda Santana,Bea Malecki,2019-06-01,Submission,2,UFC Fight Night: Gustafsson vs. Smith
Antonio Carlos Junior,Ian Heinisch,Ian Heinisch,2019-05-18,Decision - Unanimous,3,UFC Fight Night: Dos Anjos vs. Lee
Rafael Dos Anjos,Kevin Lee,Rafael Dos Anjos,2019-05-18,Submission,4,UFC Fight Night: Dos Anjos vs. Lee
Megan Anderson,Felicia Spencer,Felicia Spencer,2019-05-18,Submission,1,UFC Fight Night: Dos Anjos vs. Lee
Vicente Luque,Derrick Krantz,Vicente Luque,2019-05-18,KO/TKO,1,UFC Fight Night: Dos Anjos vs. Lee
Charles Oliveira,Nik Lentz,Charles Oliveira,2019-05-18,KO/TKO,2,UFC Fight Night: Dos Anjos vs. Lee
Davi Ramos,Austin Hubbard,Davi Ramos,2019-05-18,Decision - Unanimous,3,UFC Fight Night: Dos Anjos vs. Lee
Aspen Ladd,Sijara Eubanks,Aspen Ladd,2019-05-18,Decision - Unanimous,3,UFC Fight Night: Dos Anjos vs. Lee
Danny Roberts,Michel Pereira,Michel Pereira,2019-05-18,KO/TKO,1,UFC Fight Night: Dos Anjos vs. Lee
Desmond Green,Charles Jourdain,Desmond Green,2019-05-18,Decision - Unanimous,3,UFC Fight Night: Dos Anjos vs. Lee
Michael Trizano,Grant Dawson,Grant Dawson,2019-05-18,Submission,2,UFC Fight Night: Dos Anjos vs. Lee
Zak Cummings,Trevin Giles,Zak Cummings,2019-05-18,Submission,3,UFC Fight Night: Dos Anjos vs. Lee
Patrick Cummins,Ed Herman,Ed Herman,2019-05-18,KO/TKO,1,UFC Fight Night: Dos Anjos vs. Lee
Julio Arce,Julian Erosa,Julio Arce,2019-05-18,KO/TKO,3,UFC Fight Night: Dos Anjos vs. Lee
Rose Namajunas,Jessica Andrade,Jessica Andrade,2019-05-11,KO/TKO,2,UFC 237: Namajunas vs. Andrade
Jared Cannonier,Anderson Silva,Jared Cannonier,2019-05-11,KO/TKO,1,UFC 237: Namajunas vs. Andrade
Jose Aldo,Alexander Volkanovski,Alexander Volkanovski,2019-05-11,Decision - Unanimous,3,UFC 237: Namajunas vs. Andrade
Thiago Alves,Laureano Staropoli,Laureano Staropoli,2019-05-11,Decision - Unanimous,3,UFC 237: Namajunas vs. Andrade
Irene Aldana,Bethe Correia,Irene Aldana,2019-05-11,Submission,3,UFC 237: Namajunas vs. Andrade
Thiago Moises,Kurt Holobaugh,Thiago Moises,2019-05-11,Decision - Unanimous,3,UFC 237: Namajunas vs. Andrade
Warlley Alves,Sergio Moraes,Warlley Alves,2019-05-11,KO/TKO,3,UFC 237: Namajunas vs. Andrade
Rogerio Nogueira,Ryan Spann,Ryan Spann,2019-05-11,KO/TKO,1,UFC 237: Namajunas vs. Andrade
BJ Penn,Clay Guida,Clay Guida,2019-05-11,Decision - Unanimous,3,UFC 237: Namajunas vs. Andrade
Raoni Barcelos,Carlos Huachin,Raoni Barcelos,2019-05-11,KO/TKO,2,UFC 237: Namajunas vs. Andrade
Al Iaquinta,Donald Cerrone,Donald Cerrone,2019-05-04,Decision - Unanimous,5,UFC Fight Night: Iaquinta vs. Cowboy
Talita Bernardo,Viviane Araujo,Viviane Araujo,2019-05-11,KO/TKO,3,UFC 237: Namajunas vs. Andrade
Luana Carolina,Priscila Cachoeira,Luana Carolina,2019-05-11,Decision - Unanimous,3,UFC 237: Namajunas vs. Andrade
Derek Brunson,Elias Theodorou,Derek Brunson,2019-05-04,Decision - Unanimous,3,UFC Fight Night: Iaquinta vs. Cowboy
Cub Swanson,Shane Burgos,Shane Burgos,2019-05-04,Decision - Split,3,UFC Fight Night: Iaquinta vs. Cowboy
Brad Katona,Merab Dvalishvili,Merab Dvalishvili,2019-05-04,Decision - Unanimous,3,UFC Fight Night: Iaquinta vs. Cowboy
Marc-Andre Barriault,Andrew Sanchez,Andrew Sanchez,2019-05-04,Decision - Unanimous,3,UFC Fight Night: Iaquinta vs. Cowboy
Walt Harris,Serghei Spivac,Walt Harris,2019-05-04,KO/TKO,1,UFC Fight Night: Iaquinta vs. Cowboy
Aiemann Zahabi,Vince Morales,Vince Morales,2019-05-04,Decision - Unanimous,3,UFC Fight Night: Iaquinta vs. Cowboy
Macy Chiasson,Sarah Moras,Macy Chiasson,2019-05-04,KO/TKO,2,UFC Fight Night: Iaquinta vs. Cowboy
Nordine Taleb,Kyle Prepolec,Nordine Taleb,2019-05-04,Decision - Unanimous,3,UFC Fight Night: Iaquinta vs. Cowboy
Kyle Nelson,Matt Sayles,Matt Sayles,2019-05-04,Submission,3,UFC Fight Night: Iaquinta vs. Cowboy
Jacare Souza,Jack Hermansson,Jack Hermansson,2019-04-27,Decision - Unanimous,5,UFC Fight Night: Jacare vs. Hermansson
Arjan Bhullar,Juan Adams,Arjan Bhullar,2019-05-04,Decision - Unanimous,3,UFC Fight Night: Iaquinta vs. Cowboy
Mitch Gagnon,Cole Smith,Cole Smith,2019-05-04,Decision - Unanimous,3,UFC Fight Night: Iaquinta vs. Cowboy
Greg Hardy,Dmitrii Smoliakov,Greg Hardy,2019-04-27,KO/TKO,1,UFC Fight Night: Jacare vs. Hermansson
Alex Oliveira,Mike Perry,Mike Perry,2019-04-27,Decision - Unanimous,3,UFC Fight Night: Jacare vs. Hermansson
Glover Teixeira,Ion Cutelaba,Glover Teixeira,2019-04-27,Submission,2,UFC Fight Night: Jacare vs. Hermansson
John Lineker,Cory Sandhagen,Cory Sandhagen,2019-04-27,Decision - Split,3,UFC Fight Night: Jacare vs. Hermansson
Roosevelt Roberts,Thomas Gifford,Roosevelt Roberts,2019-04-27,Decision - Unanimous,3,UFC Fight Night: Jacare vs. Hermansson
Ben Saunders,Takashi Sato,Takashi Sato,2019-04-27,KO/TKO,2,UFC Fight Night: Jacare vs. Hermansson
Andrei Arlovski,Augusto Sakai,Augusto Sakai,2019-04-27,Decision - Split,3,UFC Fight Night: Jacare vs. Hermansson
Gilbert Burns,Mike Davis,Gilbert Burns,2019-04-27,Submission,2,UFC Fight Night: Jacare vs. Hermansson
Carla Esparza,Virna Jandiroba,Carla Esparza,2019-04-27,Decision - Unanimous,3,UFC Fight Night: Jacare vs. Hermansson
Angela Hill,Jodie Esquibel,Angela Hill,2019-04-27,Decision - Unanimous,3,UFC Fight Night: Jacare vs. Hermansson
Jim Miller,Jason Gonzalez,Jim Miller,2019-04-27,Submission,1,UFC Fight Night: Jacare vs. Hermansson
Court McGee,Dhiego Lima,Dhiego Lima,2019-04-27,Decision - Split,3,UFC Fight Night: Jacare vs. Hermansson
Alistair Overeem,Aleksei Oleinik,Alistair Overeem,2019-04-20,KO/TKO,1,UFC Fight Night: Overeem vs. Oleinik
Islam Makhachev,Arman Tsarukyan,Islam Makhachev,2019-04-20,Decision - Unanimous,3,UFC Fight Night: Overeem vs. Oleinik
Sergei Pavlovich,Marcelo Golm,Sergei Pavlovich,2019-04-20,KO/TKO,1,UFC Fight Night: Overeem vs. Oleinik
Roxanne Modafferi,Antonina Shevchenko,Roxanne Modafferi,2019-04-20,Decision - Split,3,UFC Fight Night: Overeem vs. Oleinik
Krzysztof Jotko,Alen Amedovski,Krzysztof Jotko,2019-04-20,Decision - Unanimous,3,UFC Fight Night: Overeem vs. Oleinik
Alexander Yakovlev,Alex Da Silva,Alexander Yakovlev,2019-04-20,Submission,2,UFC Fight Night: Overeem vs. Oleinik
Movsar Evloev,SeungWoo Choi,Movsar Evloev,2019-04-20,Decision - Unanimous,3,UFC Fight Night: Overeem vs. Oleinik
Marcin Tybura,Shamil Abdurakhimov,Shamil Abdurakhimov,2019-04-20,KO/TKO,2,UFC Fight Night: Overeem vs. Oleinik
Gadzhimurad Antigulov,Michal Oleksiejczuk,Michal Oleksiejczuk,2019-04-20,KO/TKO,1,UFC Fight Night: Overeem vs. Oleinik
Sultan Aliev,Keita Nakamura,Sultan Aliev,2019-04-20,Decision - Unanimous,3,UFC Fight Night: Overeem vs. Oleinik
Edson Barboza,Justin Gaethje,Justin Gaethje,2019-03-30,KO/TKO,1,UFC Fight Night: Barboza vs. Gaethje
Magomed Mustafaev,Rafael Fiziev,Magomed Mustafaev,2019-04-20,KO/TKO,1,UFC Fight Night: Overeem vs. Oleinik
David Branch,Jack Hermansson,Jack Hermansson,2019-03-30,Submission,1,UFC Fight Night: Barboza vs. Gaethje
Josh Emmett,Michael Johnson,Josh Emmett,2019-03-30,KO/TKO,3,UFC Fight Night: Barboza vs. Gaethje
Kennedy Nzechukwu,Paul Craig,Paul Craig,2019-03-30,Submission,3,UFC Fight Night: Barboza vs. Gaethje
Karolina Kowalkiewicz,Michelle Waterson-Gomez,Michelle Waterson-Gomez,2019-03-30,Decision - Unanimous,3,UFC Fight Night: Barboza vs. Gaethje
Sodiq Yusuff,Sheymon Moraes,Sodiq Yusuff,2019-03-30,Decision - Unanimous,3,UFC Fight Night: Barboza vs. Gaethje
Marina Rodriguez,Jessica Aguilar,Marina Rodriguez,2019-03-30,Decision - Unanimous,3,UFC Fight Night: Barboza vs. Gaethje
Ross Pearson,Desmond Green,Desmond Green,2019-03-30,KO/TKO,1,UFC Fight Night: Barboza vs. Gaethje
Enrique Barzola,Kevin Aguilar,Kevin Aguilar,2019-03-30,Decision - Unanimous,3,UFC Fight Night: Barboza vs. Gaethje
Kevin Holland,Gerald Meerschaert,Kevin Holland,2019-03-30,Decision - Split,3,UFC Fight Night: Barboza vs. Gaethje
Ray Borg,Casey Kenney,Casey Kenney,2019-03-30,Decision - Unanimous,3,UFC Fight Night: Barboza vs. Gaethje
Sabina Mazo,Maryna Moroz,Maryna Moroz,2019-03-30,Decision - Unanimous,3,UFC Fight Night: Barboza vs. Gaethje
Max Holloway,Dustin Poirier,Dustin Poirier,2019-04-13,Decision - Unanimous,5,UFC 236: Holloway vs. Poirier 2
Alex Perez,Mark De La Rosa,Alex Perez,2019-03-30,Decision - Unanimous,3,UFC Fight Night: Barboza vs. Gaethje
Eryk Anders,Khalil Rountree Jr.,Khalil Rountree Jr.,2019-04-13,Decision - Unanimous,3,UFC 236: Holloway vs. Poirier 2
Kelvin Gastelum,Israel Adesanya,Israel Adesanya,2019-04-13,Decision - Unanimous,5,UFC 236: Holloway vs. Poirier 2
Jalin Turner,Matt Frevola,Matt Frevola,2019-04-13,Decision - Unanimous,3,UFC 236: Holloway vs. Poirier 2
Ovince Saint Preux,Nikita Krylov,Nikita Krylov,2019-04-13,Submission,2,UFC 236: Holloway vs. Poirier 2
Alan Jouban,Dwight Grant,Dwight Grant,2019-04-13,Decision - Split,3,UFC 236: Holloway vs. Poirier 2
Wilson Reis,Alexandre Pantoja,Alexandre Pantoja,2019-04-13,KO/TKO,1,UFC 236: Holloway vs. Poirier 2
Boston Salmon,Khalid Taha,Khalid Taha,2019-04-13,KO/TKO,1,UFC 236: Holloway vs. Poirier 2
Max Griffin,Zelim Imadaev,Max Griffin,2019-04-13,Decision - Majority,3,UFC 236: Holloway vs. Poirier 2
Montel Jackson,Andre Soukhamthath,Montel Jackson,2019-04-13,Decision - Unanimous,3,UFC 236: Holloway vs. Poirier 2
Lauren Mueller,Poliana Botelho,Poliana Botelho,2019-04-13,Decision - Unanimous,3,UFC 236: Holloway vs. Poirier 2
Brandon Davis,Randy Costa,Brandon Davis,2019-04-13,Submission,2,UFC 236: Holloway vs. Poirier 2
Curtis Millender,Belal Muhammad,Belal Muhammad,2019-04-13,Decision - Unanimous,3,UFC 236: Holloway vs. Poirier 2
Stephen Thompson,Anthony Pettis,Anthony Pettis,2019-03-23,KO/TKO,2,UFC Fight Night: Thompson vs. Pettis
Curtis Blaydes,Justin Willis,Curtis Blaydes,2019-03-23,Decision - Unanimous,3,UFC Fight Night: Thompson vs. Pettis
Jussier Formiga,Deiveson Figueiredo,Jussier Formiga,2019-03-23,Decision - Unanimous,3,UFC Fight Night: Thompson vs. Pettis
John Makdessi,Jesus Pinedo,John Makdessi,2019-03-23,Decision - Unanimous,3,UFC Fight Night: Thompson vs. Pettis
Luis Pena,Steven Peterson,Luis Pena,2019-03-23,Decision - Unanimous,3,UFC Fight Night: Thompson vs. Pettis
Bryce Mitchell,Bobby Moffett,Bryce Mitchell,2019-03-23,Decision - Unanimous,3,UFC Fight Night: Thompson vs. Pettis
Alexis Davis,Jennifer Maia,Jennifer Maia,2019-03-23,Decision - Unanimous,3,UFC Fight Night: Thompson vs. Pettis
Maycee Barber,JJ Aldrich,Maycee Barber,2019-03-23,KO/TKO,2,UFC Fight Night: Thompson vs. Pettis
Marlon Vera,Frankie Saenz,Marlon Vera,2019-03-23,KO/TKO,1,UFC Fight Night: Thompson vs. Pettis
Randa Markos,Angela Hill,Randa Markos,2019-03-23,Submission,1,UFC Fight Night: Thompson vs. Pettis
Ryan MacDonald,Chris Gutierrez,Chris Gutierrez,2019-03-23,Decision - Unanimous,3,UFC Fight Night: Thompson vs. Pettis
Leon Edwards,Gunnar Nelson,Leon Edwards,2019-03-16,Decision - Split,3,UFC Fight Night: Till vs. Masvidal
Darren Till,Jorge Masvidal,Jorge Masvidal,2019-03-16,KO/TKO,2,UFC Fight Night: Till vs. Masvidal
Eric Shelton,Jordan Espinosa,Jordan Espinosa,2019-03-23,Decision - Unanimous,3,UFC Fight Night: Thompson vs. Pettis
Nathaniel Wood,Jose Quinonez,Nathaniel Wood,2019-03-16,Submission,2,UFC Fight Night: Till vs. Masvidal
Danny Roberts,Claudio Silva,Claudio Silva,2019-03-16,Submission,3,UFC Fight Night: Till vs. Masvidal
Volkan Oezdemir,Dominick Reyes,Dominick Reyes,2019-03-16,Decision - Split,3,UFC Fight Night: Till vs. Masvidal
Jack Marshman,John Phillips,Jack Marshman,2019-03-16,Decision - Split,3,UFC Fight Night: Till vs. Masvidal
Arnold Allen,Jordan Rinaldi,Arnold Allen,2019-03-16,Decision - Unanimous,3,UFC Fight Night: Till vs. Masvidal
Marc Diakiese,Joe Duffy,Marc Diakiese,2019-03-16,Decision - Unanimous,3,UFC Fight Night: Till vs. Masvidal
Danny Henry,Dan Ige,Dan Ige,2019-03-16,Submission,1,UFC Fight Night: Till vs. Masvidal
Nicolae Negumereanu,Saparbeg Safarov,Saparbeg Safarov,2019-03-16,Decision - Unanimous,3,UFC Fight Night: Till vs. Masvidal
Molly McCann,Priscila Cachoeira,Molly McCann,2019-03-16,Decision - Unanimous,3,UFC Fight Night: Till vs. Masvidal
Mike Grundy,Nad Narimani,Mike Grundy,2019-03-16,KO/TKO,2,UFC Fight Night: Till vs. Masvidal
Derrick Lewis,Junior Dos Santos,Junior Dos Santos,2019-03-09,KO/TKO,2,UFC Fight Night: Lewis vs. Dos Santos
Elizeu Zaleski dos Santos,Curtis Millender,Elizeu Zaleski dos Santos,2019-03-09,Submission,1,UFC Fight Night: Lewis vs. Dos Santos
Blagoy Ivanov,Ben Rothwell,Blagoy Ivanov,2019-03-09,Decision - Unanimous,3,UFC Fight Night: Lewis vs. Dos Santos
Tim Means,Niko Price,Niko Price,2019-03-09,KO/TKO,1,UFC Fight Night: Lewis vs. Dos Santos
Beneil Dariush,Drew Dober,Beneil Dariush,2019-03-09,Submission,2,UFC Fight Night: Lewis vs. Dos Santos
Anthony Rocco Martin,Sergio Moraes,Anthony Rocco Martin,2019-03-09,Decision - Unanimous,3,UFC Fight Night: Lewis vs. Dos Santos
Tim Boetsch,Omari Akhmedov,Omari Akhmedov,2019-03-09,Decision - Unanimous,3,UFC Fight Night: Lewis vs. Dos Santos
Marion Reneau,Yana Santos,Yana Santos,2019-03-09,Decision - Unanimous,3,UFC Fight Night: Lewis vs. Dos Santos
Grant Dawson,Julian Erosa,Grant Dawson,2019-03-09,Decision - Unanimous,3,UFC Fight Night: Lewis vs. Dos Santos
Maurice Greene,Jeff Hughes,Maurice Greene,2019-03-09,Decision - Split,3,UFC Fight Night: Lewis vs. Dos Santos
Louis Smolka,Matt Schnell,Matt Schnell,2019-03-09,Submission,1,UFC Fight Night: Lewis vs. Dos Santos
Alex White,Dan Moret,Alex White,2019-03-09,Decision - Unanimous,3,UFC Fight Night: Lewis vs. Dos Santos
Jon Jones,Anthony Smith,Jon Jones,2019-03-02,Decision - Unanimous,5,UFC 235: Jones vs. Smith
Alex Morono,Zak Ottow,Alex Morono,2019-03-09,KO/TKO,1,UFC Fight Night: Lewis vs. Dos Santos
Tyron Woodley,Kamaru Usman,Kamaru Usman,2019-03-02,Decision - Unanimous,5,UFC 235: Jones vs. Smith
Robbie Lawler,Ben Askren,Ben Askren,2019-03-02,Submission,1,UFC 235: Jones vs. Smith
Tecia Pennington,Zhang Weili,Zhang Weili,2019-03-02,Decision - Unanimous,3,UFC 235: Jones vs. Smith
Cody Garbrandt,Pedro Munhoz,Pedro Munhoz,2019-03-02,KO/TKO,1,UFC 235: Jones vs. Smith
Misha Cirkunov,Johnny Walker,Johnny Walker,2019-03-02,KO/TKO,1,UFC 235: Jones vs. Smith
Jeremy Stephens,Zabit Magomedsharipov,Zabit Magomedsharipov,2019-03-02,Decision - Unanimous,3,UFC 235: Jones vs. Smith
Diego Sanchez,Mickey Gall,Diego Sanchez,2019-03-02,KO/TKO,2,UFC 235: Jones vs. Smith
Cody Stamann,Alejandro Perez,Cody Stamann,2019-03-02,Decision - Unanimous,3,UFC 235: Jones vs. Smith
Edmen Shahbazyan,Charles Byrd,Edmen Shahbazyan,2019-03-02,KO/TKO,1,UFC 235: Jones vs. Smith
Jan Blachowicz,Thiago Santos,Thiago Santos,2019-02-23,KO/TKO,3,UFC Fight Night: Blachowicz vs. Santos
Gina Mazany,Macy Chiasson,Macy Chiasson,2019-03-02,KO/TKO,1,UFC 235: Jones vs. Smith
Polyana Viana,Hannah Cifers,Hannah Cifers,2019-03-02,Decision - Split,3,UFC 235: Jones vs. Smith
Gian Villante,Michal Oleksiejczuk,Michal Oleksiejczuk,2019-02-23,KO/TKO,1,UFC Fight Night: Blachowicz vs. Santos
Stefan Struve,Marcos Rogerio de Lima,Stefan Struve,2019-02-23,Submission,2,UFC Fight Night: Blachowicz vs. Santos
Liz Carmouche,Lucie Pudilova,Liz Carmouche,2019-02-23,Decision - Unanimous,3,UFC Fight Night: Blachowicz vs. Santos
Magomed Ankalaev,Klidson Abreu,Magomed Ankalaev,2019-02-23,Decision - Unanimous,3,UFC Fight Night: Blachowicz vs. Santos
Dwight Grant,Carlo Pedersoli Jr.,Dwight Grant,2019-02-23,KO/TKO,1,UFC Fight Night: Blachowicz vs. Santos
John Dodson,Petr Yan,Petr Yan,2019-02-23,Decision - Unanimous,3,UFC Fight Night: Blachowicz vs. Santos
Veronica Hardy,Gillian Robertson,Gillian Robertson,2019-02-23,Submission,2,UFC Fight Night: Blachowicz vs. Santos
Damir Hadzovic,Marco Polo Reyes,Damir Hadzovic,2019-02-23,KO/TKO,2,UFC Fight Night: Blachowicz vs. Santos
Daniel Teymur,Chris Fishgold,Chris Fishgold,2019-02-23,Submission,2,UFC Fight Night: Blachowicz vs. Santos
Damir Ismagulov,Joel Alvarez,Damir Ismagulov,2019-02-23,Decision - Unanimous,3,UFC Fight Night: Blachowicz vs. Santos
Michel Prazeres,Ismail Naurdiev,Ismail Naurdiev,2019-02-23,Decision - Unanimous,3,UFC Fight Night: Blachowicz vs. Santos
Rustam Khabilov,Diego Ferreira,Diego Ferreira,2019-02-23,Decision - Unanimous,3,UFC Fight Night: Blachowicz vs. Santos
James Vick,Paul Felder,Paul Felder,2019-02-17,Decision - Unanimous,3,UFC Fight Night: Ngannou vs. Velasquez
Francis Ngannou,Cain Velasquez,Francis Ngannou,2019-02-17,KO/TKO,1,UFC Fight Night: Ngannou vs. Velasquez
Vicente Luque,Bryan Barberena,Vicente Luque,2019-02-17,KO/TKO,3,UFC Fight Night: Ngannou vs. Velasquez
Cortney Casey,Cynthia Calvillo,Cynthia Calvillo,2019-02-17,Decision - Unanimous,3,UFC Fight Night: Ngannou vs. Velasquez
Alex Caceres,Kron Gracie,Kron Gracie,2019-02-17,Submission,1,UFC Fight Night: Ngannou vs. Velasquez
Andre Fili,Myles Jury,Andre Fili,2019-02-17,Decision - Unanimous,3,UFC Fight Night: Ngannou vs. Velasquez
Jimmie Rivera,Aljamain Sterling,Aljamain Sterling,2019-02-17,Decision - Unanimous,3,UFC Fight Night: Ngannou vs. Velasquez
Benito Lopez,Manny Bermudez,Manny Bermudez,2019-02-17,Submission,1,UFC Fight Night: Ngannou vs. Velasquez
Ashlee Evans-Smith,Andrea Lee,Andrea Lee,2019-02-17,Decision - Unanimous,3,UFC Fight Night: Ngannou vs. Velasquez
Renan Barao,Luke Sanders,Luke Sanders,2019-02-17,KO/TKO,2,UFC Fight Night: Ngannou vs. Velasquez
Scott Holtzman,Nik Lentz,Nik Lentz,2019-02-17,Decision - Unanimous,3,UFC Fight Night: Ngannou vs. Velasquez
Aleksandra Albu,Emily Whitmire,Emily Whitmire,2019-02-17,Submission,1,UFC Fight Night: Ngannou vs. Velasquez
Israel Adesanya,Anderson Silva,Israel Adesanya,2019-02-09,Decision - Unanimous,3,UFC 234: Adesanya vs. Silva
Lando Vannata,Marcos Mariano,Lando Vannata,2019-02-09,Submission,1,UFC 234: Adesanya vs. Silva
Jimmy Crute,Sam Alvey,Jimmy Crute,2019-02-09,KO/TKO,1,UFC 234: Adesanya vs. Silva
Montana De La Rosa,Nadia Kassem,Montana De La Rosa,2019-02-09,Submission,2,UFC 234: Adesanya vs. Silva
Rani Yahya,Ricky Simon,Ricky Simon,2019-02-09,Decision - Unanimous,3,UFC 234: Adesanya vs. Silva
Devonte Smith,Dong Hyun Ma,Devonte Smith,2019-02-09,KO/TKO,1,UFC 234: Adesanya vs. Silva
Kai Kara-France,Raulian Paiva,Kai Kara-France,2019-02-09,Decision - Split,3,UFC 234: Adesanya vs. Silva
Shane Young,Austin Arnett,Shane Young,2019-02-09,Decision - Unanimous,3,UFC 234: Adesanya vs. Silva
Callan Potter,Jalin Turner,Jalin Turner,2019-02-09,KO/TKO,1,UFC 234: Adesanya vs. Silva
Teruto Ishihara,Kyung Ho Kang,Kyung Ho Kang,2019-02-09,Submission,1,UFC 234: Adesanya vs. Silva
Wulijiburen,Jonathan Martinez,Jonathan Martinez,2019-02-09,Decision - Unanimous,3,UFC 234: Adesanya vs. Silva
Jose Aldo,Renato Moicano,Jose Aldo,2019-02-02,KO/TKO,2,UFC Fight Night: Assuncao vs. Moraes 2
Charles Oliveira,David Teymur,Charles Oliveira,2019-02-02,Submission,2,UFC Fight Night: Assuncao vs. Moraes 2
Raphael Assuncao,Marlon Moraes,Marlon Moraes,2019-02-02,Submission,1,UFC Fight Night: Assuncao vs. Moraes 2
Demian Maia,Lyman Good,Demian Maia,2019-02-02,Submission,1,UFC Fight Night: Assuncao vs. Moraes 2
Johnny Walker,Justin Ledet,Johnny Walker,2019-02-02,KO/TKO,1,UFC Fight Night: Assuncao vs. Moraes 2
Livinha Souza,Sarah Frota,Livinha Souza,2019-02-02,Decision - Split,3,UFC Fight Night: Assuncao vs. Moraes 2
Markus Perez,Anthony Hernandez,Markus Perez,2019-02-02,Submission,2,UFC Fight Night: Assuncao vs. Moraes 2
Mara Romero Borella,Taila Santos,Mara Romero Borella,2019-02-02,Decision - Split,3,UFC Fight Night: Assuncao vs. Moraes 2
Junior Albini,Jairzinho Rozenstruik,Jairzinho Rozenstruik,2019-02-02,KO/TKO,2,UFC Fight Night: Assuncao vs. Moraes 2
Thiago Alves,Max Griffin,Thiago Alves,2019-02-02,Decision - Split,3,UFC Fight Night: Assuncao vs. Moraes 2
Geraldo de Freitas,Felipe Colares,Geraldo de Freitas,2019-02-02,Decision - Unanimous,3,UFC Fight Night: Assuncao vs. Moraes 2
Ricardo Ramos,Said Nurmagomedov,Said Nurmagomedov,2019-02-02,KO/TKO,1,UFC Fight Night: Assuncao vs. Moraes 2
Bibulatov Magomed,Rogerio Bontorin,Rogerio Bontorin,2019-02-02,Decision - Split,3,UFC Fight Night: Assuncao vs. Moraes 2
Henry Cejudo,TJ Dillashaw,Henry Cejudo,2019-01-19,KO/TKO,1,UFC Fight Night: Cejudo vs. Dillashaw
Greg Hardy,Allen Crowder,Allen Crowder,2019-01-19,DQ,2,UFC Fight Night: Cejudo vs. Dillashaw
Gregor Gillespie,Yancy Medeiros,Gregor Gillespie,2019-01-19,KO/TKO,2,UFC Fight Night: Cejudo vs. Dillashaw
Glover Teixeira,Karl Roberson,Glover Teixeira,2019-01-19,Submission,1,UFC Fight Night: Cejudo vs. Dillashaw
Joseph Benavidez,Dustin Ortiz,Joseph Benavidez,2019-01-19,Decision - Unanimous,3,UFC Fight Night: Cejudo vs. Dillashaw
Paige VanZant,Rachael Ostovich,Paige VanZant,2019-01-19,Submission,2,UFC Fight Night: Cejudo vs. Dillashaw
Alexander Hernandez,Donald Cerrone,Donald Cerrone,2019-01-19,KO/TKO,2,UFC Fight Night: Cejudo vs. Dillashaw
Alonzo Menifield,Vinicius Moreira,Alonzo Menifield,2019-01-19,KO/TKO,1,UFC Fight Night: Cejudo vs. Dillashaw
Joanne Wood,Ariane da Silva,Joanne Wood,2019-01-19,Decision - Unanimous,3,UFC Fight Night: Cejudo vs. Dillashaw
Cory Sandhagen,Mario Bautista,Cory Sandhagen,2019-01-19,Submission,1,UFC Fight Night: Cejudo vs. Dillashaw
Dennis Bermudez,Te Edwards,Dennis Bermudez,2019-01-19,Decision - Unanimous,3,UFC Fight Night: Cejudo vs. Dillashaw
Belal Muhammad,Geoff Neal,Geoff Neal,2019-01-19,Decision - Unanimous,3,UFC Fight Night: Cejudo vs. Dillashaw
Kyle Stewart,Chance Rencountre,Chance Rencountre,2019-01-19,Submission,1,UFC Fight Night: Cejudo vs. Dillashaw
Jon Jones,Alexander Gustafsson,Jon Jones,2018-12-29,KO/TKO,3,UFC 232: Jones vs. Gustafsson 2
Cristiane Justino,Amanda Nunes,Amanda Nunes,2018-12-29,KO/TKO,1,UFC 232: Jones vs. Gustafsson 2
Chad Mendes,Alexander Volkanovski,Alexander Volkanovski,2018-12-29,KO/TKO,2,UFC 232: Jones vs. Gustafsson 2
Carlos Condit,Michael Chiesa,Michael Chiesa,2018-12-29,Submission,2,UFC 232: Jones vs. Gustafsson 2
Ilir Latifi,Corey Anderson,Corey Anderson,2018-12-29,Decision - Unanimous,3,UFC 232: Jones vs. Gustafsson 2
Douglas Silva de Andrade,Petr Yan,Petr Yan,2018-12-29,KO/TKO,2,UFC 232: Jones vs. Gustafsson 2
Cat Zingano,Megan Anderson,Megan Anderson,2018-12-29,KO/TKO,1,UFC 232: Jones vs. Gustafsson 2
BJ Penn,Ryan Hall,Ryan Hall,2018-12-29,Submission,1,UFC 232: Jones vs. Gustafsson 2
Uriah Hall,Bevon Lewis,Uriah Hall,2018-12-29,KO/TKO,3,UFC 232: Jones vs. Gustafsson 2
Nathaniel Wood,Andre Ewell,Nathaniel Wood,2018-12-29,Submission,3,UFC 232: Jones vs. Gustafsson 2
Curtis Millender,Siyar Bahadurzada,Curtis Millender,2018-12-29,Decision - Unanimous,3,UFC 232: Jones vs. Gustafsson 2
Brian Kelleher,Montel Jackson,Montel Jackson,2018-12-29,Submission,1,UFC 232: Jones vs. Gustafsson 2
Max Holloway,Brian Ortega,Max Holloway,2018-12-08,TKO - Doctor's Stoppage,4,UFC 231: Holloway vs. Ortega
Valentina Shevchenko,Joanna Jedrzejczyk,Valentina Shevchenko,2018-12-08,Decision - Unanimous,5,UFC 231: Holloway vs. Ortega
Alex Oliveira,Gunnar Nelson,Gunnar Nelson,2018-12-08,Submission,2,UFC 231: Holloway vs. Ortega
Jimi Manuwa,Thiago Santos,Thiago Santos,2018-12-08,KO/TKO,2,UFC 231: Holloway vs. Ortega
Hakeem Dawodu,Kyle Bochniak,Hakeem Dawodu,2018-12-08,Decision - Split,3,UFC 231: Holloway vs. Ortega
Claudia Gadelha,Nina Nunes,Nina Nunes,2018-12-08,Decision - Unanimous,3,UFC 231: Holloway vs. Ortega
Olivier Aubin-Mercier,Gilbert Burns,Gilbert Burns,2018-12-08,Decision - Unanimous,3,UFC 231: Holloway vs. Ortega
Katlyn Cerminara,Jessica Eye,Jessica Eye,2018-12-08,Decision - Split,3,UFC 231: Holloway vs. Ortega
Brad Katona,Matthew Lopez,Brad Katona,2018-12-08,Decision - Unanimous,3,UFC 231: Holloway vs. Ortega
Elias Theodorou,Eryk Anders,Elias Theodorou,2018-12-08,Decision - Split,3,UFC 231: Holloway vs. Ortega
Diego Ferreira,Kyle Nelson,Diego Ferreira,2018-12-08,KO/TKO,2,UFC 231: Holloway vs. Ortega
Devin Clark,Aleksandar Rakic,Aleksandar Rakic,2018-12-08,KO/TKO,1,UFC 231: Holloway vs. Ortega
Chad Laprise,Dhiego Lima,Dhiego Lima,2018-12-08,KO/TKO,1,UFC 231: Holloway vs. Ortega
Kevin Lee,Al Iaquinta,Al Iaquinta,2018-12-15,Decision - Unanimous,5,UFC Fight Night: Lee vs. Iaquinta
Edson Barboza,Dan Hooker,Edson Barboza,2018-12-15,KO/TKO,3,UFC Fight Night: Lee vs. Iaquinta
Rob Font,Sergio Pettis,Rob Font,2018-12-15,Decision - Unanimous,3,UFC Fight Night: Lee vs. Iaquinta
Jim Miller,Charles Oliveira,Charles Oliveira,2018-12-15,Submission,1,UFC Fight Night: Lee vs. Iaquinta
Zak Ottow,Dwight Grant,Zak Ottow,2018-12-15,Decision - Split,3,UFC Fight Night: Lee vs. Iaquinta
Jared Gordon,Joaquim Silva,Joaquim Silva,2018-12-15,KO/TKO,3,UFC Fight Night: Lee vs. Iaquinta
King Green,Drakkar Klose,Drakkar Klose,2018-12-15,Decision - Unanimous,3,UFC Fight Night: Lee vs. Iaquinta
Gerald Meerschaert,Jack Hermansson,Jack Hermansson,2018-12-15,Submission,1,UFC Fight Night: Lee vs. Iaquinta
Dan Ige,Jordan Griffin,Dan Ige,2018-12-15,Decision - Unanimous,3,UFC Fight Night: Lee vs. Iaquinta
Trevor Smith,Zak Cummings,Zak Cummings,2018-12-15,Decision - Unanimous,3,UFC Fight Night: Lee vs. Iaquinta
Chris de la Rocha,Juan Adams,Juan Adams,2018-12-15,KO/TKO,3,UFC Fight Night: Lee vs. Iaquinta
Adam Milstead,Mike Rodriguez,Mike Rodriguez,2018-12-15,KO/TKO,1,UFC Fight Night: Lee vs. Iaquinta
Junior Dos Santos,Tai Tuivasa,Junior Dos Santos,2018-12-01,KO/TKO,2,UFC Fight Night: Dos Santos vs. Tuivasa
Mark Hunt,Justin Willis,Justin Willis,2018-12-01,Decision - Unanimous,3,UFC Fight Night: Dos Santos vs. Tuivasa
Jake Matthews,Anthony Rocco Martin,Anthony Rocco Martin,2018-12-01,Submission,3,UFC Fight Night: Dos Santos vs. Tuivasa
Mauricio Rua,Tyson Pedro,Mauricio Rua,2018-12-01,KO/TKO,3,UFC Fight Night: Dos Santos vs. Tuivasa
Suman Mokhtarian,Sodiq Yusuff,Sodiq Yusuff,2018-12-01,KO/TKO,1,UFC Fight Night: Dos Santos vs. Tuivasa
Jimmy Crute,Paul Craig,Jimmy Crute,2018-12-01,Submission,3,UFC Fight Night: Dos Santos vs. Tuivasa
Yushin Okami,Aleksei Kunchenko,Aleksei Kunchenko,2018-12-01,Decision - Unanimous,3,UFC Fight Night: Dos Santos vs. Tuivasa
Wilson Reis,Ben Nguyen,Wilson Reis,2018-12-01,Decision - Unanimous,3,UFC Fight Night: Dos Santos vs. Tuivasa
Keita Nakamura,Salim Touahri,Keita Nakamura,2018-12-01,Decision - Split,3,UFC Fight Night: Dos Santos vs. Tuivasa
Elias Garcia,Kai Kara-France,Kai Kara-France,2018-12-01,Decision - Unanimous,3,UFC Fight Night: Dos Santos vs. Tuivasa
Mizuto Hirota,Christos Giagos,Christos Giagos,2018-12-01,Decision - Unanimous,3,UFC Fight Night: Dos Santos vs. Tuivasa
Curtis Blaydes,Francis Ngannou,Francis Ngannou,2018-11-24,KO/TKO,1,UFC Fight Night: Blaydes vs. Ngannou 2
Alex Gorgees,Damir Ismagulov,Damir Ismagulov,2018-12-01,Decision - Unanimous,3,UFC Fight Night: Dos Santos vs. Tuivasa
Alistair Overeem,Sergei Pavlovich,Alistair Overeem,2018-11-24,KO/TKO,1,UFC Fight Night: Blaydes vs. Ngannou 2
Song Yadong,Vince Morales,Song Yadong,2018-11-24,Decision - Unanimous,3,UFC Fight Night: Blaydes vs. Ngannou 2
Li Jingliang,David Zawada,Li Jingliang,2018-11-24,KO/TKO,3,UFC Fight Night: Blaydes vs. Ngannou 2
Song Kenan,Alex Morono,Alex Morono,2018-11-24,Decision - Unanimous,3,UFC Fight Night: Blaydes vs. Ngannou 2
Wu Yanan,Lauren Mueller,Wu Yanan,2018-11-24,Submission,1,UFC Fight Night: Blaydes vs. Ngannou 2
Hu Yaozong,Rashad Coulter,Rashad Coulter,2018-11-24,Decision - Unanimous,3,UFC Fight Night: Blaydes vs. Ngannou 2
Zhang Weili,Jessica Aguilar,Zhang Weili,2018-11-24,Submission,1,UFC Fight Night: Blaydes vs. Ngannou 2
Yan Xiaonan,Syuri Kondo,Yan Xiaonan,2018-11-24,Decision - Unanimous,3,UFC Fight Night: Blaydes vs. Ngannou 2
Pingyuan Liu,Martin Day,Pingyuan Liu,2018-11-24,Decision - Split,3,UFC Fight Night: Blaydes vs. Ngannou 2
Kevin Holland,John Phillips,Kevin Holland,2018-11-24,Submission,3,UFC Fight Night: Blaydes vs. Ngannou 2
Sumudaerji,Louis Smolka,Louis Smolka,2018-11-24,Submission,2,UFC Fight Night: Blaydes vs. Ngannou 2
Pannie Kianzad,Macy Chiasson,Macy Chiasson,2018-11-30,Submission,2,The Ultimate Fighter: Heavy Hitters Finale
Juan Espino,Justin Frazier,Juan Espino,2018-11-30,Submission,1,The Ultimate Fighter: Heavy Hitters Finale
Rafael Dos Anjos,Kamaru Usman,Kamaru Usman,2018-11-30,Decision - Unanimous,5,The Ultimate Fighter: Heavy Hitters Finale
Pedro Munhoz,Bryan Caraway,Pedro Munhoz,2018-11-30,KO/TKO,1,The Ultimate Fighter: Heavy Hitters Finale
Darren Stewart,Edmen Shahbazyan,Edmen Shahbazyan,2018-11-30,Decision - Split,3,The Ultimate Fighter: Heavy Hitters Finale
Ji Yeon Kim,Antonina Shevchenko,Antonina Shevchenko,2018-11-30,Decision - Unanimous,3,The Ultimate Fighter: Heavy Hitters Finale
Joseph Benavidez,Alex Perez,Joseph Benavidez,2018-11-30,KO/TKO,1,The Ultimate Fighter: Heavy Hitters Finale
Ricky Glenn,Kevin Aguilar,Kevin Aguilar,2018-11-30,Decision - Unanimous,3,The Ultimate Fighter: Heavy Hitters Finale
Maurice Greene,Michel Batista,Maurice Greene,2018-11-30,Submission,1,The Ultimate Fighter: Heavy Hitters Finale
Roosevelt Roberts,Darrell Horcher,Roosevelt Roberts,2018-11-30,Submission,1,The Ultimate Fighter: Heavy Hitters Finale
Julija Stoliarenko,Leah Letson,Leah Letson,2018-11-30,Decision - Split,3,The Ultimate Fighter: Heavy Hitters Finale
Tim Means,Ricky Rainey,Tim Means,2018-11-30,KO/TKO,1,The Ultimate Fighter: Heavy Hitters Finale
Raoni Barcelos,Chris Gutierrez,Raoni Barcelos,2018-11-30,Submission,2,The Ultimate Fighter: Heavy Hitters Finale
Ricardo Lamas,Darren Elkins,Ricardo Lamas,2018-11-17,KO/TKO,3,UFC Fight Night: Magny vs. Ponzinibbio
Cezar Ferreira,Ian Heinisch,Ian Heinisch,2018-11-17,Decision - Unanimous,3,UFC Fight Night: Magny vs. Ponzinibbio
Khalil Rountree Jr.,Johnny Walker,Johnny Walker,2018-11-17,KO/TKO,1,UFC Fight Night: Magny vs. Ponzinibbio
Neil Magny,Santiago Ponzinibbio,Santiago Ponzinibbio,2018-11-17,KO/TKO,4,UFC Fight Night: Magny vs. Ponzinibbio
Cynthia Calvillo,Poliana Botelho,Cynthia Calvillo,2018-11-17,Submission,1,UFC Fight Night: Magny vs. Ponzinibbio
Michel Prazeres,Bartosz Fabinski,Michel Prazeres,2018-11-17,Submission,1,UFC Fight Night: Magny vs. Ponzinibbio
Guido Cannetti,Marlon Vera,Marlon Vera,2018-11-17,Submission,2,UFC Fight Night: Magny vs. Ponzinibbio
Alexandre Pantoja,Yuta Sasaki,Alexandre Pantoja,2018-11-17,Submission,1,UFC Fight Night: Magny vs. Ponzinibbio
Humberto Bandenay,Austin Arnett,Austin Arnett,2018-11-17,Decision - Unanimous,3,UFC Fight Night: Magny vs. Ponzinibbio
Laureano Staropoli,Hector Aldana,Laureano Staropoli,2018-11-17,Decision - Unanimous,3,UFC Fight Night: Magny vs. Ponzinibbio
Devin Powell,Jesus Pinedo,Jesus Pinedo,2018-11-17,Decision - Unanimous,3,UFC Fight Night: Magny vs. Ponzinibbio
Nad Narimani,Anderson Dos Santos,Nad Narimani,2018-11-17,Decision - Unanimous,3,UFC Fight Night: Magny vs. Ponzinibbio
Donald Cerrone,Mike Perry,Donald Cerrone,2018-11-10,Submission,1,UFC Fight Night: Korean Zombie vs. Rodriguez
Raquel Pennington,Germaine de Randamie,Germaine de Randamie,2018-11-10,Decision - Unanimous,3,UFC Fight Night: Korean Zombie vs. Rodriguez
Chan Sung Jung,Yair Rodriguez,Yair Rodriguez,2018-11-10,KO/TKO,5,UFC Fight Night: Korean Zombie vs. Rodriguez
Michael Trizano,Luis Pena,Michael Trizano,2018-11-10,Decision - Split,3,UFC Fight Night: Korean Zombie vs. Rodriguez
Beneil Dariush,Thiago Moises,Beneil Dariush,2018-11-10,Decision - Unanimous,3,UFC Fight Night: Korean Zombie vs. Rodriguez
Maycee Barber,Hannah Cifers,Maycee Barber,2018-11-10,KO/TKO,2,UFC Fight Night: Korean Zombie vs. Rodriguez
Davi Ramos,John Gunther,Davi Ramos,2018-11-10,Submission,1,UFC Fight Night: Korean Zombie vs. Rodriguez
Ashley Yoder,Amanda Cooper,Ashley Yoder,2018-11-10,Decision - Split,3,UFC Fight Night: Korean Zombie vs. Rodriguez
Devonte Smith,Julian Erosa,Devonte Smith,2018-11-10,KO/TKO,1,UFC Fight Night: Korean Zombie vs. Rodriguez
Joseph Morales,Eric Shelton,Eric Shelton,2018-11-10,Decision - Split,3,UFC Fight Night: Korean Zombie vs. Rodriguez
Mark De La Rosa,Joby Sanchez,Mark De La Rosa,2018-11-10,Decision - Split,3,UFC Fight Night: Korean Zombie vs. Rodriguez
Daniel Cormier,Derrick Lewis,Daniel Cormier,2018-11-03,Submission,2,UFC 230: Cormier vs. Lewis
David Branch,Jared Cannonier,Jared Cannonier,2018-11-03,KO/TKO,2,UFC 230: Cormier vs. Lewis
Chris Weidman,Jacare Souza,Jacare Souza,2018-11-03,KO/TKO,3,UFC 230: Cormier vs. Lewis
Jason Knight,Jordan Rinaldi,Jordan Rinaldi,2018-11-03,Decision - Unanimous,3,UFC 230: Cormier vs. Lewis
Karl Roberson,Jack Marshman,Karl Roberson,2018-11-03,Decision - Unanimous,3,UFC 230: Cormier vs. Lewis
Sijara Eubanks,Roxanne Modafferi,Sijara Eubanks,2018-11-03,Decision - Unanimous,3,UFC 230: Cormier vs. Lewis
Derek Brunson,Israel Adesanya,Israel Adesanya,2018-11-03,KO/TKO,1,UFC 230: Cormier vs. Lewis
Julio Arce,Sheymon Moraes,Sheymon Moraes,2018-11-03,Decision - Split,3,UFC 230: Cormier vs. Lewis
Lyman Good,Ben Saunders,Lyman Good,2018-11-03,KO/TKO,1,UFC 230: Cormier vs. Lewis
Shane Burgos,Kurt Holobaugh,Shane Burgos,2018-11-03,Submission,1,UFC 230: Cormier vs. Lewis
Adam Wieczorek,Marcos Rogerio de Lima,Marcos Rogerio de Lima,2018-11-03,Decision - Unanimous,3,UFC 230: Cormier vs. Lewis
Volkan Oezdemir,Anthony Smith,Anthony Smith,2018-10-27,Submission,3,UFC Fight Night: Oezdemir vs. Smith
Misha Cirkunov,Patrick Cummins,Misha Cirkunov,2018-10-27,Submission,1,UFC Fight Night: Oezdemir vs. Smith
Michael Johnson,Artem Lobov,Michael Johnson,2018-10-27,Decision - Unanimous,3,UFC Fight Night: Oezdemir vs. Smith
Gian Villante,Ed Herman,Gian Villante,2018-10-27,Decision - Split,3,UFC Fight Night: Oezdemir vs. Smith
Andre Soukhamthath,Jonathan Martinez,Andre Soukhamthath,2018-10-27,Decision - Unanimous,3,UFC Fight Night: Oezdemir vs. Smith
Alex Garcia,Court McGee,Court McGee,2018-10-27,Decision - Unanimous,3,UFC Fight Night: Oezdemir vs. Smith
Nordine Taleb,Sean Strickland,Sean Strickland,2018-10-27,KO/TKO,2,UFC Fight Night: Oezdemir vs. Smith
Calvin Kattar,Chris Fishgold,Calvin Kattar,2018-10-27,KO/TKO,1,UFC Fight Night: Oezdemir vs. Smith
Thibault Gouti,Nasrat Haqparast,Nasrat Haqparast,2018-10-27,Decision - Unanimous,3,UFC Fight Night: Oezdemir vs. Smith
Sarah Moras,Talita Bernardo,Talita Bernardo,2018-10-27,Decision - Unanimous,3,UFC Fight Night: Oezdemir vs. Smith
Te Edwards,Don Madge,Don Madge,2018-10-27,KO/TKO,2,UFC Fight Night: Oezdemir vs. Smith
Arjan Bhullar,Marcelo Golm,Arjan Bhullar,2018-10-27,Decision - Unanimous,3,UFC Fight Night: Oezdemir vs. Smith
Tony Ferguson,Anthony Pettis,Tony Ferguson,2018-10-06,KO/TKO,2,UFC 229: Khabib vs. McGregor
Stevie Ray,Jessin Ayari,Stevie Ray,2018-10-27,Decision - Unanimous,3,UFC Fight Night: Oezdemir vs. Smith
Khabib Nurmagomedov,Conor McGregor,Khabib Nurmagomedov,2018-10-06,Submission,4,UFC 229: Khabib vs. McGregor
Derrick Lewis,Alexander Volkov,Derrick Lewis,2018-10-06,KO/TKO,3,UFC 229: Khabib vs. McGregor
Ovince Saint Preux,Dominick Reyes,Dominick Reyes,2018-10-06,Decision - Unanimous,3,UFC 229: Khabib vs. McGregor
Michelle Waterson-Gomez,Felice Herrig,Michelle Waterson-Gomez,2018-10-06,Decision - Unanimous,3,UFC 229: Khabib vs. McGregor
Sergio Pettis,Jussier Formiga,Jussier Formiga,2018-10-06,Decision - Unanimous,3,UFC 229: Khabib vs. McGregor
Vicente Luque,Jalin Turner,Vicente Luque,2018-10-06,KO/TKO,1,UFC 229: Khabib vs. McGregor
Aspen Ladd,Tonya Evinger,Aspen Ladd,2018-10-06,KO/TKO,1,UFC 229: Khabib vs. McGregor
Scott Holtzman,Alan Patrick,Scott Holtzman,2018-10-06,KO/TKO,3,UFC 229: Khabib vs. McGregor
Lina Lansberg,Yana Santos,Yana Santos,2018-10-06,Decision - Unanimous,3,UFC 229: Khabib vs. McGregor
Gray Maynard,Nik Lentz,Nik Lentz,2018-10-06,KO/TKO,2,UFC 229: Khabib vs. McGregor
Ryan LaFlare,Anthony Rocco Martin,Anthony Rocco Martin,2018-10-06,KO/TKO,3,UFC 229: Khabib vs. McGregor
Alex Oliveira,Carlo Pedersoli Jr.,Alex Oliveira,2018-09-22,KO/TKO,1,UFC Fight Night: Marreta vs. Anders
Thiago Santos,Eryk Anders,Thiago Santos,2018-09-22,KO/TKO,3,UFC Fight Night: Marreta vs. Anders
Sam Alvey,Rogerio Nogueira,Rogerio Nogueira,2018-09-22,KO/TKO,2,UFC Fight Night: Marreta vs. Anders
Renan Barao,Andre Ewell,Andre Ewell,2018-09-22,Decision - Split,3,UFC Fight Night: Marreta vs. Anders
Charles Oliveira,Christos Giagos,Charles Oliveira,2018-09-22,Submission,2,UFC Fight Night: Marreta vs. Anders
Luis Henrique,Ryan Spann,Ryan Spann,2018-09-22,Decision - Unanimous,3,UFC Fight Night: Marreta vs. Anders
Francisco Trinaldo,Evan Dunham,Francisco Trinaldo,2018-09-22,KO/TKO,2,UFC Fight Night: Marreta vs. Anders
Augusto Sakai,Chase Sherman,Augusto Sakai,2018-09-22,KO/TKO,3,UFC Fight Night: Marreta vs. Anders
Sergio Moraes,Ben Saunders,Sergio Moraes,2018-09-22,Submission,2,UFC Fight Night: Marreta vs. Anders
Mayra Bueno Silva,Gillian Robertson,Mayra Bueno Silva,2018-09-22,Submission,1,UFC Fight Night: Marreta vs. Anders
Elizeu Zaleski dos Santos,Luigi Vendramini,Elizeu Zaleski dos Santos,2018-09-22,KO/TKO,2,UFC Fight Night: Marreta vs. Anders
Thales Leites,Hector Lombard,Thales Leites,2018-09-22,Decision - Unanimous,3,UFC Fight Night: Marreta vs. Anders
Livinha Souza,Alex Chambers,Livinha Souza,2018-09-22,Submission,1,UFC Fight Night: Marreta vs. Anders
Jan Blachowicz,Nikita Krylov,Jan Blachowicz,2018-09-15,Submission,2,UFC Fight Night: Hunt vs. Oleinik
Mark Hunt,Aleksei Oleinik,Aleksei Oleinik,2018-09-15,Submission,1,UFC Fight Night: Hunt vs. Oleinik
Aleksei Kunchenko,Thiago Alves,Aleksei Kunchenko,2018-09-15,Decision - Unanimous,3,UFC Fight Night: Hunt vs. Oleinik
Andrei Arlovski,Shamil Abdurakhimov,Shamil Abdurakhimov,2018-09-15,Decision - Unanimous,3,UFC Fight Night: Hunt vs. Oleinik
Khalid Murtazaliev,CB Dollaway,Khalid Murtazaliev,2018-09-15,KO/TKO,2,UFC Fight Night: Hunt vs. Oleinik
Rustam Khabilov,Kajan Johnson,Rustam Khabilov,2018-09-15,Decision - Split,3,UFC Fight Night: Hunt vs. Oleinik
Petr Yan,Jin Soo Son,Petr Yan,2018-09-15,Decision - Unanimous,3,UFC Fight Night: Hunt vs. Oleinik
Mairbek Taisumov,Desmond Green,Mairbek Taisumov,2018-09-15,Decision - Unanimous,3,UFC Fight Night: Hunt vs. Oleinik
Magomed Ankalaev,Marcin Prachnio,Magomed Ankalaev,2018-09-15,KO/TKO,1,UFC Fight Night: Hunt vs. Oleinik
Adam Yandiev,Jordan Johnson,Jordan Johnson,2018-09-15,Submission,2,UFC Fight Night: Hunt vs. Oleinik
Merab Dvalishvili,Terrion Ware,Merab Dvalishvili,2018-09-15,Decision - Unanimous,3,UFC Fight Night: Hunt vs. Oleinik
Tyron Woodley,Darren Till,Tyron Woodley,2018-09-08,Submission,2,UFC 228: Woodley vs. Till
Ramazan Emeev,Stefan Sekulic,Ramazan Emeev,2018-09-15,Decision - Unanimous,3,UFC Fight Night: Hunt vs. Oleinik
Jessica Andrade,Karolina Kowalkiewicz,Jessica Andrade,2018-09-08,KO/TKO,1,UFC 228: Woodley vs. Till
Jimmie Rivera,John Dodson,Jimmie Rivera,2018-09-08,Decision - Unanimous,3,UFC 228: Woodley vs. Till
Zabit Magomedsharipov,Brandon Davis,Zabit Magomedsharipov,2018-09-08,Submission,2,UFC 228: Woodley vs. Till
Carla Esparza,Tatiana Suarez,Tatiana Suarez,2018-09-08,KO/TKO,3,UFC 228: Woodley vs. Till
Aljamain Sterling,Cody Stamann,Aljamain Sterling,2018-09-08,Submission,2,UFC 228: Woodley vs. Till
Abdul Razak Alhassan,Niko Price,Abdul Razak Alhassan,2018-09-08,KO/TKO,1,UFC 228: Woodley vs. Till
Geoff Neal,Frank Camacho,Geoff Neal,2018-09-08,KO/TKO,2,UFC 228: Woodley vs. Till
Charles Byrd,Darren Stewart,Darren Stewart,2018-09-08,KO/TKO,2,UFC 228: Woodley vs. Till
Jim Miller,Alex White,Jim Miller,2018-09-08,Submission,1,UFC 228: Woodley vs. Till
Diego Sanchez,Craig White,Diego Sanchez,2018-09-08,Decision - Unanimous,3,UFC 228: Woodley vs. Till
Irene Aldana,Lucie Pudilova,Irene Aldana,2018-09-08,Decision - Split,3,UFC 228: Woodley vs. Till
TJ Dillashaw,Cody Garbrandt,TJ Dillashaw,2018-08-04,KO/TKO,1,UFC 227: Dillashaw vs. Garbrandt 2
Robert Sanchez,Jarred Brooks,Jarred Brooks,2018-09-08,Decision - Split,3,UFC 228: Woodley vs. Till
Polyana Viana,JJ Aldrich,JJ Aldrich,2018-08-04,Decision - Unanimous,3,UFC 227: Dillashaw vs. Garbrandt 2
Demetrious Johnson,Henry Cejudo,Henry Cejudo,2018-08-04,Decision - Split,5,UFC 227: Dillashaw vs. Garbrandt 2
Cub Swanson,Renato Moicano,Renato Moicano,2018-08-04,Submission,1,UFC 227: Dillashaw vs. Garbrandt 2
Ricky Simon,Montel Jackson,Ricky Simon,2018-08-04,Decision - Unanimous,3,UFC 227: Dillashaw vs. Garbrandt 2
Pedro Munhoz,Brett Johns,Pedro Munhoz,2018-08-04,Decision - Unanimous,3,UFC 227: Dillashaw vs. Garbrandt 2
Thiago Santos,Kevin Holland,Thiago Santos,2018-08-04,Decision - Unanimous,3,UFC 227: Dillashaw vs. Garbrandt 2
Ricardo Ramos,Kyung Ho Kang,Ricardo Ramos,2018-08-04,Decision - Split,3,UFC 227: Dillashaw vs. Garbrandt 2
Alex Perez,Jose Torres,Alex Perez,2018-08-04,KO/TKO,1,UFC 227: Dillashaw vs. Garbrandt 2
Matt Sayles,Sheymon Moraes,Sheymon Moraes,2018-08-04,Decision - Unanimous,3,UFC 227: Dillashaw vs. Garbrandt 2
Marlon Vera,Wulijiburen,Marlon Vera,2018-08-04,KO/TKO,2,UFC 227: Dillashaw vs. Garbrandt 2
Danielle Taylor,Zhang Weili,Zhang Weili,2018-08-04,Decision - Unanimous,3,UFC 227: Dillashaw vs. Garbrandt 2
Cortney Casey,Angela Hill,Cortney Casey,2018-08-25,Decision - Split,3,UFC Fight Night: Gaethje vs. Vick
Michael Johnson,Andre Fili,Michael Johnson,2018-08-25,Decision - Split,3,UFC Fight Night: Gaethje vs. Vick
Justin Gaethje,James Vick,Justin Gaethje,2018-08-25,KO/TKO,1,UFC Fight Night: Gaethje vs. Vick
Eryk Anders,Tim Williams,Eryk Anders,2018-08-25,KO/TKO,3,UFC Fight Night: Gaethje vs. Vick
John Moraga,Deiveson Figueiredo,Deiveson Figueiredo,2018-08-25,KO/TKO,2,UFC Fight Night: Gaethje vs. Vick
Jake Ellenberger,Bryan Barberena,Bryan Barberena,2018-08-25,KO/TKO,1,UFC Fight Night: Gaethje vs. Vick
James Krause,Warlley Alves,James Krause,2018-08-25,KO/TKO,2,UFC Fight Night: Gaethje vs. Vick
Cory Sandhagen,Iuri Alcantara,Cory Sandhagen,2018-08-25,KO/TKO,2,UFC Fight Night: Gaethje vs. Vick
Andrew Sanchez,Markus Perez,Andrew Sanchez,2018-08-25,Decision - Unanimous,3,UFC Fight Night: Gaethje vs. Vick
Mickey Gall,George Sullivan,Mickey Gall,2018-08-25,Submission,1,UFC Fight Night: Gaethje vs. Vick
Joanne Wood,Kalindra Faria,Joanne Wood,2018-08-25,Submission,1,UFC Fight Night: Gaethje vs. Vick
Rani Yahya,Luke Sanders,Rani Yahya,2018-08-25,Submission,1,UFC Fight Night: Gaethje vs. Vick
Eddie Alvarez,Dustin Poirier,Dustin Poirier,2018-07-28,KO/TKO,2,UFC Fight Night: Alvarez vs. Poirier 2
Drew Dober,Jon Tuck,Drew Dober,2018-08-25,Decision - Unanimous,3,UFC Fight Night: Gaethje vs. Vick
Jose Aldo,Jeremy Stephens,Jose Aldo,2018-07-28,KO/TKO,1,UFC Fight Night: Alvarez vs. Poirier 2
Joanna Jedrzejczyk,Tecia Pennington,Joanna Jedrzejczyk,2018-07-28,Decision - Unanimous,3,UFC Fight Night: Alvarez vs. Poirier 2
Alexander Hernandez,Olivier Aubin-Mercier,Alexander Hernandez,2018-07-28,Decision - Unanimous,3,UFC Fight Night: Alvarez vs. Poirier 2
Jordan Mein,Alex Morono,Jordan Mein,2018-07-28,Decision - Unanimous,3,UFC Fight Night: Alvarez vs. Poirier 2
Hakeem Dawodu,Austin Arnett,Hakeem Dawodu,2018-07-28,Decision - Unanimous,3,UFC Fight Night: Alvarez vs. Poirier 2
Kajan Johnson,Islam Makhachev,Islam Makhachev,2018-07-28,Submission,1,UFC Fight Night: Alvarez vs. Poirier 2
Gadzhimurad Antigulov,Ion Cutelaba,Ion Cutelaba,2018-07-28,KO/TKO,1,UFC Fight Night: Alvarez vs. Poirier 2
John Makdessi,Ross Pearson,John Makdessi,2018-07-28,Decision - Unanimous,3,UFC Fight Night: Alvarez vs. Poirier 2
Alexis Davis,Katlyn Cerminara,Katlyn Cerminara,2018-07-28,Decision - Unanimous,3,UFC Fight Night: Alvarez vs. Poirier 2
Dustin Ortiz,Matheus Nicolau,Dustin Ortiz,2018-07-28,KO/TKO,1,UFC Fight Night: Alvarez vs. Poirier 2
Randa Markos,Nina Nunes,Nina Nunes,2018-07-28,Decision - Unanimous,3,UFC Fight Night: Alvarez vs. Poirier 2
Devin Powell,Alvaro Herrera Mendoza,Devin Powell,2018-07-28,KO/TKO,1,UFC Fight Night: Alvarez vs. Poirier 2
Junior Dos Santos,Blagoy Ivanov,Junior Dos Santos,2018-07-14,Decision - Unanimous,5,UFC Fight Night: Dos Santos vs. Ivanov
Sage Northcutt,Zak Ottow,Sage Northcutt,2018-07-14,KO/TKO,2,UFC Fight Night: Dos Santos vs. Ivanov
Dennis Bermudez,Ricky Glenn,Ricky Glenn,2018-07-14,Decision - Split,3,UFC Fight Night: Dos Santos vs. Ivanov
Myles Jury,Chad Mendes,Chad Mendes,2018-07-14,KO/TKO,1,UFC Fight Night: Dos Santos vs. Ivanov
Cat Zingano,Marion Reneau,Cat Zingano,2018-07-14,Decision - Unanimous,3,UFC Fight Night: Dos Santos vs. Ivanov
Randy Brown,Niko Price,Niko Price,2018-07-14,KO/TKO,2,UFC Fight Night: Dos Santos vs. Ivanov
Justin Scoggins,Said Nurmagomedov,Said Nurmagomedov,2018-07-14,Decision - Split,3,UFC Fight Night: Dos Santos vs. Ivanov
Eddie Wineland,Alejandro Perez,Alejandro Perez,2018-07-14,Decision - Unanimous,3,UFC Fight Night: Dos Santos vs. Ivanov
Darren Elkins,Alexander Volkanovski,Alexander Volkanovski,2018-07-14,Decision - Unanimous,3,UFC Fight Night: Dos Santos vs. Ivanov
Mark De La Rosa,Elias Garcia,Mark De La Rosa,2018-07-14,Submission,2,UFC Fight Night: Dos Santos vs. Ivanov
Kurt Holobaugh,Raoni Barcelos,Raoni Barcelos,2018-07-14,KO/TKO,3,UFC Fight Night: Dos Santos vs. Ivanov
Liz Carmouche,Jennifer Maia,Liz Carmouche,2018-07-14,Decision - Unanimous,3,UFC Fight Night: Dos Santos vs. Ivanov
Jessica Aguilar,Jodie Esquibel,Jessica Aguilar,2018-07-14,Decision - Unanimous,3,UFC Fight Night: Dos Santos vs. Ivanov
Mauricio Rua,Anthony Smith,Anthony Smith,2018-07-22,KO/TKO,1,UFC Fight Night: Shogun vs. Smith
Glover Teixeira,Corey Anderson,Corey Anderson,2018-07-22,Decision - Unanimous,3,UFC Fight Night: Shogun vs. Smith
Vitor Miranda,Abu Azaitar,Abu Azaitar,2018-07-22,Decision - Unanimous,3,UFC Fight Night: Shogun vs. Smith
Danny Roberts,David Zawada,Danny Roberts,2018-07-22,Decision - Split,3,UFC Fight Night: Shogun vs. Smith
Marcin Tybura,Stefan Struve,Marcin Tybura,2018-07-22,Decision - Unanimous,3,UFC Fight Night: Shogun vs. Smith
Nasrat Haqparast,Marc Diakiese,Nasrat Haqparast,2018-07-22,Decision - Unanimous,3,UFC Fight Night: Shogun vs. Smith
Khalid Taha,Nad Narimani,Nad Narimani,2018-07-22,Decision - Unanimous,3,UFC Fight Night: Shogun vs. Smith
Emil Meek,Bartosz Fabinski,Bartosz Fabinski,2018-07-22,Decision - Unanimous,3,UFC Fight Night: Shogun vs. Smith
Nick Hein,Damir Hadzovic,Damir Hadzovic,2018-07-22,Decision - Split,3,UFC Fight Night: Shogun vs. Smith
Justin Ledet,Aleksandar Rakic,Aleksandar Rakic,2018-07-22,Decision - Unanimous,3,UFC Fight Night: Shogun vs. Smith
Davey Grant,Manny Bermudez,Manny Bermudez,2018-07-22,Submission,1,UFC Fight Night: Shogun vs. Smith
Jeremy Kimball,Darko Stosic,Darko Stosic,2018-07-22,KO/TKO,1,UFC Fight Night: Shogun vs. Smith
Francis Ngannou,Derrick Lewis,Derrick Lewis,2018-07-07,Decision - Unanimous,3,UFC 226: Miocic vs. Cormier
Stipe Miocic,Daniel Cormier,Daniel Cormier,2018-07-07,KO/TKO,1,UFC 226: Miocic vs. Cormier
Damian Stasiak,Pingyuan Liu,Pingyuan Liu,2018-07-22,Decision - Unanimous,3,UFC Fight Night: Shogun vs. Smith
Michael Chiesa,Anthony Pettis,Anthony Pettis,2018-07-07,Submission,2,UFC 226: Miocic vs. Cormier
Gokhan Saki,Khalil Rountree Jr.,Khalil Rountree Jr.,2018-07-07,KO/TKO,1,UFC 226: Miocic vs. Cormier
Paul Felder,Mike Perry,Mike Perry,2018-07-07,Decision - Split,3,UFC 226: Miocic vs. Cormier
Raphael Assuncao,Rob Font,Raphael Assuncao,2018-07-07,Decision - Unanimous,3,UFC 226: Miocic vs. Cormier
Lando Vannata,Drakkar Klose,Drakkar Klose,2018-07-07,Decision - Unanimous,3,UFC 226: Miocic vs. Cormier
Dan Hooker,Gilbert Burns,Dan Hooker,2018-07-07,KO/TKO,1,UFC 226: Miocic vs. Cormier
Uriah Hall,Paulo Costa,Paulo Costa,2018-07-07,KO/TKO,2,UFC 226: Miocic vs. Cormier
Curtis Millender,Max Griffin,Curtis Millender,2018-07-07,Decision - Unanimous,3,UFC 226: Miocic vs. Cormier
Brad Tavares,Israel Adesanya,Israel Adesanya,2018-07-06,Decision - Unanimous,5,The Ultimate Fighter: Undefeated Finale
Jamie Moyle,Emily Whitmire,Emily Whitmire,2018-07-07,Decision - Unanimous,3,UFC 226: Miocic vs. Cormier
Michael Trizano,Joe Giannetti,Michael Trizano,2018-07-06,Decision - Split,3,The Ultimate Fighter: Undefeated Finale
Alex Caceres,Martin Bravo,Alex Caceres,2018-07-06,Decision - Split,3,The Ultimate Fighter: Undefeated Finale
Jay Cucciniello,Brad Katona,Brad Katona,2018-07-06,Decision - Unanimous,3,The Ultimate Fighter: Undefeated Finale
Montana De La Rosa,Rachael Ostovich,Montana De La Rosa,2018-07-06,Submission,3,The Ultimate Fighter: Undefeated Finale
Roxanne Modafferi,Barb Honchak,Roxanne Modafferi,2018-07-06,KO/TKO,2,The Ultimate Fighter: Undefeated Finale
Alessio Di Chirico,Julian Marquez,Alessio Di Chirico,2018-07-06,Decision - Split,3,The Ultimate Fighter: Undefeated Finale
John Gunther,Allan Zuniga,John Gunther,2018-07-06,Decision - Majority,3,The Ultimate Fighter: Undefeated Finale
Luis Pena,Richie Smullen,Luis Pena,2018-07-06,Submission,1,The Ultimate Fighter: Undefeated Finale
Tyler Diamond,Bryce Mitchell,Bryce Mitchell,2018-07-06,Decision - Majority,3,The Ultimate Fighter: Undefeated Finale
Gerald Meerschaert,Oskar Piechota,Gerald Meerschaert,2018-07-06,Submission,2,The Ultimate Fighter: Undefeated Finale
Matt Bessette,Steven Peterson,Steven Peterson,2018-07-06,Decision - Split,3,The Ultimate Fighter: Undefeated Finale
Ovince Saint Preux,Tyson Pedro,Ovince Saint Preux,2018-06-23,Submission,1,UFC Fight Night: Cowboy vs. Edwards
Donald Cerrone,Leon Edwards,Leon Edwards,2018-06-23,Decision - Unanimous,5,UFC Fight Night: Cowboy vs. Edwards
Li Jingliang,Daichi Abe,Li Jingliang,2018-06-23,Decision - Unanimous,3,UFC Fight Night: Cowboy vs. Edwards
Teruto Ishihara,Petr Yan,Petr Yan,2018-06-23,KO/TKO,1,UFC Fight Night: Cowboy vs. Edwards
Jessica-Rose Clark,Jessica Eye,Jessica Eye,2018-06-23,Decision - Unanimous,3,UFC Fight Night: Cowboy vs. Edwards
Felipe Arantes,Song Yadong,Song Yadong,2018-06-23,KO/TKO,2,UFC Fight Night: Cowboy vs. Edwards
Rolando Dy,Shane Young,Shane Young,2018-06-23,KO/TKO,2,UFC Fight Night: Cowboy vs. Edwards
Song Kenan,Hector Aldana,Song Kenan,2018-06-23,KO/TKO,2,UFC Fight Night: Cowboy vs. Edwards
Shinsho Anzai,Jake Matthews,Jake Matthews,2018-06-23,Submission,1,UFC Fight Night: Cowboy vs. Edwards
Matt Schnell,Naoki Inoue,Matt Schnell,2018-06-23,Decision - Split,3,UFC Fight Night: Cowboy vs. Edwards
Viviane Pereira,Yan Xiaonan,Yan Xiaonan,2018-06-23,Decision - Unanimous,3,UFC Fight Night: Cowboy vs. Edwards
Robert Whittaker,Yoel Romero,Robert Whittaker,2018-06-09,Decision - Split,5,UFC 225: Whittaker vs. Romero 2
Jenel Lausa,Yuta Sasaki,Yuta Sasaki,2018-06-23,Submission,2,UFC Fight Night: Cowboy vs. Edwards
Ji Yeon Kim,Melinda Fabian,Ji Yeon Kim,2018-06-23,Decision - Split,3,UFC Fight Night: Cowboy vs. Edwards
Rafael Dos Anjos,Colby Covington,Colby Covington,2018-06-09,Decision - Unanimous,5,UFC 225: Whittaker vs. Romero 2
Andrei Arlovski,Tai Tuivasa,Tai Tuivasa,2018-06-09,Decision - Unanimous,3,UFC 225: Whittaker vs. Romero 2
Holly Holm,Megan Anderson,Holly Holm,2018-06-09,Decision - Unanimous,3,UFC 225: Whittaker vs. Romero 2
Alistair Overeem,Curtis Blaydes,Curtis Blaydes,2018-06-09,KO/TKO,3,UFC 225: Whittaker vs. Romero 2
Claudia Gadelha,Carla Esparza,Claudia Gadelha,2018-06-09,Decision - Split,3,UFC 225: Whittaker vs. Romero 2
Rashad Coulter,Chris de la Rocha,Chris de la Rocha,2018-06-09,KO/TKO,2,UFC 225: Whittaker vs. Romero 2
Ricardo Lamas,Mirsad Bektic,Mirsad Bektic,2018-06-09,Decision - Split,3,UFC 225: Whittaker vs. Romero 2
Joseph Benavidez,Sergio Pettis,Sergio Pettis,2018-06-09,Decision - Split,3,UFC 225: Whittaker vs. Romero 2
Rashad Evans,Anthony Smith,Anthony Smith,2018-06-09,KO/TKO,1,UFC 225: Whittaker vs. Romero 2
Clay Guida,Charles Oliveira,Charles Oliveira,2018-06-09,Submission,1,UFC 225: Whittaker vs. Romero 2
Mike Santiago,Dan Ige,Dan Ige,2018-06-09,KO/TKO,1,UFC 225: Whittaker vs. Romero 2
Jimmie Rivera,Marlon Moraes,Marlon Moraes,2018-06-01,KO/TKO,1,UFC Fight Night: Rivera vs. Moraes
Gregor Gillespie,Vinc Pichel,Gregor Gillespie,2018-06-01,Submission,2,UFC Fight Night: Rivera vs. Moraes
Walt Harris,Daniel Spitz,Walt Harris,2018-06-01,KO/TKO,2,UFC Fight Night: Rivera vs. Moraes
Jake Ellenberger,Ben Saunders,Ben Saunders,2018-06-01,KO/TKO,1,UFC Fight Night: Rivera vs. Moraes
Julio Arce,Daniel Teymur,Julio Arce,2018-06-01,Submission,3,UFC Fight Night: Rivera vs. Moraes
Gian Villante,Sam Alvey,Sam Alvey,2018-06-01,Decision - Split,3,UFC Fight Night: Rivera vs. Moraes
Nik Lentz,David Teymur,David Teymur,2018-06-01,Decision - Unanimous,3,UFC Fight Night: Rivera vs. Moraes
Sijara Eubanks,Lauren Murphy,Sijara Eubanks,2018-06-01,Decision - Unanimous,3,UFC Fight Night: Rivera vs. Moraes
Belal Muhammad,Chance Rencountre,Belal Muhammad,2018-06-01,Decision - Unanimous,3,UFC Fight Night: Rivera vs. Moraes
Jarred Brooks,Jose Torres,Jose Torres,2018-06-01,KO/TKO,2,UFC Fight Night: Rivera vs. Moraes
Desmond Green,Gleison Tibau,Desmond Green,2018-06-01,Decision - Unanimous,3,UFC Fight Night: Rivera vs. Moraes
Johnny Eduardo,Nathaniel Wood,Nathaniel Wood,2018-06-01,Submission,2,UFC Fight Night: Rivera vs. Moraes
Stephen Thompson,Darren Till,Darren Till,2018-05-27,Decision - Unanimous,5,UFC Fight Night: Thompson vs. Till
Arnold Allen,Mads Burnell,Arnold Allen,2018-05-27,Submission,3,UFC Fight Night: Thompson vs. Till
Jason Knight,Makwan Amirkhani,Makwan Amirkhani,2018-05-27,Decision - Split,3,UFC Fight Night: Thompson vs. Till
Claudio Silva,Nordine Taleb,Claudio Silva,2018-05-27,Submission,1,UFC Fight Night: Thompson vs. Till
Neil Magny,Craig White,Neil Magny,2018-05-27,KO/TKO,1,UFC Fight Night: Thompson vs. Till
Eric Spicely,Darren Stewart,Darren Stewart,2018-05-27,KO/TKO,2,UFC Fight Night: Thompson vs. Till
Daniel Kelly,Tom Breese,Tom Breese,2018-05-27,KO/TKO,1,UFC Fight Night: Thompson vs. Till
Lina Lansberg,Gina Mazany,Lina Lansberg,2018-05-27,Decision - Unanimous,3,UFC Fight Night: Thompson vs. Till
Brad Scott,Carlo Pedersoli Jr.,Carlo Pedersoli Jr.,2018-05-27,Decision - Split,3,UFC Fight Night: Thompson vs. Till
Gillian Robertson,Molly McCann,Gillian Robertson,2018-05-27,Submission,2,UFC Fight Night: Thompson vs. Till
Elias Theodorou,Trevor Smith,Elias Theodorou,2018-05-27,Decision - Unanimous,3,UFC Fight Night: Thompson vs. Till
Demian Maia,Kamaru Usman,Kamaru Usman,2018-05-19,Decision - Unanimous,5,UFC Fight Night: Maia vs. Usman
Jared Cannonier,Dominick Reyes,Dominick Reyes,2018-05-19,KO/TKO,1,UFC Fight Night: Maia vs. Usman
Alexa Grasso,Tatiana Suarez,Tatiana Suarez,2018-05-19,Submission,1,UFC Fight Night: Maia vs. Usman
Diego Rivas,Guido Cannetti,Guido Cannetti,2018-05-19,Decision - Unanimous,3,UFC Fight Night: Maia vs. Usman
Veronica Hardy,Andrea Lee,Andrea Lee,2018-05-19,Decision - Unanimous,3,UFC Fight Night: Maia vs. Usman
Vicente Luque,Chad Laprise,Vicente Luque,2018-05-19,KO/TKO,1,UFC Fight Night: Maia vs. Usman
Zak Cummings,Michel Prazeres,Michel Prazeres,2018-05-19,Decision - Split,3,UFC Fight Night: Maia vs. Usman
Poliana Botelho,Syuri Kondo,Poliana Botelho,2018-05-19,KO/TKO,1,UFC Fight Night: Maia vs. Usman
Brandon Moreno,Alexandre Pantoja,Alexandre Pantoja,2018-05-19,Decision - Unanimous,3,UFC Fight Night: Maia vs. Usman
Gabriel Benitez,Humberto Bandenay,Gabriel Benitez,2018-05-19,KO/TKO,1,UFC Fight Night: Maia vs. Usman
Enrique Barzola,Brandon Davis,Enrique Barzola,2018-05-19,Decision - Unanimous,3,UFC Fight Night: Maia vs. Usman
Claudio Puelles,Felipe Silva,Claudio Puelles,2018-05-19,Submission,3,UFC Fight Night: Maia vs. Usman
Henry Briones,Frankie Saenz,Frankie Saenz,2018-05-19,Decision - Unanimous,3,UFC Fight Night: Maia vs. Usman
Jacare Souza,Kelvin Gastelum,Kelvin Gastelum,2018-05-12,Decision - Split,3,UFC 224: Nunes vs. Pennington
Mackenzie Dern,Amanda Cooper,Mackenzie Dern,2018-05-12,Submission,1,UFC 224: Nunes vs. Pennington
Amanda Nunes,Raquel Pennington,Amanda Nunes,2018-05-12,KO/TKO,5,UFC 224: Nunes vs. Pennington
John Lineker,Brian Kelleher,John Lineker,2018-05-12,KO/TKO,3,UFC 224: Nunes vs. Pennington
Vitor Belfort,Lyoto Machida,Lyoto Machida,2018-05-12,KO/TKO,2,UFC 224: Nunes vs. Pennington
Cezar Ferreira,Karl Roberson,Cezar Ferreira,2018-05-12,Submission,1,UFC 224: Nunes vs. Pennington
Davi Ramos,Nick Hein,Davi Ramos,2018-05-12,Submission,1,UFC 224: Nunes vs. Pennington
Aleksei Oleinik,Junior Albini,Aleksei Oleinik,2018-05-12,Submission,1,UFC 224: Nunes vs. Pennington
Thales Leites,Jack Hermansson,Jack Hermansson,2018-05-12,KO/TKO,3,UFC 224: Nunes vs. Pennington
Elizeu Zaleski dos Santos,Sean Strickland,Elizeu Zaleski dos Santos,2018-05-12,KO/TKO,1,UFC 224: Nunes vs. Pennington
Warlley Alves,Sultan Aliev,Warlley Alves,2018-05-12,TKO - Doctor's Stoppage,2,UFC 224: Nunes vs. Pennington
Markus Perez,James Bochnovic,Markus Perez,2018-05-12,Submission,1,UFC 224: Nunes vs. Pennington
Alberto Mina,Ramazan Emeev,Ramazan Emeev,2018-05-12,Decision - Unanimous,3,UFC 224: Nunes vs. Pennington
Edson Barboza,Kevin Lee,Kevin Lee,2018-04-21,TKO - Doctor's Stoppage,5,UFC Fight Night: Barboza vs. Lee
Frankie Edgar,Cub Swanson,Frankie Edgar,2018-04-21,Decision - Unanimous,3,UFC Fight Night: Barboza vs. Lee
Justin Willis,Chase Sherman,Justin Willis,2018-04-21,Decision - Unanimous,3,UFC Fight Night: Barboza vs. Lee
David Branch,Thiago Santos,David Branch,2018-04-21,KO/TKO,1,UFC Fight Night: Barboza vs. Lee
Aljamain Sterling,Brett Johns,Aljamain Sterling,2018-04-21,Decision - Unanimous,3,UFC Fight Night: Barboza vs. Lee
Ryan LaFlare,Alex Garcia,Ryan LaFlare,2018-04-21,Decision - Unanimous,3,UFC Fight Night: Barboza vs. Lee
Jim Miller,Dan Hooker,Dan Hooker,2018-04-21,KO/TKO,1,UFC Fight Night: Barboza vs. Lee
Merab Dvalishvili,Ricky Simon,Ricky Simon,2018-04-21,Submission,3,UFC Fight Night: Barboza vs. Lee
Siyar Bahadurzada,Luan Chagas,Siyar Bahadurzada,2018-04-21,KO/TKO,2,UFC Fight Night: Barboza vs. Lee
Corey Anderson,Patrick Cummins,Corey Anderson,2018-04-21,Decision - Unanimous,3,UFC Fight Night: Barboza vs. Lee
Khabib Nurmagomedov,Al Iaquinta,Khabib Nurmagomedov,2018-04-07,Decision - Unanimous,5,UFC 223: Khabib vs. Iaquinta
Anthony Rocco Martin,Keita Nakamura,Anthony Rocco Martin,2018-04-21,Decision - Unanimous,3,UFC Fight Night: Barboza vs. Lee
Rose Namajunas,Joanna Jedrzejczyk,Rose Namajunas,2018-04-07,Decision - Unanimous,5,UFC 223: Khabib vs. Iaquinta
Renato Moicano,Calvin Kattar,Renato Moicano,2018-04-07,Decision - Unanimous,3,UFC 223: Khabib vs. Iaquinta
Zabit Magomedsharipov,Kyle Bochniak,Zabit Magomedsharipov,2018-04-07,Decision - Unanimous,3,UFC 223: Khabib vs. Iaquinta
Evan Dunham,Olivier Aubin-Mercier,Olivier Aubin-Mercier,2018-04-07,KO/TKO,1,UFC 223: Khabib vs. Iaquinta
Joe Lauzon,Chris Gruetzemacher,Chris Gruetzemacher,2018-04-07,KO/TKO,2,UFC 223: Khabib vs. Iaquinta
Karolina Kowalkiewicz,Felice Herrig,Karolina Kowalkiewicz,2018-04-07,Decision - Split,3,UFC 223: Khabib vs. Iaquinta
Devin Clark,Mike Rodriguez,Devin Clark,2018-04-07,Decision - Unanimous,3,UFC 223: Khabib vs. Iaquinta
Dustin Poirier,Justin Gaethje,Dustin Poirier,2018-04-14,KO/TKO,4,UFC Fight Night: Poirier vs. Gaethje
Bec Rawlings,Ashlee Evans-Smith,Ashlee Evans-Smith,2018-04-07,Decision - Unanimous,3,UFC 223: Khabib vs. Iaquinta
Carlos Condit,Alex Oliveira,Alex Oliveira,2018-04-14,Submission,2,UFC Fight Night: Poirier vs. Gaethje
Michelle Waterson-Gomez,Cortney Casey,Michelle Waterson-Gomez,2018-04-14,Decision - Split,3,UFC Fight Night: Poirier vs. Gaethje
Israel Adesanya,Marvin Vettori,Israel Adesanya,2018-04-14,Decision - Split,3,UFC Fight Night: Poirier vs. Gaethje
Tim Boetsch,Antonio Carlos Junior,Antonio Carlos Junior,2018-04-14,Submission,1,UFC Fight Night: Poirier vs. Gaethje
Muslim Salikhov,Ricky Rainey,Muslim Salikhov,2018-04-14,KO/TKO,2,UFC Fight Night: Poirier vs. Gaethje
Wilson Reis,John Moraga,John Moraga,2018-04-14,Decision - Unanimous,3,UFC Fight Night: Poirier vs. Gaethje
Krzysztof Jotko,Brad Tavares,Brad Tavares,2018-04-14,KO/TKO,3,UFC Fight Night: Poirier vs. Gaethje
Dhiego Lima,Yushin Okami,Yushin Okami,2018-04-14,Decision - Unanimous,3,UFC Fight Night: Poirier vs. Gaethje
Shana Dobson,Lauren Mueller,Lauren Mueller,2018-04-14,Decision - Unanimous,3,UFC Fight Night: Poirier vs. Gaethje
Arjan Bhullar,Adam Wieczorek,Adam Wieczorek,2018-04-14,Submission,2,UFC Fight Night: Poirier vs. Gaethje
Luke Sanders,Patrick Williams,Luke Sanders,2018-04-14,Decision - Unanimous,3,UFC Fight Night: Poirier vs. Gaethje
Matthew Lopez,Alejandro Perez,Alejandro Perez,2018-04-14,KO/TKO,2,UFC Fight Night: Poirier vs. Gaethje
Gilbert Burns,Dan Moret,Gilbert Burns,2018-04-14,KO/TKO,2,UFC Fight Night: Poirier vs. Gaethje
Jimi Manuwa,Jan Blachowicz,Jan Blachowicz,2018-03-17,Decision - Unanimous,3,UFC Fight Night: Werdum vs. Volkov
Tom Duquesnoy,Terrion Ware,Tom Duquesnoy,2018-03-17,Decision - Unanimous,3,UFC Fight Night: Werdum vs. Volkov
Fabricio Werdum,Alexander Volkov,Alexander Volkov,2018-03-17,KO/TKO,4,UFC Fight Night: Werdum vs. Volkov
John Phillips,Charles Byrd,Charles Byrd,2018-03-17,Submission,1,UFC Fight Night: Werdum vs. Volkov
Leon Edwards,Peter Sobotta,Leon Edwards,2018-03-17,KO/TKO,3,UFC Fight Night: Werdum vs. Volkov
Danny Roberts,Oliver Enkamp,Danny Roberts,2018-03-17,KO/TKO,1,UFC Fight Night: Werdum vs. Volkov
Stevie Ray,Kajan Johnson,Kajan Johnson,2018-03-17,Decision - Split,3,UFC Fight Night: Werdum vs. Volkov
Danny Henry,Hakeem Dawodu,Danny Henry,2018-03-17,Submission,1,UFC Fight Night: Werdum vs. Volkov
Paul Craig,Magomed Ankalaev,Paul Craig,2018-03-17,Submission,3,UFC Fight Night: Werdum vs. Volkov
Frankie Edgar,Brian Ortega,Brian Ortega,2018-03-03,KO/TKO,1,UFC 222: Cyborg vs. Kunitskaya
Mark Godbeer,Dmitry Sosnovskiy,Dmitry Sosnovskiy,2018-03-17,Submission,2,UFC Fight Night: Werdum vs. Volkov
Stefan Struve,Andrei Arlovski,Andrei Arlovski,2018-03-03,Decision - Unanimous,3,UFC 222: Cyborg vs. Kunitskaya
Cristiane Justino,Yana Santos,Cristiane Justino,2018-03-03,KO/TKO,1,UFC 222: Cyborg vs. Kunitskaya
Sean O'Malley,Andre Soukhamthath,Sean O'Malley,2018-03-03,Decision - Unanimous,3,UFC 222: Cyborg vs. Kunitskaya
Ashley Yoder,Mackenzie Dern,Mackenzie Dern,2018-03-03,Decision - Split,3,UFC 222: Cyborg vs. Kunitskaya
Cat Zingano,Ketlen Vieira,Ketlen Vieira,2018-03-03,Decision - Split,3,UFC 222: Cyborg vs. Kunitskaya
Beneil Dariush,Alexander Hernandez,Alexander Hernandez,2018-03-03,KO/TKO,1,UFC 222: Cyborg vs. Kunitskaya
CB Dollaway,Hector Lombard,CB Dollaway,2018-03-03,DQ,1,UFC 222: Cyborg vs. Kunitskaya
John Dodson,Pedro Munhoz,John Dodson,2018-03-03,Decision - Split,3,UFC 222: Cyborg vs. Kunitskaya
Jordan Johnson,Adam Milstead,Jordan Johnson,2018-03-03,Decision - Split,3,UFC 222: Cyborg vs. Kunitskaya
Bryan Caraway,Cody Stamann,Cody Stamann,2018-03-03,Decision - Split,3,UFC 222: Cyborg vs. Kunitskaya
Mike Pyle,Zak Ottow,Zak Ottow,2018-03-03,KO/TKO,1,UFC 222: Cyborg vs. Kunitskaya
Jessica Andrade,Tecia Pennington,Jessica Andrade,2018-02-24,Decision - Unanimous,3,UFC Fight Night: Emmett vs. Stephens
Ovince Saint Preux,Ilir Latifi,Ilir Latifi,2018-02-24,Submission,1,UFC Fight Night: Emmett vs. Stephens
Josh Emmett,Jeremy Stephens,Jeremy Stephens,2018-02-24,KO/TKO,2,UFC Fight Night: Emmett vs. Stephens
Mike Perry,Max Griffin,Max Griffin,2018-02-24,Decision - Unanimous,3,UFC Fight Night: Emmett vs. Stephens
Sara McMann,Marion Reneau,Marion Reneau,2018-02-24,Submission,2,UFC Fight Night: Emmett vs. Stephens
Renan Barao,Brian Kelleher,Brian Kelleher,2018-02-24,Decision - Unanimous,3,UFC Fight Night: Emmett vs. Stephens
Sam Alvey,Marcin Prachnio,Sam Alvey,2018-02-24,KO/TKO,1,UFC Fight Night: Emmett vs. Stephens
Ben Saunders,Alan Jouban,Alan Jouban,2018-02-24,KO/TKO,2,UFC Fight Night: Emmett vs. Stephens
Maryna Moroz,Angela Hill,Angela Hill,2018-02-24,Decision - Unanimous,3,UFC Fight Night: Emmett vs. Stephens
Eric Shelton,Alex Perez,Alex Perez,2018-02-24,Decision - Unanimous,3,UFC Fight Night: Emmett vs. Stephens
Rani Yahya,Russell Doane,Rani Yahya,2018-02-24,Submission,3,UFC Fight Night: Emmett vs. Stephens
Albert Morales,Manny Bermudez,Manny Bermudez,2018-02-24,Submission,2,UFC Fight Night: Emmett vs. Stephens
James Vick,Francisco Trinaldo,James Vick,2018-02-18,Decision - Unanimous,3,UFC Fight Night: Cerrone vs. Medeiros
Donald Cerrone,Yancy Medeiros,Donald Cerrone,2018-02-18,KO/TKO,1,UFC Fight Night: Cerrone vs. Medeiros
Derrick Lewis,Marcin Tybura,Derrick Lewis,2018-02-18,KO/TKO,3,UFC Fight Night: Cerrone vs. Medeiros
Sage Northcutt,Thibault Gouti,Sage Northcutt,2018-02-18,Decision - Unanimous,3,UFC Fight Night: Cerrone vs. Medeiros
Steven Peterson,Brandon Davis,Brandon Davis,2018-02-18,Decision - Unanimous,3,UFC Fight Night: Cerrone vs. Medeiros
Thiago Alves,Curtis Millender,Curtis Millender,2018-02-18,KO/TKO,2,UFC Fight Night: Cerrone vs. Medeiros
Robert Sanchez,Joby Sanchez,Robert Sanchez,2018-02-18,Submission,1,UFC Fight Night: Cerrone vs. Medeiros
Jared Gordon,Diego Ferreira,Diego Ferreira,2018-02-18,KO/TKO,1,UFC Fight Night: Cerrone vs. Medeiros
Geoff Neal,Brian Camozzi,Geoff Neal,2018-02-18,Submission,1,UFC Fight Night: Cerrone vs. Medeiros
Oskar Piechota,Tim Williams,Oskar Piechota,2018-02-18,KO/TKO,1,UFC Fight Night: Cerrone vs. Medeiros
Sarah Moras,Lucie Pudilova,Lucie Pudilova,2018-02-18,Decision - Unanimous,3,UFC Fight Night: Cerrone vs. Medeiros
Joshua Burkman,Alex Morono,Alex Morono,2018-02-18,Submission,1,UFC Fight Night: Cerrone vs. Medeiros
Valentina Shevchenko,Priscila Cachoeira,Valentina Shevchenko,2018-02-03,Submission,2,UFC Fight Night: Machida vs. Anders
Lyoto Machida,Eryk Anders,Lyoto Machida,2018-02-03,Decision - Split,5,UFC Fight Night: Machida vs. Anders
Michel Prazeres,Desmond Green,Michel Prazeres,2018-02-03,Decision - Unanimous,3,UFC Fight Night: Machida vs. Anders
Douglas Silva de Andrade,Marlon Vera,Douglas Silva de Andrade,2018-02-03,Decision - Unanimous,3,UFC Fight Night: Machida vs. Anders
Thiago Santos,Anthony Smith,Thiago Santos,2018-02-03,KO/TKO,2,UFC Fight Night: Machida vs. Anders
Alan Patrick,Damir Hadzovic,Alan Patrick,2018-02-03,Decision - Unanimous,3,UFC Fight Night: Machida vs. Anders
Timothy Johnson,Marcelo Golm,Timothy Johnson,2018-02-03,Decision - Unanimous,3,UFC Fight Night: Machida vs. Anders
Sergio Moraes,Tim Means,Sergio Moraes,2018-02-03,Decision - Split,3,UFC Fight Night: Machida vs. Anders
Deiveson Figueiredo,Joseph Morales,Deiveson Figueiredo,2018-02-03,KO/TKO,2,UFC Fight Night: Machida vs. Anders
Maia Stevenson,Polyana Viana,Polyana Viana,2018-02-03,Submission,1,UFC Fight Night: Machida vs. Anders
Iuri Alcantara,Joe Soto,Iuri Alcantara,2018-02-03,KO/TKO,1,UFC Fight Night: Machida vs. Anders
Mark Hunt,Curtis Blaydes,Curtis Blaydes,2018-02-10,Decision - Unanimous,3,UFC 221: Romero vs. Rockhold
Tai Tuivasa,Cyril Asker,Tai Tuivasa,2018-02-10,KO/TKO,1,UFC 221: Romero vs. Rockhold
Yoel Romero,Luke Rockhold,Yoel Romero,2018-02-10,KO/TKO,3,UFC 221: Romero vs. Rockhold
Jake Matthews,Li Jingliang,Jake Matthews,2018-02-10,Decision - Unanimous,3,UFC 221: Romero vs. Rockhold
Tyson Pedro,Saparbeg Safarov,Tyson Pedro,2018-02-10,Submission,1,UFC 221: Romero vs. Rockhold
Rob Wilkinson,Israel Adesanya,Israel Adesanya,2018-02-10,KO/TKO,2,UFC 221: Romero vs. Rockhold
Damien Brown,Dong Hyun Ma,Dong Hyun Ma,2018-02-10,Decision - Split,3,UFC 221: Romero vs. Rockhold
Alexander Volkanovski,Jeremy Kennedy,Alexander Volkanovski,2018-02-10,KO/TKO,2,UFC 221: Romero vs. Rockhold
Jussier Formiga,Ben Nguyen,Jussier Formiga,2018-02-10,Submission,3,UFC 221: Romero vs. Rockhold
Ross Pearson,Mizuto Hirota,Ross Pearson,2018-02-10,Decision - Unanimous,3,UFC 221: Romero vs. Rockhold
Luke Jumeau,Daichi Abe,Luke Jumeau,2018-02-10,Decision - Unanimous,3,UFC 221: Romero vs. Rockhold
Teruto Ishihara,Jose Quinonez,Jose Quinonez,2018-02-10,Decision - Unanimous,3,UFC 221: Romero vs. Rockhold
Stipe Miocic,Francis Ngannou,Stipe Miocic,2018-01-20,Decision - Unanimous,5,UFC 220: Miocic vs. Ngannou
Daniel Cormier,Volkan Oezdemir,Daniel Cormier,2018-01-20,KO/TKO,2,UFC 220: Miocic vs. Ngannou
Calvin Kattar,Shane Burgos,Calvin Kattar,2018-01-20,KO/TKO,3,UFC 220: Miocic vs. Ngannou
Gian Villante,Francimar Barroso,Gian Villante,2018-01-20,Decision - Split,3,UFC 220: Miocic vs. Ngannou
Thomas Almeida,Rob Font,Rob Font,2018-01-20,KO/TKO,2,UFC 220: Miocic vs. Ngannou
Kyle Bochniak,Brandon Davis,Kyle Bochniak,2018-01-20,Decision - Unanimous,3,UFC 220: Miocic vs. Ngannou
Sabah Homasi,Abdul Razak Alhassan,Abdul Razak Alhassan,2018-01-20,KO/TKO,1,UFC 220: Miocic vs. Ngannou
Dan Ige,Julio Arce,Julio Arce,2018-01-20,Decision - Unanimous,3,UFC 220: Miocic vs. Ngannou
Dustin Ortiz,Alexandre Pantoja,Dustin Ortiz,2018-01-20,Decision - Unanimous,3,UFC 220: Miocic vs. Ngannou
Matt Bessette,Enrique Barzola,Enrique Barzola,2018-01-20,Decision - Unanimous,3,UFC 220: Miocic vs. Ngannou
Islam Makhachev,Gleison Tibau,Islam Makhachev,2018-01-20,KO/TKO,1,UFC 220: Miocic vs. Ngannou
Jacare Souza,Derek Brunson,Jacare Souza,2018-01-27,KO/TKO,1,UFC Fight Night: Jacare vs. Brunson 2
Dennis Bermudez,Andre Fili,Andre Fili,2018-01-27,Decision - Split,3,UFC Fight Night: Jacare vs. Brunson 2
Drew Dober,Frank Camacho,Drew Dober,2018-01-27,Decision - Unanimous,3,UFC Fight Night: Jacare vs. Brunson 2
Jordan Rinaldi,Gregor Gillespie,Gregor Gillespie,2018-01-27,KO/TKO,1,UFC Fight Night: Jacare vs. Brunson 2
Mirsad Bektic,Godofredo Pepey,Mirsad Bektic,2018-01-27,KO/TKO,1,UFC Fight Night: Jacare vs. Brunson 2
Erik Koch,King Green,King Green,2018-01-27,Decision - Unanimous,3,UFC Fight Night: Jacare vs. Brunson 2
Katlyn Cerminara,Mara Romero Borella,Katlyn Cerminara,2018-01-27,Decision - Unanimous,3,UFC Fight Night: Jacare vs. Brunson 2
Randa Markos,Juliana Lima,Randa Markos,2018-01-27,Decision - Unanimous,3,UFC Fight Night: Jacare vs. Brunson 2
Vinc Pichel,Joaquim Silva,Vinc Pichel,2018-01-27,Decision - Unanimous,3,UFC Fight Night: Jacare vs. Brunson 2
Justine Kish,Ji Yeon Kim,Ji Yeon Kim,2018-01-27,Decision - Split,3,UFC Fight Night: Jacare vs. Brunson 2
Niko Price,George Sullivan,Niko Price,2018-01-27,Submission,2,UFC Fight Night: Jacare vs. Brunson 2
Austin Arnett,Cory Sandhagen,Cory Sandhagen,2018-01-27,KO/TKO,2,UFC Fight Night: Jacare vs. Brunson 2
Jeremy Stephens,Dooho Choi,Jeremy Stephens,2018-01-14,KO/TKO,2,UFC Fight Night: Stephens vs. Choi
Paige VanZant,Jessica-Rose Clark,Jessica-Rose Clark,2018-01-14,Decision - Unanimous,3,UFC Fight Night: Stephens vs. Choi
Darren Elkins,Michael Johnson,Darren Elkins,2018-01-14,Submission,2,UFC Fight Night: Stephens vs. Choi
James Krause,Alex White,James Krause,2018-01-14,Decision - Unanimous,3,UFC Fight Night: Stephens vs. Choi
Kamaru Usman,Emil Meek,Kamaru Usman,2018-01-14,Decision - Unanimous,3,UFC Fight Night: Stephens vs. Choi
Matt Frevola,Marco Polo Reyes,Marco Polo Reyes,2018-01-14,KO/TKO,1,UFC Fight Night: Stephens vs. Choi
Talita Bernardo,Irene Aldana,Irene Aldana,2018-01-14,Decision - Unanimous,3,UFC Fight Night: Stephens vs. Choi
Kalindra Faria,Jessica Eye,Jessica Eye,2018-01-14,Decision - Split,3,UFC Fight Night: Stephens vs. Choi
Kyung Ho Kang,Guido Cannetti,Kyung Ho Kang,2018-01-14,Submission,1,UFC Fight Night: Stephens vs. Choi
Danielle Taylor,JJ Aldrich,JJ Aldrich,2018-01-14,Decision - Unanimous,3,UFC Fight Night: Stephens vs. Choi
Mads Burnell,Mike Santiago,Mads Burnell,2018-01-14,Decision - Unanimous,3,UFC Fight Night: Stephens vs. Choi
Cristiane Justino,Holly Holm,Cristiane Justino,2017-12-30,Decision - Unanimous,5,UFC 219: Cyborg vs. Holm
Khabib Nurmagomedov,Edson Barboza,Khabib Nurmagomedov,2017-12-30,Decision - Unanimous,3,UFC 219: Cyborg vs. Holm
Cynthia Calvillo,Carla Esparza,Carla Esparza,2017-12-30,Decision - Unanimous,3,UFC 219: Cyborg vs. Holm
Dan Hooker,Marc Diakiese,Dan Hooker,2017-12-30,Submission,3,UFC 219: Cyborg vs. Holm
Carlos Condit,Neil Magny,Neil Magny,2017-12-30,Decision - Unanimous,3,UFC 219: Cyborg vs. Holm
Myles Jury,Ricky Glenn,Myles Jury,2017-12-30,Decision - Unanimous,3,UFC 219: Cyborg vs. Holm
Louis Smolka,Matheus Nicolau,Matheus Nicolau,2017-12-30,Decision - Unanimous,3,UFC 219: Cyborg vs. Holm
Tim Elliott,Mark De La Rosa,Tim Elliott,2017-12-30,Submission,2,UFC 219: Cyborg vs. Holm
Ricardo Lamas,Josh Emmett,Josh Emmett,2017-12-16,KO/TKO,1,UFC Fight Night: Lawler vs. Dos Anjos
Robbie Lawler,Rafael Dos Anjos,Rafael Dos Anjos,2017-12-16,Decision - Unanimous,5,UFC Fight Night: Lawler vs. Dos Anjos
Santiago Ponzinibbio,Mike Perry,Santiago Ponzinibbio,2017-12-16,Decision - Unanimous,3,UFC Fight Night: Lawler vs. Dos Anjos
Glover Teixeira,Misha Cirkunov,Glover Teixeira,2017-12-16,KO/TKO,1,UFC Fight Night: Lawler vs. Dos Anjos
Jared Cannonier,Jan Blachowicz,Jan Blachowicz,2017-12-16,Decision - Unanimous,3,UFC Fight Night: Lawler vs. Dos Anjos
Nordine Taleb,Danny Roberts,Nordine Taleb,2017-12-16,KO/TKO,1,UFC Fight Night: Lawler vs. Dos Anjos
Julian Marquez,Darren Stewart,Julian Marquez,2017-12-16,Submission,2,UFC Fight Night: Lawler vs. Dos Anjos
Chad Laprise,Galore Bofando,Chad Laprise,2017-12-16,KO/TKO,1,UFC Fight Night: Lawler vs. Dos Anjos
Alessio Di Chirico,Oluwale Bamgbose,Alessio Di Chirico,2017-12-16,KO/TKO,2,UFC Fight Night: Lawler vs. Dos Anjos
Jordan Mein,Erick Silva,Jordan Mein,2017-12-16,Decision - Unanimous,3,UFC Fight Night: Lawler vs. Dos Anjos
John Makdessi,Abel Trujillo,John Makdessi,2017-12-16,Decision - Unanimous,3,UFC Fight Night: Lawler vs. Dos Anjos
Cub Swanson,Brian Ortega,Brian Ortega,2017-12-09,Submission,2,UFC Fight Night: Swanson vs. Ortega
Jason Knight,Gabriel Benitez,Gabriel Benitez,2017-12-09,Decision - Unanimous,3,UFC Fight Night: Swanson vs. Ortega
Marlon Moraes,Aljamain Sterling,Marlon Moraes,2017-12-09,KO/TKO,1,UFC Fight Night: Swanson vs. Ortega
Eryk Anders,Markus Perez,Eryk Anders,2017-12-09,Decision - Unanimous,3,UFC Fight Night: Swanson vs. Ortega
Scott Holtzman,Darrell Horcher,Scott Holtzman,2017-12-09,Decision - Unanimous,3,UFC Fight Night: Swanson vs. Ortega
Albert Morales,Benito Lopez,Benito Lopez,2017-12-09,Decision - Unanimous,3,UFC Fight Night: Swanson vs. Ortega
Alexis Davis,Liz Carmouche,Alexis Davis,2017-12-09,Decision - Split,3,UFC Fight Night: Swanson vs. Ortega
Carls John De Tomas,Alex Perez,Alex Perez,2017-12-09,Submission,2,UFC Fight Night: Swanson vs. Ortega
Frankie Saenz,Merab Dvalishvili,Frankie Saenz,2017-12-09,Decision - Split,3,UFC Fight Night: Swanson vs. Ortega
Luke Sanders,Andre Soukhamthath,Andre Soukhamthath,2017-12-09,KO/TKO,2,UFC Fight Night: Swanson vs. Ortega
Alejandro Perez,Iuri Alcantara,Alejandro Perez,2017-12-09,Decision - Unanimous,3,UFC Fight Night: Swanson vs. Ortega
Chris Gruetzemacher,Davi Ramos,Davi Ramos,2017-12-09,Submission,3,UFC Fight Night: Swanson vs. Ortega
Antonio Braga Neto,Trevin Giles,Trevin Giles,2017-12-09,KO/TKO,3,UFC Fight Night: Swanson vs. Ortega
Alistair Overeem,Francis Ngannou,Francis Ngannou,2017-12-02,KO/TKO,1,UFC 218: Holloway vs. Aldo 2
Henry Cejudo,Sergio Pettis,Henry Cejudo,2017-12-02,Decision - Unanimous,3,UFC 218: Holloway vs. Aldo 2
Eddie Alvarez,Justin Gaethje,Eddie Alvarez,2017-12-02,KO/TKO,3,UFC 218: Holloway vs. Aldo 2
Max Holloway,Jose Aldo,Max Holloway,2017-12-02,KO/TKO,3,UFC 218: Holloway vs. Aldo 2
Tecia Pennington,Michelle Waterson-Gomez,Tecia Pennington,2017-12-02,Decision - Unanimous,3,UFC 218: Holloway vs. Aldo 2
Charles Oliveira,Paul Felder,Paul Felder,2017-12-02,KO/TKO,2,UFC 218: Holloway vs. Aldo 2
Alex Oliveira,Yancy Medeiros,Yancy Medeiros,2017-12-02,KO/TKO,3,UFC 218: Holloway vs. Aldo 2
Felice Herrig,Cortney Casey,Felice Herrig,2017-12-02,Decision - Split,3,UFC 218: Holloway vs. Aldo 2
David Teymur,Drakkar Klose,David Teymur,2017-12-02,Decision - Unanimous,3,UFC 218: Holloway vs. Aldo 2
Sabah Homasi,Abdul Razak Alhassan,Abdul Razak Alhassan,2017-12-02,KO/TKO,1,UFC 218: Holloway vs. Aldo 2
Jeremy Kimball,Dominick Reyes,Dominick Reyes,2017-12-02,Submission,1,UFC 218: Holloway vs. Aldo 2
Amanda Cooper,Angela Magana,Amanda Cooper,2017-12-02,KO/TKO,2,UFC 218: Holloway vs. Aldo 2
Justin Willis,Allen Crowder,Justin Willis,2017-12-02,KO/TKO,1,UFC 218: Holloway vs. Aldo 2
Sean O'Malley,Terrion Ware,Sean O'Malley,2017-12-01,Decision - Unanimous,3,The Ultimate Fighter: A New World Champion Finale
Nicco Montano,Roxanne Modafferi,Nicco Montano,2017-12-01,Decision - Unanimous,5,The Ultimate Fighter: A New World Champion Finale
Barb Honchak,Lauren Murphy,Lauren Murphy,2017-12-01,Decision - Split,3,The Ultimate Fighter: A New World Champion Finale
Eric Spicely,Gerald Meerschaert,Gerald Meerschaert,2017-12-01,KO/TKO,2,The Ultimate Fighter: A New World Champion Finale
Joe Soto,Brett Johns,Brett Johns,2017-12-01,Submission,1,The Ultimate Fighter: A New World Champion Finale
Andrew Sanchez,Ryan Janes,Ryan Janes,2017-12-01,KO/TKO,3,The Ultimate Fighter: A New World Champion Finale
Christina Marks,Montana De La Rosa,Montana De La Rosa,2017-12-01,Submission,1,The Ultimate Fighter: A New World Champion Finale
Karine Gevorgyan,Rachael Ostovich,Rachael Ostovich,2017-12-01,Submission,1,The Ultimate Fighter: A New World Champion Finale
Gillian Robertson,Emily Whitmire,Gillian Robertson,2017-12-01,Submission,1,The Ultimate Fighter: A New World Champion Finale
Ariel Beck,Shana Dobson,Shana Dobson,2017-12-01,KO/TKO,2,The Ultimate Fighter: A New World Champion Finale
Michael Bisping,Kelvin Gastelum,Kelvin Gastelum,2017-11-25,KO/TKO,1,UFC Fight Night: Bisping vs. Gastelum
Li Jingliang,Zak Ottow,Li Jingliang,2017-11-25,KO/TKO,1,UFC Fight Night: Bisping vs. Gastelum
Wang Guan,Alex Caceres,Wang Guan,2017-11-25,Decision - Split,3,UFC Fight Night: Bisping vs. Gastelum
Muslim Salikhov,Alex Garcia,Alex Garcia,2017-11-25,Submission,2,UFC Fight Night: Bisping vs. Gastelum
Zabit Magomedsharipov,Sheymon Moraes,Zabit Magomedsharipov,2017-11-25,Submission,3,UFC Fight Night: Bisping vs. Gastelum
Kailin Curran,Yan Xiaonan,Yan Xiaonan,2017-11-25,Decision - Unanimous,3,UFC Fight Night: Bisping vs. Gastelum
Song Kenan,Bobby Nash,Song Kenan,2017-11-25,KO/TKO,1,UFC Fight Night: Bisping vs. Gastelum
Song Yadong,Bharat Kandare,Song Yadong,2017-11-25,Submission,1,UFC Fight Night: Bisping vs. Gastelum
Wulijiburen,Rolando Dy,Rolando Dy,2017-11-25,Decision - Unanimous,3,UFC Fight Night: Bisping vs. Gastelum
Wu Yanan,Gina Mazany,Gina Mazany,2017-11-25,Decision - Unanimous,3,UFC Fight Night: Bisping vs. Gastelum
Chase Sherman,Shamil Abdurakhimov,Shamil Abdurakhimov,2017-11-25,KO/TKO,1,UFC Fight Night: Bisping vs. Gastelum
Cyril Asker,Hu Yaozong,Cyril Asker,2017-11-25,Submission,2,UFC Fight Night: Bisping vs. Gastelum
Junior Albini,Andrei Arlovski,Andrei Arlovski,2017-11-11,Decision - Unanimous,3,UFC Fight Night: Poirier vs. Pettis
Dustin Poirier,Anthony Pettis,Dustin Poirier,2017-11-11,KO/TKO,3,UFC Fight Night: Poirier vs. Pettis
Matt Brown,Diego Sanchez,Matt Brown,2017-11-11,KO/TKO,1,UFC Fight Night: Poirier vs. Pettis
Joe Lauzon,Clay Guida,Clay Guida,2017-11-11,KO/TKO,1,UFC Fight Night: Poirier vs. Pettis
Nate Marquardt,Cezar Ferreira,Cezar Ferreira,2017-11-11,Decision - Split,3,UFC Fight Night: Poirier vs. Pettis
John Dodson,Marlon Moraes,Marlon Moraes,2017-11-11,Decision - Split,3,UFC Fight Night: Poirier vs. Pettis
Raphael Assuncao,Matthew Lopez,Raphael Assuncao,2017-11-11,KO/TKO,3,UFC Fight Night: Poirier vs. Pettis
Tatiana Suarez,Viviane Pereira,Tatiana Suarez,2017-11-11,Decision - Unanimous,3,UFC Fight Night: Poirier vs. Pettis
Angela Hill,Nina Nunes,Nina Nunes,2017-11-11,Decision - Unanimous,3,UFC Fight Night: Poirier vs. Pettis
Sage Northcutt,Michel Quinones,Sage Northcutt,2017-11-11,Decision - Unanimous,3,UFC Fight Night: Poirier vs. Pettis
Darren Stewart,Karl Roberson,Karl Roberson,2017-11-11,Submission,1,UFC Fight Night: Poirier vs. Pettis
Court McGee,Sean Strickland,Sean Strickland,2017-11-11,Decision - Unanimous,3,UFC Fight Night: Poirier vs. Pettis
Jake Collier,Marcel Fortuna,Jake Collier,2017-11-11,Decision - Unanimous,3,UFC Fight Night: Poirier vs. Pettis
Fabricio Werdum,Marcin Tybura,Fabricio Werdum,2017-11-18,Decision - Unanimous,5,UFC Fight Night: Werdum vs. Tybura
Bec Rawlings,Jessica-Rose Clark,Jessica-Rose Clark,2017-11-18,Decision - Split,3,UFC Fight Night: Werdum vs. Tybura
Tim Means,Belal Muhammad,Belal Muhammad,2017-11-18,Decision - Split,3,UFC Fight Night: Werdum vs. Tybura
Elias Theodorou,Daniel Kelly,Elias Theodorou,2017-11-18,Decision - Unanimous,3,UFC Fight Night: Werdum vs. Tybura
Jake Matthews,Bojan Velickovic,Jake Matthews,2017-11-18,Decision - Split,3,UFC Fight Night: Werdum vs. Tybura
Alexander Volkanovski,Shane Young,Alexander Volkanovski,2017-11-18,Decision - Unanimous,3,UFC Fight Night: Werdum vs. Tybura
Ryan Benoit,Ashkan Mokhtarian,Ryan Benoit,2017-11-18,KO/TKO,3,UFC Fight Night: Werdum vs. Tybura
Rashad Coulter,Tai Tuivasa,Tai Tuivasa,2017-11-18,KO/TKO,1,UFC Fight Night: Werdum vs. Tybura
Nik Lentz,Will Brooks,Nik Lentz,2017-11-18,Submission,2,UFC Fight Night: Werdum vs. Tybura
Damien Brown,Frank Camacho,Frank Camacho,2017-11-18,Decision - Split,3,UFC Fight Night: Werdum vs. Tybura
Jenel Lausa,Eric Shelton,Eric Shelton,2017-11-18,Decision - Unanimous,3,UFC Fight Night: Werdum vs. Tybura
Alex Chambers,Nadia Kassem,Nadia Kassem,2017-11-18,Decision - Unanimous,3,UFC Fight Night: Werdum vs. Tybura
Anthony Hamilton,Adam Wieczorek,Adam Wieczorek,2017-11-18,Decision - Unanimous,3,UFC Fight Night: Werdum vs. Tybura
Michael Bisping,Georges St-Pierre,Georges St-Pierre,2017-11-04,Submission,3,UFC 217: Bisping vs. St-Pierre
Joanna Jedrzejczyk,Rose Namajunas,Rose Namajunas,2017-11-04,KO/TKO,1,UFC 217: Bisping vs. St-Pierre
Cody Garbrandt,TJ Dillashaw,TJ Dillashaw,2017-11-04,KO/TKO,2,UFC 217: Bisping vs. St-Pierre
Stephen Thompson,Jorge Masvidal,Stephen Thompson,2017-11-04,Decision - Unanimous,3,UFC 217: Bisping vs. St-Pierre
Walt Harris,Mark Godbeer,Mark Godbeer,2017-11-04,DQ,1,UFC 217: Bisping vs. St-Pierre
Johny Hendricks,Paulo Costa,Paulo Costa,2017-11-04,KO/TKO,2,UFC 217: Bisping vs. St-Pierre
James Vick,Joe Duffy,James Vick,2017-11-04,KO/TKO,2,UFC 217: Bisping vs. St-Pierre
Randy Brown,Mickey Gall,Randy Brown,2017-11-04,Decision - Unanimous,3,UFC 217: Bisping vs. St-Pierre
Aleksei Oleinik,Curtis Blaydes,Curtis Blaydes,2017-11-04,TKO - Doctor's Stoppage,2,UFC 217: Bisping vs. St-Pierre
Ovince Saint Preux,Corey Anderson,Ovince Saint Preux,2017-11-04,KO/TKO,3,UFC 217: Bisping vs. St-Pierre
Derek Brunson,Lyoto Machida,Derek Brunson,2017-10-28,KO/TKO,1,UFC Fight Night: Brunson vs. Machida
Aiemann Zahabi,Ricardo Ramos,Ricardo Ramos,2017-11-04,KO/TKO,3,UFC 217: Bisping vs. St-Pierre
Demian Maia,Colby Covington,Colby Covington,2017-10-28,Decision - Unanimous,3,UFC Fight Night: Brunson vs. Machida
Pedro Munhoz,Rob Font,Pedro Munhoz,2017-10-28,Submission,1,UFC Fight Night: Brunson vs. Machida
John Lineker,Marlon Vera,John Lineker,2017-10-28,Decision - Unanimous,3,UFC Fight Night: Brunson vs. Machida
Francisco Trinaldo,Jim Miller,Francisco Trinaldo,2017-10-28,Decision - Unanimous,3,UFC Fight Night: Brunson vs. Machida
Thiago Santos,Jack Hermansson,Thiago Santos,2017-10-28,KO/TKO,1,UFC Fight Night: Brunson vs. Machida
Antonio Carlos Junior,Jack Marshman,Antonio Carlos Junior,2017-10-28,Submission,1,UFC Fight Night: Brunson vs. Machida
Hacran Dias,Jared Gordon,Jared Gordon,2017-10-28,Decision - Unanimous,3,UFC Fight Night: Brunson vs. Machida
Vicente Luque,Niko Price,Vicente Luque,2017-10-28,Submission,2,UFC Fight Night: Brunson vs. Machida
Elizeu Zaleski dos Santos,Max Griffin,Elizeu Zaleski dos Santos,2017-10-28,Decision - Unanimous,3,UFC Fight Night: Brunson vs. Machida
Donald Cerrone,Darren Till,Darren Till,2017-10-21,KO/TKO,1,UFC Fight Night: Cerrone vs. Till
Marcelo Golm,Christian Colombo,Marcelo Golm,2017-10-28,Submission,1,UFC Fight Night: Brunson vs. Machida
Deiveson Figueiredo,Jarred Brooks,Deiveson Figueiredo,2017-10-28,Decision - Split,3,UFC Fight Night: Brunson vs. Machida
Karolina Kowalkiewicz,Jodie Esquibel,Karolina Kowalkiewicz,2017-10-21,Decision - Unanimous,3,UFC Fight Night: Cerrone vs. Till
Jan Blachowicz,Devin Clark,Jan Blachowicz,2017-10-21,Submission,2,UFC Fight Night: Cerrone vs. Till
Oskar Piechota,Jonathan Wilson,Oskar Piechota,2017-10-21,Decision - Unanimous,3,UFC Fight Night: Cerrone vs. Till
Damian Stasiak,Brian Kelleher,Brian Kelleher,2017-10-21,KO/TKO,3,UFC Fight Night: Cerrone vs. Till
Marcin Held,Nasrat Haqparast,Marcin Held,2017-10-21,Decision - Unanimous,3,UFC Fight Night: Cerrone vs. Till
Sam Alvey,Ramazan Emeev,Ramazan Emeev,2017-10-21,Decision - Unanimous,3,UFC Fight Night: Cerrone vs. Till
Artem Lobov,Andre Fili,Andre Fili,2017-10-21,Decision - Unanimous,3,UFC Fight Night: Cerrone vs. Till
Salim Touahri,Warlley Alves,Warlley Alves,2017-10-21,Decision - Unanimous,3,UFC Fight Night: Cerrone vs. Till
Felipe Arantes,Josh Emmett,Josh Emmett,2017-10-21,Decision - Unanimous,3,UFC Fight Night: Cerrone vs. Till
Lina Lansberg,Aspen Ladd,Aspen Ladd,2017-10-21,KO/TKO,2,UFC Fight Night: Cerrone vs. Till
Tony Ferguson,Kevin Lee,Tony Ferguson,2017-10-07,Submission,3,UFC 216: Ferguson vs. Lee
Fabricio Werdum,Walt Harris,Fabricio Werdum,2017-10-07,Submission,1,UFC 216: Ferguson vs. Lee
Mara Romero Borella,Kalindra Faria,Mara Romero Borella,2017-10-07,Submission,1,UFC 216: Ferguson vs. Lee
Demetrious Johnson,Ray Borg,Demetrious Johnson,2017-10-07,Submission,5,UFC 216: Ferguson vs. Lee
Tom Duquesnoy,Cody Stamann,Cody Stamann,2017-10-07,Decision - Split,3,UFC 216: Ferguson vs. Lee
Pearl Gonzalez,Poliana Botelho,Poliana Botelho,2017-10-07,Decision - Unanimous,3,UFC 216: Ferguson vs. Lee
Matt Schnell,Marco Beltran,Matt Schnell,2017-10-07,Decision - Unanimous,3,UFC 216: Ferguson vs. Lee
John Moraga,Bibulatov Magomed,John Moraga,2017-10-07,KO/TKO,1,UFC 216: Ferguson vs. Lee
Thales Leites,Brad Tavares,Brad Tavares,2017-10-07,Decision - Unanimous,3,UFC 216: Ferguson vs. Lee
Amanda Nunes,Valentina Shevchenko,Amanda Nunes,2017-09-09,Decision - Split,5,UFC 215: Nunes vs Shevchenko 2
Neil Magny,Rafael Dos Anjos,Rafael Dos Anjos,2017-09-09,Submission,1,UFC 215: Nunes vs Shevchenko 2
Ilir Latifi,Tyson Pedro,Ilir Latifi,2017-09-09,Decision - Unanimous,3,UFC 215: Nunes vs Shevchenko 2
Henry Cejudo,Wilson Reis,Henry Cejudo,2017-09-09,KO/TKO,2,UFC 215: Nunes vs Shevchenko 2
Sara McMann,Ketlen Vieira,Ketlen Vieira,2017-09-09,Submission,2,UFC 215: Nunes vs Shevchenko 2
Jeremy Stephens,Gilbert Melendez,Jeremy Stephens,2017-09-09,Decision - Unanimous,3,UFC 215: Nunes vs Shevchenko 2
Sarah Moras,Ashlee Evans-Smith,Sarah Moras,2017-09-09,Submission,1,UFC 215: Nunes vs Shevchenko 2
Gavin Tucker,Ricky Glenn,Ricky Glenn,2017-09-09,Decision - Unanimous,3,UFC 215: Nunes vs Shevchenko 2
Mitch Clarke,Alex White,Alex White,2017-09-09,KO/TKO,2,UFC 215: Nunes vs Shevchenko 2
Luis Henrique,Arjan Bhullar,Arjan Bhullar,2017-09-09,Decision - Unanimous,3,UFC 215: Nunes vs Shevchenko 2
Luke Rockhold,David Branch,Luke Rockhold,2017-09-16,KO/TKO,2,UFC Fight Night: Rockhold vs. Branch
Kajan Johnson,Adriano Martins,Kajan Johnson,2017-09-09,KO/TKO,3,UFC 215: Nunes vs Shevchenko 2
Mike Perry,Alex Reyes,Mike Perry,2017-09-16,KO/TKO,1,UFC Fight Night: Rockhold vs. Branch
Hector Lombard,Anthony Smith,Anthony Smith,2017-09-16,KO/TKO,3,UFC Fight Night: Rockhold vs. Branch
Gregor Gillespie,Jason Gonzalez,Gregor Gillespie,2017-09-16,Submission,2,UFC Fight Night: Rockhold vs. Branch
Kamaru Usman,Sergio Moraes,Kamaru Usman,2017-09-16,KO/TKO,1,UFC Fight Night: Rockhold vs. Branch
Anthony Hamilton,Daniel Spitz,Daniel Spitz,2017-09-16,KO/TKO,1,UFC Fight Night: Rockhold vs. Branch
Justin Ledet,Azunna Anyanwu,Justin Ledet,2017-09-16,Decision - Split,3,UFC Fight Night: Rockhold vs. Branch
Anthony Rocco Martin,Olivier Aubin-Mercier,Olivier Aubin-Mercier,2017-09-16,Decision - Split,3,UFC Fight Night: Rockhold vs. Branch
Krzysztof Jotko,Uriah Hall,Uriah Hall,2017-09-16,KO/TKO,2,UFC Fight Night: Rockhold vs. Branch
Jason Saggo,Gilbert Burns,Gilbert Burns,2017-09-16,KO/TKO,2,UFC Fight Night: Rockhold vs. Branch
Claudia Gadelha,Jessica Andrade,Jessica Andrade,2017-09-22,Decision - Unanimous,3,UFC Fight Night: Saint Preux vs. Okami
Ovince Saint Preux,Yushin Okami,Ovince Saint Preux,2017-09-22,Submission,1,UFC Fight Night: Saint Preux vs. Okami
Teruto Ishihara,Rolando Dy,Teruto Ishihara,2017-09-22,Decision - Unanimous,3,UFC Fight Night: Saint Preux vs. Okami
Takanori Gomi,Dong Hyun Ma,Dong Hyun Ma,2017-09-22,KO/TKO,1,UFC Fight Night: Saint Preux vs. Okami
Gokhan Saki,Henrique da Silva,Gokhan Saki,2017-09-22,KO/TKO,1,UFC Fight Night: Saint Preux vs. Okami
Keita Nakamura,Alex Morono,Keita Nakamura,2017-09-22,Decision - Split,3,UFC Fight Night: Saint Preux vs. Okami
Jussier Formiga,Yuta Sasaki,Jussier Formiga,2017-09-22,Submission,1,UFC Fight Night: Saint Preux vs. Okami
Shinsho Anzai,Luke Jumeau,Shinsho Anzai,2017-09-22,Decision - Unanimous,3,UFC Fight Night: Saint Preux vs. Okami
Syuri Kondo,Chan-Mi Jeon,Syuri Kondo,2017-09-22,Decision - Split,3,UFC Fight Night: Saint Preux vs. Okami
Daichi Abe,Hyun Gyu Lim,Daichi Abe,2017-09-22,Decision - Unanimous,3,UFC Fight Night: Saint Preux vs. Okami
Sergio Pettis,Brandon Moreno,Sergio Pettis,2017-08-05,Decision - Unanimous,5,UFC Fight Night: Pettis vs. Moreno
Alan Jouban,Niko Price,Niko Price,2017-08-05,KO/TKO,1,UFC Fight Night: Pettis vs. Moreno
Randa Markos,Alexa Grasso,Alexa Grasso,2017-08-05,Decision - Split,3,UFC Fight Night: Pettis vs. Moreno
Sam Alvey,Rashad Evans,Sam Alvey,2017-08-05,Decision - Split,3,UFC Fight Night: Pettis vs. Moreno
Brad Scott,Jack Hermansson,Jack Hermansson,2017-08-05,KO/TKO,1,UFC Fight Night: Pettis vs. Moreno
Martin Bravo,Humberto Bandenay,Humberto Bandenay,2017-08-05,KO/TKO,1,UFC Fight Night: Pettis vs. Moreno
Alejandro Perez,Andre Soukhamthath,Alejandro Perez,2017-08-05,Decision - Split,3,UFC Fight Night: Pettis vs. Moreno
Dustin Ortiz,Hector Sandoval,Dustin Ortiz,2017-08-05,KO/TKO,1,UFC Fight Night: Pettis vs. Moreno
Henry Briones,Rani Yahya,Rani Yahya,2017-08-05,Submission,1,UFC Fight Night: Pettis vs. Moreno
Jose Quinonez,Diego Rivas,Jose Quinonez,2017-08-05,Decision - Unanimous,3,UFC Fight Night: Pettis vs. Moreno
Alvaro Herrera Mendoza,Jordan Rinaldi,Jordan Rinaldi,2017-08-05,Submission,1,UFC Fight Night: Pettis vs. Moreno
Joseph Morales,Robert Sanchez,Joseph Morales,2017-08-05,Submission,1,UFC Fight Night: Pettis vs. Moreno
Tyron Woodley,Demian Maia,Tyron Woodley,2017-07-29,Decision - Unanimous,5,UFC 214: Cormier vs. Jones 2
Cristiane Justino,Tonya Evinger,Cristiane Justino,2017-07-29,KO/TKO,3,UFC 214: Cormier vs. Jones 2
Ricardo Lamas,Jason Knight,Ricardo Lamas,2017-07-29,KO/TKO,1,UFC 214: Cormier vs. Jones 2
Jimi Manuwa,Volkan Oezdemir,Volkan Oezdemir,2017-07-29,KO/TKO,1,UFC 214: Cormier vs. Jones 2
Robbie Lawler,Donald Cerrone,Robbie Lawler,2017-07-29,Decision - Unanimous,3,UFC 214: Cormier vs. Jones 2
Brian Ortega,Renato Moicano,Brian Ortega,2017-07-29,Submission,3,UFC 214: Cormier vs. Jones 2
Aljamain Sterling,Renan Barao,Aljamain Sterling,2017-07-29,Decision - Unanimous,3,UFC 214: Cormier vs. Jones 2
Andre Fili,Calvin Kattar,Calvin Kattar,2017-07-29,Decision - Unanimous,3,UFC 214: Cormier vs. Jones 2
Eric Shelton,Jarred Brooks,Jarred Brooks,2017-07-29,Decision - Split,3,UFC 214: Cormier vs. Jones 2
Kailin Curran,Aleksandra Albu,Aleksandra Albu,2017-07-29,Decision - Unanimous,3,UFC 214: Cormier vs. Jones 2
Joshua Burkman,Drew Dober,Drew Dober,2017-07-29,KO/TKO,1,UFC 214: Cormier vs. Jones 2
Alexander Volkov,Stefan Struve,Alexander Volkov,2017-09-02,KO/TKO,3,UFC Fight Night: Volkov vs. Struve
Siyar Bahadurzada,Rob Wilkinson,Siyar Bahadurzada,2017-09-02,KO/TKO,2,UFC Fight Night: Volkov vs. Struve
Marion Reneau,Talita Bernardo,Marion Reneau,2017-09-02,KO/TKO,3,UFC Fight Night: Volkov vs. Struve
Darren Till,Bojan Velickovic,Darren Till,2017-09-02,Decision - Unanimous,3,UFC Fight Night: Volkov vs. Struve
Mairbek Taisumov,Felipe Silva,Mairbek Taisumov,2017-09-02,KO/TKO,1,UFC Fight Night: Volkov vs. Struve
Michel Prazeres,Mads Burnell,Michel Prazeres,2017-09-02,Submission,3,UFC Fight Night: Volkov vs. Struve
Leon Edwards,Bryan Barberena,Leon Edwards,2017-09-02,Decision - Unanimous,3,UFC Fight Night: Volkov vs. Struve
Mike Santiago,Zabit Magomedsharipov,Zabit Magomedsharipov,2017-09-02,Submission,2,UFC Fight Night: Volkov vs. Struve
Rustam Khabilov,Desmond Green,Rustam Khabilov,2017-09-02,Decision - Unanimous,3,UFC Fight Night: Volkov vs. Struve
Francimar Barroso,Aleksandar Rakic,Aleksandar Rakic,2017-09-02,Decision - Unanimous,3,UFC Fight Night: Volkov vs. Struve
Chris Weidman,Kelvin Gastelum,Chris Weidman,2017-07-22,Submission,3,UFC Fight Night: Weidman vs. Gastelum
Bojan Mihajlovic,Abdul-Kerim Edilov,Abdul-Kerim Edilov,2017-09-02,KO/TKO,2,UFC Fight Night: Volkov vs. Struve
Thibault Gouti,Andrew Holbrook,Thibault Gouti,2017-09-02,KO/TKO,1,UFC Fight Night: Volkov vs. Struve
Patrick Cummins,Gian Villante,Patrick Cummins,2017-07-22,Decision - Split,3,UFC Fight Night: Weidman vs. Gastelum
Jimmie Rivera,Thomas Almeida,Jimmie Rivera,2017-07-22,Decision - Unanimous,3,UFC Fight Night: Weidman vs. Gastelum
Dennis Bermudez,Darren Elkins,Darren Elkins,2017-07-22,Decision - Split,3,UFC Fight Night: Weidman vs. Gastelum
Lyman Good,Elizeu Zaleski dos Santos,Elizeu Zaleski dos Santos,2017-07-22,Decision - Split,3,UFC Fight Night: Weidman vs. Gastelum
Rafael Natal,Eryk Anders,Eryk Anders,2017-07-22,KO/TKO,1,UFC Fight Night: Weidman vs. Gastelum
Ryan LaFlare,Alex Oliveira,Alex Oliveira,2017-07-22,KO/TKO,2,UFC Fight Night: Weidman vs. Gastelum
Kyle Bochniak,Jeremy Kennedy,Jeremy Kennedy,2017-07-22,Decision - Unanimous,3,UFC Fight Night: Weidman vs. Gastelum
Damian Grabowski,Chase Sherman,Chase Sherman,2017-07-22,Decision - Unanimous,3,UFC Fight Night: Weidman vs. Gastelum
Shane Burgos,Godofredo Pepey,Shane Burgos,2017-07-22,Decision - Unanimous,3,UFC Fight Night: Weidman vs. Gastelum
Brian Kelleher,Marlon Vera,Marlon Vera,2017-07-22,Submission,1,UFC Fight Night: Weidman vs. Gastelum
Timothy Johnson,Junior Albini,Junior Albini,2017-07-22,KO/TKO,1,UFC Fight Night: Weidman vs. Gastelum
Frankie Perez,Chris Wade,Chris Wade,2017-07-22,Decision - Unanimous,3,UFC Fight Night: Weidman vs. Gastelum
Joanne Wood,Cynthia Calvillo,Cynthia Calvillo,2017-07-16,Decision - Unanimous,3,UFC Fight Night: Nelson vs. Ponzinibbio
Gunnar Nelson,Santiago Ponzinibbio,Santiago Ponzinibbio,2017-07-16,KO/TKO,1,UFC Fight Night: Nelson vs. Ponzinibbio
Jack Marshman,Ryan Janes,Jack Marshman,2017-07-16,Decision - Unanimous,3,UFC Fight Night: Nelson vs. Ponzinibbio
Stevie Ray,Paul Felder,Paul Felder,2017-07-16,KO/TKO,1,UFC Fight Night: Nelson vs. Ponzinibbio
James Mulheron,Justin Willis,Justin Willis,2017-07-16,Decision - Unanimous,3,UFC Fight Night: Nelson vs. Ponzinibbio
Khalil Rountree Jr.,Paul Craig,Khalil Rountree Jr.,2017-07-16,KO/TKO,1,UFC Fight Night: Nelson vs. Ponzinibbio
Charlie Ward,Galore Bofando,Galore Bofando,2017-07-16,KO/TKO,1,UFC Fight Night: Nelson vs. Ponzinibbio
Danny Roberts,Bobby Nash,Danny Roberts,2017-07-16,KO/TKO,2,UFC Fight Night: Nelson vs. Ponzinibbio
Alexandre Pantoja,Neil Seery,Alexandre Pantoja,2017-07-16,Submission,3,UFC Fight Night: Nelson vs. Ponzinibbio
Danny Henry,Daniel Teymur,Danny Henry,2017-07-16,Decision - Unanimous,3,UFC Fight Night: Nelson vs. Ponzinibbio
Brett Johns,Albert Morales,Brett Johns,2017-07-16,Decision - Unanimous,3,UFC Fight Night: Nelson vs. Ponzinibbio
Leslie Smith,Amanda Lemos,Leslie Smith,2017-07-16,KO/TKO,2,UFC Fight Night: Nelson vs. Ponzinibbio
Yoel Romero,Robert Whittaker,Robert Whittaker,2017-07-08,Decision - Unanimous,5,UFC 213: Romero vs. Whittaker
Daniel Omielanczuk,Curtis Blaydes,Curtis Blaydes,2017-07-08,Decision - Unanimous,3,UFC 213: Romero vs. Whittaker
Fabricio Werdum,Alistair Overeem,Alistair Overeem,2017-07-08,Decision - Majority,3,UFC 213: Romero vs. Whittaker
Rob Font,Douglas Silva de Andrade,Rob Font,2017-07-08,Submission,2,UFC 213: Romero vs. Whittaker
Anthony Pettis,Jim Miller,Anthony Pettis,2017-07-08,Decision - Unanimous,3,UFC 213: Romero vs. Whittaker
Travis Browne,Aleksei Oleinik,Aleksei Oleinik,2017-07-08,Submission,2,UFC 213: Romero vs. Whittaker
Thiago Santos,Gerald Meerschaert,Thiago Santos,2017-07-08,KO/TKO,2,UFC 213: Romero vs. Whittaker
Chad Laprise,Brian Camozzi,Chad Laprise,2017-07-08,KO/TKO,3,UFC 213: Romero vs. Whittaker
Trevin Giles,James Bochnovic,Trevin Giles,2017-07-08,KO/TKO,2,UFC 213: Romero vs. Whittaker
Cody Stamann,Terrion Ware,Cody Stamann,2017-07-08,Decision - Unanimous,3,UFC 213: Romero vs. Whittaker
Jordan Mein,Belal Muhammad,Belal Muhammad,2017-07-08,Decision - Unanimous,3,UFC 213: Romero vs. Whittaker
Michael Johnson,Justin Gaethje,Justin Gaethje,2017-07-07,KO/TKO,2,The Ultimate Fighter: Redemption Finale
Marc Diakiese,Drakkar Klose,Drakkar Klose,2017-07-07,Decision - Split,3,The Ultimate Fighter: Redemption Finale
Dhiego Lima,Jesse Taylor,Jesse Taylor,2017-07-07,Submission,2,The Ultimate Fighter: Redemption Finale
Jared Cannonier,Nick Roehrick,Jared Cannonier,2017-07-07,KO/TKO,3,The Ultimate Fighter: Redemption Finale
Brad Tavares,Elias Theodorou,Brad Tavares,2017-07-07,Decision - Unanimous,3,The Ultimate Fighter: Redemption Finale
Jordan Johnson,Marcel Fortuna,Jordan Johnson,2017-07-07,Decision - Unanimous,3,The Ultimate Fighter: Redemption Finale
Angela Hill,Ashley Yoder,Angela Hill,2017-07-07,Decision - Unanimous,3,The Ultimate Fighter: Redemption Finale
James Krause,Tom Gallicchio,James Krause,2017-07-07,Decision - Unanimous,3,The Ultimate Fighter: Redemption Finale
Ed Herman,CB Dollaway,CB Dollaway,2017-07-07,Decision - Unanimous,3,The Ultimate Fighter: Redemption Finale
Tecia Pennington,Juliana Lima,Tecia Pennington,2017-07-07,Submission,2,The Ultimate Fighter: Redemption Finale
Gray Maynard,Teruto Ishihara,Gray Maynard,2017-07-07,Decision - Unanimous,3,The Ultimate Fighter: Redemption Finale
Michael Chiesa,Kevin Lee,Kevin Lee,2017-06-25,Submission,1,UFC Fight Night: Chiesa vs. Lee
Tim Boetsch,Johny Hendricks,Tim Boetsch,2017-06-25,KO/TKO,2,UFC Fight Night: Chiesa vs. Lee
Felice Herrig,Justine Kish,Felice Herrig,2017-06-25,Decision - Unanimous,3,UFC Fight Night: Chiesa vs. Lee
Tim Means,Alex Garcia,Tim Means,2017-06-25,Decision - Unanimous,3,UFC Fight Night: Chiesa vs. Lee
Joachim Christensen,Dominick Reyes,Dominick Reyes,2017-06-25,KO/TKO,1,UFC Fight Night: Chiesa vs. Lee
BJ Penn,Dennis Siver,Dennis Siver,2017-06-25,Decision - Majority,3,UFC Fight Night: Chiesa vs. Lee
Vitor Miranda,Marvin Vettori,Marvin Vettori,2017-06-25,Decision - Unanimous,3,UFC Fight Night: Chiesa vs. Lee
Clay Guida,Erik Koch,Clay Guida,2017-06-25,Decision - Unanimous,3,UFC Fight Night: Chiesa vs. Lee
Carla Esparza,Maryna Moroz,Carla Esparza,2017-06-25,Decision - Unanimous,3,UFC Fight Night: Chiesa vs. Lee
Devin Powell,Darrell Horcher,Darrell Horcher,2017-06-25,Decision - Split,3,UFC Fight Night: Chiesa vs. Lee
Jared Gordon,Michel Quinones,Jared Gordon,2017-06-25,KO/TKO,2,UFC Fight Night: Chiesa vs. Lee
Anthony Rocco Martin,Johnny Case,Anthony Rocco Martin,2017-06-25,Decision - Unanimous,3,UFC Fight Night: Chiesa vs. Lee
Derrick Lewis,Mark Hunt,Mark Hunt,2017-06-10,KO/TKO,4,UFC Fight Night: Lewis vs. Hunt
Josh Stansbury,Jeremy Kimball,Jeremy Kimball,2017-06-25,KO/TKO,1,UFC Fight Night: Chiesa vs. Lee
Derek Brunson,Daniel Kelly,Derek Brunson,2017-06-10,KO/TKO,1,UFC Fight Night: Lewis vs. Hunt
Dan Hooker,Ross Pearson,Dan Hooker,2017-06-10,KO/TKO,2,UFC Fight Night: Lewis vs. Hunt
Ion Cutelaba,Henrique da Silva,Ion Cutelaba,2017-06-10,KO/TKO,1,UFC Fight Night: Lewis vs. Hunt
Tim Elliott,Ben Nguyen,Ben Nguyen,2017-06-10,Submission,1,UFC Fight Night: Lewis vs. Hunt
Alexander Volkanovski,Mizuto Hirota,Alexander Volkanovski,2017-06-10,Decision - Unanimous,3,UFC Fight Night: Lewis vs. Hunt
Damien Brown,Vinc Pichel,Vinc Pichel,2017-06-10,KO/TKO,1,UFC Fight Night: Lewis vs. Hunt
Luke Jumeau,Dominique Steele,Luke Jumeau,2017-06-10,Decision - Unanimous,3,UFC Fight Night: Lewis vs. Hunt
John Moraga,Ashkan Mokhtarian,John Moraga,2017-06-10,Decision - Unanimous,3,UFC Fight Night: Lewis vs. Hunt
Kiichi Kunimoto,Zak Ottow,Zak Ottow,2017-06-10,Decision - Split,3,UFC Fight Night: Lewis vs. Hunt
JJ Aldrich,Chan-Mi Jeon,JJ Aldrich,2017-06-10,Decision - Unanimous,3,UFC Fight Night: Lewis vs. Hunt
Holly Holm,Bethe Correia,Holly Holm,2017-06-17,KO/TKO,3,UFC Fight Night: Holm vs. Correia
Dong Hyun Kim,Colby Covington,Colby Covington,2017-06-17,Decision - Unanimous,3,UFC Fight Night: Holm vs. Correia
Andrei Arlovski,Marcin Tybura,Marcin Tybura,2017-06-17,Decision - Unanimous,3,UFC Fight Night: Holm vs. Correia
Tarec Saffiedine,Rafael Dos Anjos,Rafael Dos Anjos,2017-06-17,Decision - Unanimous,3,UFC Fight Night: Holm vs. Correia
Takanori Gomi,Jon Tuck,Jon Tuck,2017-06-17,Submission,1,UFC Fight Night: Holm vs. Correia
Cyril Asker,Walt Harris,Walt Harris,2017-06-17,KO/TKO,1,UFC Fight Night: Holm vs. Correia
Alex Caceres,Rolando Dy,Alex Caceres,2017-06-17,TKO - Doctor's Stoppage,2,UFC Fight Night: Holm vs. Correia
Li Jingliang,Frank Camacho,Li Jingliang,2017-06-17,Decision - Unanimous,3,UFC Fight Night: Holm vs. Correia
Justin Scoggins,Yuta Sasaki,Yuta Sasaki,2017-06-17,Submission,2,UFC Fight Night: Holm vs. Correia
Kwan Ho Kwak,Russell Doane,Russell Doane,2017-06-17,KO/TKO,1,UFC Fight Night: Holm vs. Correia
Naoki Inoue,Carls John De Tomas,Naoki Inoue,2017-06-17,Decision - Unanimous,3,UFC Fight Night: Holm vs. Correia
Jose Aldo,Max Holloway,Max Holloway,2017-06-03,KO/TKO,3,UFC 212: Aldo vs. Holloway
Ji Yeon Kim,Lucie Pudilova,Lucie Pudilova,2017-06-17,Decision - Unanimous,3,UFC Fight Night: Holm vs. Correia
Claudia Gadelha,Karolina Kowalkiewicz,Claudia Gadelha,2017-06-03,Submission,1,UFC 212: Aldo vs. Holloway
Erick Silva,Yancy Medeiros,Yancy Medeiros,2017-06-03,KO/TKO,2,UFC 212: Aldo vs. Holloway
Paulo Costa,Oluwale Bamgbose,Paulo Costa,2017-06-03,KO/TKO,2,UFC 212: Aldo vs. Holloway
Raphael Assuncao,Marlon Moraes,Raphael Assuncao,2017-06-03,Decision - Split,3,UFC 212: Aldo vs. Holloway
Vitor Belfort,Nate Marquardt,Vitor Belfort,2017-06-03,Decision - Unanimous,3,UFC 212: Aldo vs. Holloway
Johnny Eduardo,Matthew Lopez,Matthew Lopez,2017-06-03,KO/TKO,1,UFC 212: Aldo vs. Holloway
Antonio Carlos Junior,Eric Spicely,Antonio Carlos Junior,2017-06-03,Submission,2,UFC 212: Aldo vs. Holloway
Iuri Alcantara,Brian Kelleher,Brian Kelleher,2017-06-03,Submission,1,UFC 212: Aldo vs. Holloway
Marco Beltran,Deiveson Figueiredo,Deiveson Figueiredo,2017-06-03,KO/TKO,2,UFC 212: Aldo vs. Holloway
Viviane Pereira,Jamie Moyle,Viviane Pereira,2017-06-03,Decision - Unanimous,3,UFC 212: Aldo vs. Holloway
Luan Chagas,Jim Wallhead,Luan Chagas,2017-06-03,Submission,2,UFC 212: Aldo vs. Holloway
Demian Maia,Jorge Masvidal,Demian Maia,2017-05-13,Decision - Split,3,UFC 211: Miocic vs. Dos Santos
Stipe Miocic,Junior Dos Santos,Stipe Miocic,2017-05-13,KO/TKO,1,UFC 211: Miocic vs. Dos Santos
Joanna Jedrzejczyk,Jessica Andrade,Joanna Jedrzejczyk,2017-05-13,Decision - Unanimous,5,UFC 211: Miocic vs. Dos Santos
Frankie Edgar,Yair Rodriguez,Frankie Edgar,2017-05-13,TKO - Doctor's Stoppage,2,UFC 211: Miocic vs. Dos Santos
Krzysztof Jotko,David Branch,David Branch,2017-05-13,Decision - Split,3,UFC 211: Miocic vs. Dos Santos
Chase Sherman,Rashad Coulter,Chase Sherman,2017-05-13,KO/TKO,2,UFC 211: Miocic vs. Dos Santos
Chas Skelly,Jason Knight,Jason Knight,2017-05-13,KO/TKO,3,UFC 211: Miocic vs. Dos Santos
James Vick,Marco Polo Reyes,James Vick,2017-05-13,KO/TKO,1,UFC 211: Miocic vs. Dos Santos
Jessica Aguilar,Cortney Casey,Cortney Casey,2017-05-13,Decision - Unanimous,3,UFC 211: Miocic vs. Dos Santos
Joachim Christensen,Gadzhimurad Antigulov,Gadzhimurad Antigulov,2017-05-13,Submission,1,UFC 211: Miocic vs. Dos Santos
Gabriel Benitez,Enrique Barzola,Enrique Barzola,2017-05-13,Decision - Unanimous,3,UFC 211: Miocic vs. Dos Santos
Volkan Oezdemir,Misha Cirkunov,Volkan Oezdemir,2017-05-28,KO/TKO,1,UFC Fight Night: Gustafsson vs. Teixeira
Alexander Gustafsson,Glover Teixeira,Alexander Gustafsson,2017-05-28,KO/TKO,5,UFC Fight Night: Gustafsson vs. Teixeira
Peter Sobotta,Ben Saunders,Peter Sobotta,2017-05-28,KO/TKO,2,UFC Fight Night: Gustafsson vs. Teixeira
Abdul Razak Alhassan,Omari Akhmedov,Omari Akhmedov,2017-05-28,Decision - Split,3,UFC Fight Night: Gustafsson vs. Teixeira
Jack Hermansson,Alex Nicholson,Jack Hermansson,2017-05-28,KO/TKO,1,UFC Fight Night: Gustafsson vs. Teixeira
Oliver Enkamp,Nordine Taleb,Nordine Taleb,2017-05-28,Decision - Unanimous,3,UFC Fight Night: Gustafsson vs. Teixeira
Pedro Munhoz,Damian Stasiak,Pedro Munhoz,2017-05-28,Decision - Unanimous,3,UFC Fight Night: Gustafsson vs. Teixeira
Reza Madadi,Joaquim Silva,Joaquim Silva,2017-05-28,Decision - Split,3,UFC Fight Night: Gustafsson vs. Teixeira
Trevor Smith,Chris Camozzi,Trevor Smith,2017-05-28,Decision - Unanimous,3,UFC Fight Night: Gustafsson vs. Teixeira
Nicholas Musoke,Bojan Velickovic,Bojan Velickovic,2017-05-28,KO/TKO,3,UFC Fight Night: Gustafsson vs. Teixeira
Cub Swanson,Artem Lobov,Cub Swanson,2017-04-22,Decision - Unanimous,5,UFC Fight Night: Swanson vs. Lobov
Darren Till,Jessin Ayari,Darren Till,2017-05-28,Decision - Unanimous,3,UFC Fight Night: Gustafsson vs. Teixeira
Marcin Held,Damir Hadzovic,Damir Hadzovic,2017-05-28,KO/TKO,3,UFC Fight Night: Gustafsson vs. Teixeira
Ovince Saint Preux,Marcos Rogerio de Lima,Ovince Saint Preux,2017-04-22,Submission,2,UFC Fight Night: Swanson vs. Lobov
Al Iaquinta,Diego Sanchez,Al Iaquinta,2017-04-22,KO/TKO,1,UFC Fight Night: Swanson vs. Lobov
John Dodson,Eddie Wineland,John Dodson,2017-04-22,Decision - Unanimous,3,UFC Fight Night: Swanson vs. Lobov
Thales Leites,Sam Alvey,Thales Leites,2017-04-22,Decision - Unanimous,3,UFC Fight Night: Swanson vs. Lobov
Joe Lauzon,Stevie Ray,Stevie Ray,2017-04-22,Decision - Majority,3,UFC Fight Night: Swanson vs. Lobov
Jake Ellenberger,Mike Perry,Mike Perry,2017-04-22,KO/TKO,2,UFC Fight Night: Swanson vs. Lobov
Dustin Ortiz,Brandon Moreno,Brandon Moreno,2017-04-22,Submission,2,UFC Fight Night: Swanson vs. Lobov
Scott Holtzman,Michael McBride,Scott Holtzman,2017-04-22,Decision - Unanimous,3,UFC Fight Night: Swanson vs. Lobov
Alexis Davis,Cindy Dandois,Alexis Davis,2017-04-22,Decision - Unanimous,3,UFC Fight Night: Swanson vs. Lobov
Bryan Barberena,Joe Proctor,Bryan Barberena,2017-04-22,KO/TKO,1,UFC Fight Night: Swanson vs. Lobov
Jessica Penne,Danielle Taylor,Danielle Taylor,2017-04-22,Decision - Unanimous,3,UFC Fight Night: Swanson vs. Lobov
Hector Sandoval,Matt Schnell,Hector Sandoval,2017-04-22,KO/TKO,1,UFC Fight Night: Swanson vs. Lobov
Chris Weidman,Gegard Mousasi,Gegard Mousasi,2017-04-08,KO/TKO,2,UFC 210: Cormier vs. Johnson 2
Daniel Cormier,Anthony Johnson,Daniel Cormier,2017-04-08,Submission,2,UFC 210: Cormier vs. Johnson 2
Cynthia Calvillo,Pearl Gonzalez,Cynthia Calvillo,2017-04-08,Submission,3,UFC 210: Cormier vs. Johnson 2
Will Brooks,Charles Oliveira,Charles Oliveira,2017-04-08,Submission,1,UFC 210: Cormier vs. Johnson 2
Myles Jury,Mike de la Torre,Myles Jury,2017-04-08,KO/TKO,1,UFC 210: Cormier vs. Johnson 2
Thiago Alves,Patrick Cote,Thiago Alves,2017-04-08,Decision - Unanimous,3,UFC 210: Cormier vs. Johnson 2
Kamaru Usman,Sean Strickland,Kamaru Usman,2017-04-08,Decision - Unanimous,3,UFC 210: Cormier vs. Johnson 2
Shane Burgos,Charles Rosa,Shane Burgos,2017-04-08,KO/TKO,3,UFC 210: Cormier vs. Johnson 2
Gregor Gillespie,Andrew Holbrook,Gregor Gillespie,2017-04-08,KO/TKO,1,UFC 210: Cormier vs. Johnson 2
Patrick Cummins,Jan Blachowicz,Patrick Cummins,2017-04-08,Decision - Unanimous,3,UFC 210: Cormier vs. Johnson 2
Katlyn Cerminara,Irene Aldana,Katlyn Cerminara,2017-04-08,Decision - Split,3,UFC 210: Cormier vs. Johnson 2
Jenel Lausa,Bibulatov Magomed,Bibulatov Magomed,2017-04-08,Decision - Unanimous,3,UFC 210: Cormier vs. Johnson 2
Josh Emmett,Desmond Green,Desmond Green,2017-04-08,Decision - Split,3,UFC 210: Cormier vs. Johnson 2
Jacare Souza,Robert Whittaker,Robert Whittaker,2017-04-15,KO/TKO,2,UFC on FOX: Johnson vs. Reis
Demetrious Johnson,Wilson Reis,Demetrious Johnson,2017-04-15,Submission,3,UFC on FOX: Johnson vs. Reis
Jeremy Stephens,Renato Moicano,Renato Moicano,2017-04-15,Decision - Split,3,UFC on FOX: Johnson vs. Reis
Rose Namajunas,Michelle Waterson-Gomez,Rose Namajunas,2017-04-15,Submission,2,UFC on FOX: Johnson vs. Reis
Alexander Volkov,Roy Nelson,Alexander Volkov,2017-04-15,Decision - Unanimous,3,UFC on FOX: Johnson vs. Reis
King Green,Rashid Magomedov,Rashid Magomedov,2017-04-15,Decision - Split,3,UFC on FOX: Johnson vs. Reis
Patrick Williams,Tom Duquesnoy,Tom Duquesnoy,2017-04-15,KO/TKO,2,UFC on FOX: Johnson vs. Reis
Louis Smolka,Tim Elliott,Tim Elliott,2017-04-15,Decision - Unanimous,3,UFC on FOX: Johnson vs. Reis
Devin Clark,Jake Collier,Devin Clark,2017-04-15,Decision - Unanimous,3,UFC on FOX: Johnson vs. Reis
Aljamain Sterling,Augusto Mendes,Aljamain Sterling,2017-04-15,Decision - Unanimous,3,UFC on FOX: Johnson vs. Reis
Anthony Smith,Andrew Sanchez,Anthony Smith,2017-04-15,KO/TKO,3,UFC on FOX: Johnson vs. Reis
Jimi Manuwa,Corey Anderson,Jimi Manuwa,2017-03-18,KO/TKO,1,UFC Fight Night: Manuwa vs. Anderson
Zak Cummings,Nathan Coy,Zak Cummings,2017-04-15,Submission,1,UFC on FOX: Johnson vs. Reis
Ashlee Evans-Smith,Ketlen Vieira,Ketlen Vieira,2017-04-15,Decision - Unanimous,3,UFC on FOX: Johnson vs. Reis
Gunnar Nelson,Alan Jouban,Gunnar Nelson,2017-03-18,Submission,2,UFC Fight Night: Manuwa vs. Anderson
Brad Pickett,Marlon Vera,Marlon Vera,2017-03-18,KO/TKO,3,UFC Fight Night: Manuwa vs. Anderson
Joe Duffy,Reza Madadi,Joe Duffy,2017-03-18,Decision - Unanimous,3,UFC Fight Night: Manuwa vs. Anderson
Darren Stewart,Francimar Barroso,Francimar Barroso,2017-03-18,Decision - Unanimous,3,UFC Fight Night: Manuwa vs. Anderson
Arnold Allen,Makwan Amirkhani,Arnold Allen,2017-03-18,Decision - Split,3,UFC Fight Night: Manuwa vs. Anderson
Daniel Omielanczuk,Timothy Johnson,Timothy Johnson,2017-03-18,Decision - Split,3,UFC Fight Night: Manuwa vs. Anderson
Leon Edwards,Vicente Luque,Leon Edwards,2017-03-18,Decision - Unanimous,3,UFC Fight Night: Manuwa vs. Anderson
Marc Diakiese,Teemu Packalen,Marc Diakiese,2017-03-18,KO/TKO,1,UFC Fight Night: Manuwa vs. Anderson
Lina Lansberg,Lucie Pudilova,Lina Lansberg,2017-03-18,Decision - Unanimous,3,UFC Fight Night: Manuwa vs. Anderson
Brad Scott,Scott Askham,Brad Scott,2017-03-18,Decision - Split,3,UFC Fight Night: Manuwa vs. Anderson
Edson Barboza,Beneil Dariush,Edson Barboza,2017-03-11,KO/TKO,2,UFC Fight Night: Belfort vs. Gastelum
Jussier Formiga,Ray Borg,Ray Borg,2017-03-11,Decision - Unanimous,3,UFC Fight Night: Belfort vs. Gastelum
Mauricio Rua,Gian Villante,Mauricio Rua,2017-03-11,KO/TKO,3,UFC Fight Night: Belfort vs. Gastelum
Alex Oliveira,Tim Means,Alex Oliveira,2017-03-11,Submission,2,UFC Fight Night: Belfort vs. Gastelum
Francisco Trinaldo,Kevin Lee,Kevin Lee,2017-03-11,Submission,2,UFC Fight Night: Belfort vs. Gastelum
Sergio Moraes,Davi Ramos,Sergio Moraes,2017-03-11,Decision - Unanimous,3,UFC Fight Night: Belfort vs. Gastelum
Rani Yahya,Joe Soto,Joe Soto,2017-03-11,Decision - Unanimous,3,UFC Fight Night: Belfort vs. Gastelum
Michel Prazeres,Joshua Burkman,Michel Prazeres,2017-03-11,Submission,1,UFC Fight Night: Belfort vs. Gastelum
Garreth McLellan,Paulo Costa,Paulo Costa,2017-03-11,KO/TKO,1,UFC Fight Night: Belfort vs. Gastelum
Rony Jason,Jeremy Kennedy,Jeremy Kennedy,2017-03-11,Decision - Unanimous,3,UFC Fight Night: Belfort vs. Gastelum
Tyron Woodley,Stephen Thompson,Tyron Woodley,2017-03-04,Decision - Majority,5,UFC 209: Woodley vs. Thompson 2
Amanda Cooper,Cynthia Calvillo,Cynthia Calvillo,2017-03-04,Submission,1,UFC 209: Woodley vs. Thompson 2
Lando Vannata,David Teymur,David Teymur,2017-03-04,Decision - Unanimous,3,UFC 209: Woodley vs. Thompson 2
Rashad Evans,Daniel Kelly,Daniel Kelly,2017-03-04,Decision - Split,3,UFC 209: Woodley vs. Thompson 2
Alistair Overeem,Mark Hunt,Alistair Overeem,2017-03-04,KO/TKO,3,UFC 209: Woodley vs. Thompson 2
Marcin Tybura,Luis Henrique,Marcin Tybura,2017-03-04,KO/TKO,3,UFC 209: Woodley vs. Thompson 2
Mirsad Bektic,Darren Elkins,Darren Elkins,2017-03-04,KO/TKO,3,UFC 209: Woodley vs. Thompson 2
Iuri Alcantara,Luke Sanders,Iuri Alcantara,2017-03-04,Submission,2,UFC 209: Woodley vs. Thompson 2
Mark Godbeer,Daniel Spitz,Mark Godbeer,2017-03-04,Decision - Unanimous,3,UFC 209: Woodley vs. Thompson 2
Tyson Pedro,Paul Craig,Tyson Pedro,2017-03-04,KO/TKO,1,UFC 209: Woodley vs. Thompson 2
Albert Morales,Andre Soukhamthath,Albert Morales,2017-03-04,Decision - Split,3,UFC 209: Woodley vs. Thompson 2
Abel Trujillo,James Vick,James Vick,2017-02-04,Submission,3,UFC Fight Night: Bermudez vs. The Korean Zombie
Alexa Grasso,Felice Herrig,Felice Herrig,2017-02-04,Decision - Unanimous,3,UFC Fight Night: Bermudez vs. The Korean Zombie
Dennis Bermudez,Chan Sung Jung,Chan Sung Jung,2017-02-04,KO/TKO,1,UFC Fight Night: Bermudez vs. The Korean Zombie
Anthony Hamilton,Marcel Fortuna,Marcel Fortuna,2017-02-04,KO/TKO,1,UFC Fight Night: Bermudez vs. The Korean Zombie
Ovince Saint Preux,Volkan Oezdemir,Volkan Oezdemir,2017-02-04,Decision - Split,3,UFC Fight Night: Bermudez vs. The Korean Zombie
Jessica Andrade,Angela Hill,Jessica Andrade,2017-02-04,Decision - Unanimous,3,UFC Fight Night: Bermudez vs. The Korean Zombie
Chas Skelly,Chris Gruetzemacher,Chas Skelly,2017-02-04,Submission,2,UFC Fight Night: Bermudez vs. The Korean Zombie
Ricardo Ramos,Michinori Tanaka,Ricardo Ramos,2017-02-04,Decision - Unanimous,3,UFC Fight Night: Bermudez vs. The Korean Zombie
Tecia Pennington,Bec Rawlings,Tecia Pennington,2017-02-04,Decision - Unanimous,3,UFC Fight Night: Bermudez vs. The Korean Zombie
Johny Hendricks,Hector Lombard,Johny Hendricks,2017-02-19,Decision - Unanimous,3,UFC Fight Night: Lewis vs. Browne
Daniel Jolly,Khalil Rountree Jr.,Khalil Rountree Jr.,2017-02-04,KO/TKO,1,UFC Fight Night: Bermudez vs. The Korean Zombie
Derrick Lewis,Travis Browne,Derrick Lewis,2017-02-19,KO/TKO,2,UFC Fight Night: Lewis vs. Browne
Sam Sicilia,Gavin Tucker,Gavin Tucker,2017-02-19,Decision - Unanimous,3,UFC Fight Night: Lewis vs. Browne
Elias Theodorou,Cezar Ferreira,Elias Theodorou,2017-02-19,Decision - Unanimous,3,UFC Fight Night: Lewis vs. Browne
Sara McMann,Gina Mazany,Sara McMann,2017-02-19,Submission,1,UFC Fight Night: Lewis vs. Browne
Paul Felder,Alex Ricci,Paul Felder,2017-02-19,KO/TKO,1,UFC Fight Night: Lewis vs. Browne
Carla Esparza,Randa Markos,Randa Markos,2017-02-19,Decision - Split,3,UFC Fight Night: Lewis vs. Browne
Aiemann Zahabi,Reginaldo Vieira,Aiemann Zahabi,2017-02-19,Decision - Unanimous,3,UFC Fight Night: Lewis vs. Browne
Jack Marshman,Thiago Santos,Thiago Santos,2017-02-19,KO/TKO,2,UFC Fight Night: Lewis vs. Browne
Gerald Meerschaert,Ryan Janes,Gerald Meerschaert,2017-02-19,Submission,1,UFC Fight Night: Lewis vs. Browne
Holly Holm,Germaine de Randamie,Germaine de Randamie,2017-02-11,Decision - Unanimous,5,UFC 208: Holm vs. De Randamie
Nordine Taleb,Santiago Ponzinibbio,Santiago Ponzinibbio,2017-02-19,Decision - Unanimous,3,UFC Fight Night: Lewis vs. Browne
Anderson Silva,Derek Brunson,Anderson Silva,2017-02-11,Decision - Unanimous,3,UFC 208: Holm vs. De Randamie
Jacare Souza,Tim Boetsch,Jacare Souza,2017-02-11,Submission,1,UFC 208: Holm vs. De Randamie
Glover Teixeira,Jared Cannonier,Glover Teixeira,2017-02-11,Decision - Unanimous,3,UFC 208: Holm vs. De Randamie
Dustin Poirier,Jim Miller,Dustin Poirier,2017-02-11,Decision - Majority,3,UFC 208: Holm vs. De Randamie
Wilson Reis,Yuta Sasaki,Wilson Reis,2017-02-11,Decision - Unanimous,3,UFC 208: Holm vs. De Randamie
Randy Brown,Belal Muhammad,Belal Muhammad,2017-02-11,Decision - Unanimous,3,UFC 208: Holm vs. De Randamie
Nik Lentz,Islam Makhachev,Islam Makhachev,2017-02-11,Decision - Unanimous,3,UFC 208: Holm vs. De Randamie
Ricky Glenn,Phillipe Nover,Ricky Glenn,2017-02-11,Decision - Split,3,UFC 208: Holm vs. De Randamie
Yair Rodriguez,BJ Penn,Yair Rodriguez,2017-01-15,KO/TKO,2,UFC Fight Night: Rodriguez vs. Penn
Joe Lauzon,Marcin Held,Joe Lauzon,2017-01-15,Decision - Split,3,UFC Fight Night: Rodriguez vs. Penn
Court McGee,Ben Saunders,Ben Saunders,2017-01-15,Decision - Unanimous,3,UFC Fight Night: Rodriguez vs. Penn
Ryan LaFlare,Roan Carneiro,Ryan LaFlare,2017-02-11,Decision - Unanimous,3,UFC 208: Holm vs. De Randamie
John Moraga,Sergio Pettis,Sergio Pettis,2017-01-15,Decision - Unanimous,3,UFC Fight Night: Rodriguez vs. Penn
Devin Powell,Drakkar Klose,Drakkar Klose,2017-01-15,Decision - Unanimous,3,UFC Fight Night: Rodriguez vs. Penn
Frankie Saenz,Augusto Mendes,Augusto Mendes,2017-01-15,Decision - Split,3,UFC Fight Night: Rodriguez vs. Penn
Aleksei Oleinik,Viktor Pesta,Aleksei Oleinik,2017-01-15,Submission,1,UFC Fight Night: Rodriguez vs. Penn
Anthony Rocco Martin,Alex White,Anthony Rocco Martin,2017-01-15,Decision - Unanimous,3,UFC Fight Night: Rodriguez vs. Penn
Walt Harris,Chase Sherman,Walt Harris,2017-01-15,KO/TKO,2,UFC Fight Night: Rodriguez vs. Penn
Bojan Mihajlovic,Joachim Christensen,Joachim Christensen,2017-01-15,KO/TKO,3,UFC Fight Night: Rodriguez vs. Penn
Jocelyn Jones-Lybarger,Nina Nunes,Nina Nunes,2017-01-15,Submission,3,UFC Fight Night: Rodriguez vs. Penn
Dmitrii Smoliakov,Cyril Asker,Cyril Asker,2017-01-15,KO/TKO,1,UFC Fight Night: Rodriguez vs. Penn
Donald Cerrone,Jorge Masvidal,Jorge Masvidal,2017-01-28,KO/TKO,2,UFC on FOX: Shevchenko vs. Pena
Valentina Shevchenko,Julianna Pena,Valentina Shevchenko,2017-01-28,Submission,2,UFC on FOX: Shevchenko vs. Pena
Alex Caceres,Jason Knight,Jason Knight,2017-01-28,Submission,2,UFC on FOX: Shevchenko vs. Pena
Andrei Arlovski,Francis Ngannou,Francis Ngannou,2017-01-28,KO/TKO,1,UFC on FOX: Shevchenko vs. Pena
Nate Marquardt,Sam Alvey,Sam Alvey,2017-01-28,Decision - Unanimous,3,UFC on FOX: Shevchenko vs. Pena
Raphael Assuncao,Aljamain Sterling,Raphael Assuncao,2017-01-28,Decision - Split,3,UFC on FOX: Shevchenko vs. Pena
Henrique da Silva,Jordan Johnson,Jordan Johnson,2017-01-28,Decision - Unanimous,3,UFC on FOX: Shevchenko vs. Pena
Bobby Nash,Li Jingliang,Li Jingliang,2017-01-28,KO/TKO,2,UFC on FOX: Shevchenko vs. Pena
Eric Spicely,Alessio Di Chirico,Eric Spicely,2017-01-28,Submission,1,UFC on FOX: Shevchenko vs. Pena
Marcos Rogerio de Lima,Jeremy Kimball,Marcos Rogerio de Lima,2017-01-28,KO/TKO,1,UFC on FOX: Shevchenko vs. Pena
Jason Gonzalez,JC Cottrell,Jason Gonzalez,2017-01-28,Submission,1,UFC on FOX: Shevchenko vs. Pena
Alexandre Pantoja,Eric Shelton,Alexandre Pantoja,2017-01-28,Decision - Split,3,UFC on FOX: Shevchenko vs. Pena
Dominick Cruz,Cody Garbrandt,Cody Garbrandt,2016-12-30,Decision - Unanimous,5,UFC 207: Nunes vs. Rousey
Amanda Nunes,Ronda Rousey,Amanda Nunes,2016-12-30,KO/TKO,1,UFC 207: Nunes vs. Rousey
Dong Hyun Kim,Tarec Saffiedine,Dong Hyun Kim,2016-12-30,Decision - Split,3,UFC 207: Nunes vs. Rousey
TJ Dillashaw,John Lineker,TJ Dillashaw,2016-12-30,Decision - Unanimous,3,UFC 207: Nunes vs. Rousey
Louis Smolka,Ray Borg,Ray Borg,2016-12-30,Decision - Unanimous,3,UFC 207: Nunes vs. Rousey
Antonio Carlos Junior,Marvin Vettori,Antonio Carlos Junior,2016-12-30,Decision - Unanimous,3,UFC 207: Nunes vs. Rousey
Johny Hendricks,Neil Magny,Neil Magny,2016-12-30,Decision - Unanimous,3,UFC 207: Nunes vs. Rousey
Brandon Thatch,Niko Price,Niko Price,2016-12-30,Submission,1,UFC 207: Nunes vs. Rousey
Mike Pyle,Alex Garcia,Alex Garcia,2016-12-30,KO/TKO,1,UFC 207: Nunes vs. Rousey
Paige VanZant,Michelle Waterson-Gomez,Michelle Waterson-Gomez,2016-12-17,Submission,1,UFC on FOX: VanZant vs. Waterson
Alan Jouban,Mike Perry,Alan Jouban,2016-12-17,Decision - Unanimous,3,UFC on FOX: VanZant vs. Waterson
Urijah Faber,Brad Pickett,Urijah Faber,2016-12-17,Decision - Unanimous,3,UFC on FOX: VanZant vs. Waterson
Sage Northcutt,Mickey Gall,Mickey Gall,2016-12-17,Submission,2,UFC on FOX: VanZant vs. Waterson
Henrique da Silva,Paul Craig,Paul Craig,2016-12-17,Submission,2,UFC on FOX: VanZant vs. Waterson
Bryan Barberena,Colby Covington,Colby Covington,2016-12-17,Decision - Unanimous,3,UFC on FOX: VanZant vs. Waterson
Josh Emmett,Scott Holtzman,Josh Emmett,2016-12-17,Decision - Unanimous,3,UFC on FOX: VanZant vs. Waterson
Cole Miller,Mizuto Hirota,Mizuto Hirota,2016-12-17,Decision - Unanimous,3,UFC on FOX: VanZant vs. Waterson
James Moontasri,Alex Morono,Alex Morono,2016-12-17,Decision - Unanimous,3,UFC on FOX: VanZant vs. Waterson
Leslie Smith,Irene Aldana,Leslie Smith,2016-12-17,Decision - Unanimous,3,UFC on FOX: VanZant vs. Waterson
Hector Sandoval,Fredy Serrano,Hector Sandoval,2016-12-17,Decision - Unanimous,3,UFC on FOX: VanZant vs. Waterson
Eddie Wineland,Takeya Mizugaki,Eddie Wineland,2016-12-17,KO/TKO,1,UFC on FOX: VanZant vs. Waterson
Bojan Velickovic,Sultan Aliev,Sultan Aliev,2016-12-17,Decision - Split,3,UFC on FOX: VanZant vs. Waterson
Donald Cerrone,Matt Brown,Donald Cerrone,2016-12-10,KO/TKO,3,UFC 206: Holloway vs. Pettis
Max Holloway,Anthony Pettis,Max Holloway,2016-12-10,KO/TKO,3,UFC 206: Holloway vs. Pettis
Cub Swanson,Dooho Choi,Cub Swanson,2016-12-10,Decision - Unanimous,3,UFC 206: Holloway vs. Pettis
Tim Kennedy,Kelvin Gastelum,Kelvin Gastelum,2016-12-10,KO/TKO,3,UFC 206: Holloway vs. Pettis
Jordan Mein,Emil Meek,Emil Meek,2016-12-10,Decision - Unanimous,3,UFC 206: Holloway vs. Pettis
Nikita Krylov,Misha Cirkunov,Misha Cirkunov,2016-12-10,Submission,1,UFC 206: Holloway vs. Pettis
Olivier Aubin-Mercier,Drew Dober,Olivier Aubin-Mercier,2016-12-10,Submission,2,UFC 206: Holloway vs. Pettis
Valerie Letourneau,Viviane Pereira,Viviane Pereira,2016-12-10,Decision - Split,3,UFC 206: Holloway vs. Pettis
Mitch Gagnon,Matthew Lopez,Matthew Lopez,2016-12-10,Decision - Unanimous,3,UFC 206: Holloway vs. Pettis
John Makdessi,Lando Vannata,Lando Vannata,2016-12-10,KO/TKO,1,UFC 206: Holloway vs. Pettis
Jason Saggo,Rustam Khabilov,Rustam Khabilov,2016-12-10,Decision - Unanimous,3,UFC 206: Holloway vs. Pettis
Francis Ngannou,Anthony Hamilton,Francis Ngannou,2016-12-09,Submission,1,UFC Fight Night: Lewis vs. Abdurakhimov
Derrick Lewis,Shamil Abdurakhimov,Derrick Lewis,2016-12-09,KO/TKO,4,UFC Fight Night: Lewis vs. Abdurakhimov
Zach Makovsky,Dustin Ortiz,Dustin Ortiz,2016-12-10,Decision - Split,3,UFC 206: Holloway vs. Pettis
Corey Anderson,Sean O'Connell,Corey Anderson,2016-12-09,KO/TKO,2,UFC Fight Night: Lewis vs. Abdurakhimov
Gian Villante,Saparbeg Safarov,Gian Villante,2016-12-09,KO/TKO,2,UFC Fight Night: Lewis vs. Abdurakhimov
Justine Kish,Ashley Yoder,Justine Kish,2016-12-09,Decision - Unanimous,3,UFC Fight Night: Lewis vs. Abdurakhimov
Randy Brown,Brian Camozzi,Randy Brown,2016-12-09,KO/TKO,2,UFC Fight Night: Lewis vs. Abdurakhimov
Andrew Sanchez,Trevor Smith,Andrew Sanchez,2016-12-09,Decision - Unanimous,3,UFC Fight Night: Lewis vs. Abdurakhimov
Joseph Gigliotti,Gerald Meerschaert,Gerald Meerschaert,2016-12-09,Submission,1,UFC Fight Night: Lewis vs. Abdurakhimov
Tiago dos Santos e Silva,Shane Burgos,Shane Burgos,2016-12-09,Decision - Unanimous,3,UFC Fight Night: Lewis vs. Abdurakhimov
Frankie Perez,Marc Diakiese,Marc Diakiese,2016-12-09,Decision - Unanimous,3,UFC Fight Night: Lewis vs. Abdurakhimov
Keith Berish,Ryan Janes,Ryan Janes,2016-12-09,Decision - Unanimous,3,UFC Fight Night: Lewis vs. Abdurakhimov
Demetrious Johnson,Tim Elliott,Demetrious Johnson,2016-12-03,Decision - Unanimous,5,The Ultimate Fighter: Tournament of Champions Finale
Juliana Lima,JJ Aldrich,Juliana Lima,2016-12-09,Decision - Unanimous,3,UFC Fight Night: Lewis vs. Abdurakhimov
Ion Cutelaba,Jared Cannonier,Jared Cannonier,2016-12-03,Decision - Unanimous,3,The Ultimate Fighter: Tournament of Champions Finale
Joseph Benavidez,Henry Cejudo,Joseph Benavidez,2016-12-03,Decision - Split,3,The Ultimate Fighter: Tournament of Champions Finale
Jake Ellenberger,Jorge Masvidal,Jorge Masvidal,2016-12-03,KO/TKO,1,The Ultimate Fighter: Tournament of Champions Finale
Sara McMann,Alexis Davis,Sara McMann,2016-12-03,Submission,2,The Ultimate Fighter: Tournament of Champions Finale
Brandon Moreno,Ryan Benoit,Brandon Moreno,2016-12-03,Decision - Split,3,The Ultimate Fighter: Tournament of Champions Finale
Rob Font,Matt Schnell,Rob Font,2016-12-03,KO/TKO,1,The Ultimate Fighter: Tournament of Champions Finale
Gray Maynard,Ryan Hall,Ryan Hall,2016-12-03,Decision - Unanimous,3,The Ultimate Fighter: Tournament of Champions Finale
Elvis Mutapcic,Anthony Smith,Anthony Smith,2016-12-03,KO/TKO,2,The Ultimate Fighter: Tournament of Champions Finale
Kailin Curran,Jamie Moyle,Jamie Moyle,2016-12-03,Decision - Unanimous,3,The Ultimate Fighter: Tournament of Champions Finale
Dong Hyun Ma,Brendan O'Reilly,Dong Hyun Ma,2016-12-03,Decision - Unanimous,3,The Ultimate Fighter: Tournament of Champions Finale
Josh Stansbury,Devin Clark,Devin Clark,2016-12-03,Decision - Unanimous,3,The Ultimate Fighter: Tournament of Champions Finale
Robert Whittaker,Derek Brunson,Robert Whittaker,2016-11-26,KO/TKO,1,UFC Fight Night: Whittaker vs. Brunson
Jake Matthews,Andrew Holbrook,Andrew Holbrook,2016-11-26,Decision - Split,3,UFC Fight Night: Whittaker vs. Brunson
Kyle Noke,Omari Akhmedov,Omari Akhmedov,2016-11-26,Decision - Unanimous,3,UFC Fight Night: Whittaker vs. Brunson
Yusuke Kasuya,Alexander Volkanovski,Alexander Volkanovski,2016-11-26,KO/TKO,2,UFC Fight Night: Whittaker vs. Brunson
Khalil Rountree Jr.,Tyson Pedro,Tyson Pedro,2016-11-26,Submission,1,UFC Fight Night: Whittaker vs. Brunson
Seo Hee Ham,Danielle Taylor,Danielle Taylor,2016-11-26,Decision - Split,3,UFC Fight Night: Whittaker vs. Brunson
Daniel Kelly,Chris Camozzi,Daniel Kelly,2016-11-26,Decision - Unanimous,3,UFC Fight Night: Whittaker vs. Brunson
Damien Brown,Jon Tuck,Damien Brown,2016-11-26,Decision - Split,3,UFC Fight Night: Whittaker vs. Brunson
Richard Walsh,Jonathan Meunier,Jonathan Meunier,2016-11-26,Decision - Unanimous,3,UFC Fight Night: Whittaker vs. Brunson
Ben Nguyen,Geane Herrera,Ben Nguyen,2016-11-26,Decision - Unanimous,3,UFC Fight Night: Whittaker vs. Brunson
Dan Hooker,Jason Knight,Jason Knight,2016-11-26,Decision - Unanimous,3,UFC Fight Night: Whittaker vs. Brunson
Yao Zhikui,Jenel Lausa,Jenel Lausa,2016-11-26,Decision - Unanimous,3,UFC Fight Night: Whittaker vs. Brunson
Marlon Vera,Guangyou Ning,Marlon Vera,2016-11-26,Decision - Unanimous,3,UFC Fight Night: Whittaker vs. Brunson
Ryan Bader,Rogerio Nogueira,Ryan Bader,2016-11-19,KO/TKO,3,UFC Fight Night: Bader vs. Nogueira
Claudia Gadelha,Cortney Casey,Claudia Gadelha,2016-11-19,Decision - Unanimous,3,UFC Fight Night: Bader vs. Nogueira
Thomas Almeida,Albert Morales,Thomas Almeida,2016-11-19,KO/TKO,2,UFC Fight Night: Bader vs. Nogueira
Thales Leites,Krzysztof Jotko,Krzysztof Jotko,2016-11-19,Decision - Unanimous,3,UFC Fight Night: Bader vs. Nogueira
Sergio Moraes,Zak Ottow,Sergio Moraes,2016-11-19,Decision - Split,3,UFC Fight Night: Bader vs. Nogueira
Warlley Alves,Kamaru Usman,Kamaru Usman,2016-11-19,Decision - Unanimous,3,UFC Fight Night: Bader vs. Nogueira
Cezar Ferreira,Jack Hermansson,Cezar Ferreira,2016-11-19,Submission,2,UFC Fight Night: Bader vs. Nogueira
Marcos Rogerio de Lima,Gadzhimurad Antigulov,Gadzhimurad Antigulov,2016-11-19,Submission,1,UFC Fight Night: Bader vs. Nogueira
Pedro Munhoz,Justin Scoggins,Pedro Munhoz,2016-11-19,Submission,2,UFC Fight Night: Bader vs. Nogueira
Luis Henrique,Christian Colombo,Luis Henrique,2016-11-19,Submission,3,UFC Fight Night: Bader vs. Nogueira
Johnny Eduardo,Manvel Gamburyan,Johnny Eduardo,2016-11-19,KO/TKO,2,UFC Fight Night: Bader vs. Nogueira
Gegard Mousasi,Uriah Hall,Gegard Mousasi,2016-11-19,KO/TKO,1,UFC Fight Night: Mousasi vs. Hall 2
Timothy Johnson,Alexander Volkov,Alexander Volkov,2016-11-19,Decision - Split,3,UFC Fight Night: Mousasi vs. Hall 2
Ross Pearson,Stevie Ray,Stevie Ray,2016-11-19,Decision - Split,3,UFC Fight Night: Mousasi vs. Hall 2
Artem Lobov,Teruto Ishihara,Artem Lobov,2016-11-19,Decision - Unanimous,3,UFC Fight Night: Mousasi vs. Hall 2
Kevin Lee,Magomed Mustafaev,Kevin Lee,2016-11-19,Submission,2,UFC Fight Night: Mousasi vs. Hall 2
Magnus Cedenblad,Jack Marshman,Jack Marshman,2016-11-19,KO/TKO,2,UFC Fight Night: Mousasi vs. Hall 2
Kyoji Horiguchi,Ali Bagautinov,Kyoji Horiguchi,2016-11-19,Decision - Unanimous,3,UFC Fight Night: Mousasi vs. Hall 2
Justin Ledet,Mark Godbeer,Justin Ledet,2016-11-19,Submission,1,UFC Fight Night: Mousasi vs. Hall 2
Zak Cummings,Alexander Yakovlev,Zak Cummings,2016-11-19,Submission,2,UFC Fight Night: Mousasi vs. Hall 2
Anna Elmose,Amanda Cooper,Amanda Cooper,2016-11-19,Decision - Unanimous,3,UFC Fight Night: Mousasi vs. Hall 2
Marion Reneau,Milana Dudieva,Marion Reneau,2016-11-19,KO/TKO,3,UFC Fight Night: Mousasi vs. Hall 2
Charlie Ward,Abdul Razak Alhassan,Abdul Razak Alhassan,2016-11-19,KO/TKO,1,UFC Fight Night: Mousasi vs. Hall 2
Brett Johns,Kwan Ho Kwak,Brett Johns,2016-11-19,Decision - Unanimous,3,UFC Fight Night: Mousasi vs. Hall 2
Eddie Alvarez,Conor McGregor,Conor McGregor,2016-11-12,KO/TKO,2,UFC 205: Alvarez vs McGregor
Joanna Jedrzejczyk,Karolina Kowalkiewicz,Joanna Jedrzejczyk,2016-11-12,Decision - Unanimous,5,UFC 205: Alvarez vs McGregor
Chris Weidman,Yoel Romero,Yoel Romero,2016-11-12,KO/TKO,3,UFC 205: Alvarez vs McGregor
Frankie Edgar,Jeremy Stephens,Frankie Edgar,2016-11-12,Decision - Unanimous,3,UFC 205: Alvarez vs McGregor
Khabib Nurmagomedov,Michael Johnson,Khabib Nurmagomedov,2016-11-12,Submission,3,UFC 205: Alvarez vs McGregor
Miesha Tate,Raquel Pennington,Raquel Pennington,2016-11-12,Decision - Unanimous,3,UFC 205: Alvarez vs McGregor
Rafael Natal,Tim Boetsch,Tim Boetsch,2016-11-12,KO/TKO,1,UFC 205: Alvarez vs McGregor
Jim Miller,Thiago Alves,Jim Miller,2016-11-12,Decision - Unanimous,3,UFC 205: Alvarez vs McGregor
Vicente Luque,Belal Muhammad,Vicente Luque,2016-11-12,KO/TKO,1,UFC 205: Alvarez vs McGregor
Liz Carmouche,Katlyn Cerminara,Liz Carmouche,2016-11-12,Decision - Split,3,UFC 205: Alvarez vs McGregor
Diego Sanchez,Marcin Held,Diego Sanchez,2016-11-05,Decision - Unanimous,3,UFC Fight Night: Dos Anjos vs. Ferguson
Rafael Dos Anjos,Tony Ferguson,Tony Ferguson,2016-11-05,Decision - Unanimous,5,UFC Fight Night: Dos Anjos vs. Ferguson
Ricardo Lamas,Charles Oliveira,Ricardo Lamas,2016-11-05,Submission,2,UFC Fight Night: Dos Anjos vs. Ferguson
Beneil Dariush,Rashid Magomedov,Beneil Dariush,2016-11-05,Decision - Unanimous,3,UFC Fight Night: Dos Anjos vs. Ferguson
Martin Bravo,Claudio Puelles,Martin Bravo,2016-11-05,KO/TKO,2,UFC Fight Night: Dos Anjos vs. Ferguson
Alexa Grasso,Heather Clark,Alexa Grasso,2016-11-05,Decision - Unanimous,3,UFC Fight Night: Dos Anjos vs. Ferguson
Marco Beltran,Joe Soto,Joe Soto,2016-11-05,Submission,1,UFC Fight Night: Dos Anjos vs. Ferguson
Erik Perez,Felipe Arantes,Erik Perez,2016-11-05,Decision - Split,3,UFC Fight Night: Dos Anjos vs. Ferguson
Erick Montano,Max Griffin,Max Griffin,2016-11-05,KO/TKO,1,UFC Fight Night: Dos Anjos vs. Ferguson
Sam Alvey,Alex Nicholson,Sam Alvey,2016-11-05,Decision - Unanimous,3,UFC Fight Night: Dos Anjos vs. Ferguson
Henry Briones,Douglas Silva de Andrade,Douglas Silva de Andrade,2016-11-05,KO/TKO,3,UFC Fight Night: Dos Anjos vs. Ferguson
Marco Polo Reyes,Jason Novelli,Marco Polo Reyes,2016-11-05,Decision - Split,3,UFC Fight Night: Dos Anjos vs. Ferguson
Vitor Belfort,Gegard Mousasi,Gegard Mousasi,2016-10-08,KO/TKO,2,UFC 204: Bisping vs. Henderson
Enrique Barzola,Chris Avila,Enrique Barzola,2016-11-05,Decision - Unanimous,3,UFC Fight Night: Dos Anjos vs. Ferguson
Michael Bisping,Dan Henderson,Michael Bisping,2016-10-08,Decision - Unanimous,5,UFC 204: Bisping vs. Henderson
Stefan Struve,Daniel Omielanczuk,Stefan Struve,2016-10-08,Submission,2,UFC 204: Bisping vs. Henderson
Ovince Saint Preux,Jimi Manuwa,Jimi Manuwa,2016-10-08,KO/TKO,2,UFC 204: Bisping vs. Henderson
Mirsad Bektic,Russell Doane,Mirsad Bektic,2016-10-08,Submission,1,UFC 204: Bisping vs. Henderson
Brad Pickett,Iuri Alcantara,Iuri Alcantara,2016-10-08,Submission,1,UFC 204: Bisping vs. Henderson
Davey Grant,Damian Stasiak,Damian Stasiak,2016-10-08,Submission,3,UFC 204: Bisping vs. Henderson
Leon Edwards,Albert Tumenov,Leon Edwards,2016-10-08,Submission,3,UFC 204: Bisping vs. Henderson
Lukasz Sajewski,Marc Diakiese,Marc Diakiese,2016-10-08,KO/TKO,2,UFC 204: Bisping vs. Henderson
Danny Roberts,Mike Perry,Mike Perry,2016-10-08,KO/TKO,3,UFC 204: Bisping vs. Henderson
Leonardo Santos,Adriano Martins,Leonardo Santos,2016-10-08,Decision - Split,3,UFC 204: Bisping vs. Henderson
Renan Barao,Phillipe Nover,Renan Barao,2016-09-24,Decision - Unanimous,3,UFC Fight Night: Cyborg vs. Lansberg
Cristiane Justino,Lina Lansberg,Cristiane Justino,2016-09-24,KO/TKO,2,UFC Fight Night: Cyborg vs. Lansberg
Roy Nelson,Antonio Silva,Roy Nelson,2016-09-24,KO/TKO,2,UFC Fight Night: Cyborg vs. Lansberg
Thiago Santos,Eric Spicely,Eric Spicely,2016-09-24,Submission,1,UFC Fight Night: Cyborg vs. Lansberg
Francisco Trinaldo,Paul Felder,Francisco Trinaldo,2016-09-24,TKO - Doctor's Stoppage,3,UFC Fight Night: Cyborg vs. Lansberg
Godofredo Pepey,Mike de la Torre,Godofredo Pepey,2016-09-24,Submission,1,UFC Fight Night: Cyborg vs. Lansberg
Gilbert Burns,Michel Prazeres,Michel Prazeres,2016-09-24,Decision - Unanimous,3,UFC Fight Night: Cyborg vs. Lansberg
Rani Yahya,Michinori Tanaka,Rani Yahya,2016-09-24,Decision - Unanimous,3,UFC Fight Night: Cyborg vs. Lansberg
Jussier Formiga,Dustin Ortiz,Jussier Formiga,2016-09-24,Decision - Unanimous,3,UFC Fight Night: Cyborg vs. Lansberg
Erick Silva,Luan Chagas,Erick Silva,2016-09-24,Submission,3,UFC Fight Night: Cyborg vs. Lansberg
Alan Patrick,Stevie Ray,Alan Patrick,2016-09-24,Decision - Unanimous,3,UFC Fight Night: Cyborg vs. Lansberg
Vicente Luque,Hector Urbina,Vicente Luque,2016-09-24,KO/TKO,1,UFC Fight Night: Cyborg vs. Lansberg
Dustin Poirier,Michael Johnson,Michael Johnson,2016-09-17,KO/TKO,1,UFC Fight Night: Poirier vs. Johnson
Glaico Franca Moreira,Gregor Gillespie,Gregor Gillespie,2016-09-24,Decision - Unanimous,3,UFC Fight Night: Cyborg vs. Lansberg
Uriah Hall,Derek Brunson,Derek Brunson,2016-09-17,KO/TKO,1,UFC Fight Night: Poirier vs. Johnson
Chris Wade,Islam Makhachev,Islam Makhachev,2016-09-17,Decision - Unanimous,3,UFC Fight Night: Poirier vs. Johnson
Evan Dunham,Ricky Glenn,Evan Dunham,2016-09-17,Decision - Unanimous,3,UFC Fight Night: Poirier vs. Johnson
Roan Carneiro,Kenny Robertson,Roan Carneiro,2016-09-17,Decision - Split,3,UFC Fight Night: Poirier vs. Johnson
Gabriel Benitez,Sam Sicilia,Gabriel Benitez,2016-09-17,Submission,2,UFC Fight Night: Poirier vs. Johnson
Chas Skelly,Maximo Blanco,Chas Skelly,2016-09-17,Submission,1,UFC Fight Night: Poirier vs. Johnson
Augusto Montano,Belal Muhammad,Belal Muhammad,2016-09-17,KO/TKO,3,UFC Fight Night: Poirier vs. Johnson
Antonio Carlos Junior,Leonardo Guimaraes,Antonio Carlos Junior,2016-09-17,Submission,3,UFC Fight Night: Poirier vs. Johnson
Erick Montano,Randy Brown,Randy Brown,2016-09-17,Submission,3,UFC Fight Night: Poirier vs. Johnson
Jose Quinonez,Joey Gomez,Jose Quinonez,2016-09-17,Decision - Unanimous,3,UFC Fight Night: Poirier vs. Johnson
John Lineker,John Dodson,John Lineker,2016-10-01,Decision - Split,5,UFC Fight Night: Lineker vs. Dodson
Louis Smolka,Brandon Moreno,Brandon Moreno,2016-10-01,Submission,1,UFC Fight Night: Lineker vs. Dodson
Joshua Burkman,Zak Ottow,Zak Ottow,2016-10-01,Decision - Split,3,UFC Fight Night: Lineker vs. Dodson
Will Brooks,Alex Oliveira,Alex Oliveira,2016-10-01,KO/TKO,3,UFC Fight Night: Lineker vs. Dodson
Henrique da Silva,Joachim Christensen,Henrique da Silva,2016-10-01,Submission,2,UFC Fight Night: Lineker vs. Dodson
Shamil Abdurakhimov,Walt Harris,Shamil Abdurakhimov,2016-10-01,Decision - Split,3,UFC Fight Night: Lineker vs. Dodson
Hacran Dias,Andre Fili,Andre Fili,2016-10-01,Decision - Unanimous,3,UFC Fight Night: Lineker vs. Dodson
Keita Nakamura,Elizeu Zaleski dos Santos,Elizeu Zaleski dos Santos,2016-10-01,Decision - Unanimous,3,UFC Fight Night: Lineker vs. Dodson
Jonathan Wilson,Ion Cutelaba,Ion Cutelaba,2016-10-01,Decision - Unanimous,3,UFC Fight Night: Lineker vs. Dodson
Nate Marquardt,Tamdan McCrory,Nate Marquardt,2016-10-01,KO/TKO,2,UFC Fight Night: Lineker vs. Dodson
Cody East,Curtis Blaydes,Curtis Blaydes,2016-10-01,KO/TKO,2,UFC Fight Night: Lineker vs. Dodson
Stipe Miocic,Alistair Overeem,Stipe Miocic,2016-09-10,KO/TKO,1,UFC 203: Miocic vs. Overeem
Kelly Faszholz,Ketlen Vieira,Ketlen Vieira,2016-10-01,Decision - Split,3,UFC Fight Night: Lineker vs. Dodson
Fabricio Werdum,Travis Browne,Fabricio Werdum,2016-09-10,Decision - Unanimous,3,UFC 203: Miocic vs. Overeem
CM Punk,Mickey Gall,Mickey Gall,2016-09-10,Submission,1,UFC 203: Miocic vs. Overeem
Urijah Faber,Jimmie Rivera,Jimmie Rivera,2016-09-10,Decision - Unanimous,3,UFC 203: Miocic vs. Overeem
Jessica Andrade,Joanne Wood,Jessica Andrade,2016-09-10,Submission,1,UFC 203: Miocic vs. Overeem
Jessica Eye,Bethe Correia,Bethe Correia,2016-09-10,Decision - Split,3,UFC 203: Miocic vs. Overeem
Brad Tavares,Caio Magalhaes,Brad Tavares,2016-09-10,Decision - Split,3,UFC 203: Miocic vs. Overeem
Nik Lentz,Michael McBride,Nik Lentz,2016-09-10,KO/TKO,2,UFC 203: Miocic vs. Overeem
Drew Dober,Jason Gonzalez,Drew Dober,2016-09-10,KO/TKO,1,UFC 203: Miocic vs. Overeem
Alexander Gustafsson,Jan Blachowicz,Alexander Gustafsson,2016-09-03,Decision - Unanimous,3,UFC Fight Night: Arlovski vs. Barnett
Andrei Arlovski,Josh Barnett,Josh Barnett,2016-09-03,Submission,3,UFC Fight Night: Arlovski vs. Barnett
Yancy Medeiros,Sean Spencer,Yancy Medeiros,2016-09-10,Submission,2,UFC 203: Miocic vs. Overeem
Ryan Bader,Ilir Latifi,Ryan Bader,2016-09-03,KO/TKO,2,UFC Fight Night: Arlovski vs. Barnett
Jessin Ayari,Jim Wallhead,Jessin Ayari,2016-09-03,Decision - Split,3,UFC Fight Night: Arlovski vs. Barnett
Nick Hein,Tae Hyun Bang,Nick Hein,2016-09-03,Decision - Unanimous,3,UFC Fight Night: Arlovski vs. Barnett
Peter Sobotta,Nicolas Dalby,Peter Sobotta,2016-09-03,Decision - Unanimous,3,UFC Fight Night: Arlovski vs. Barnett
Ashlee Evans-Smith,Veronica Hardy,Ashlee Evans-Smith,2016-09-03,KO/TKO,3,UFC Fight Night: Arlovski vs. Barnett
Taylor Lapilus,Leandro Issa,Taylor Lapilus,2016-09-03,Decision - Unanimous,3,UFC Fight Night: Arlovski vs. Barnett
Scott Askham,Jack Hermansson,Jack Hermansson,2016-09-03,Decision - Unanimous,3,UFC Fight Night: Arlovski vs. Barnett
Demian Maia,Carlos Condit,Demian Maia,2016-08-27,Submission,1,UFC on FOX: Maia vs. Condit
Anthony Pettis,Charles Oliveira,Anthony Pettis,2016-08-27,Submission,3,UFC on FOX: Maia vs. Condit
Rustam Khabilov,Leandro Silva,Rustam Khabilov,2016-09-03,Decision - Unanimous,3,UFC Fight Night: Arlovski vs. Barnett
Paige VanZant,Bec Rawlings,Paige VanZant,2016-08-27,KO/TKO,2,UFC on FOX: Maia vs. Condit
Joe Lauzon,Jim Miller,Jim Miller,2016-08-27,Decision - Split,3,UFC on FOX: Maia vs. Condit
Sam Alvey,Kevin Casey,Sam Alvey,2016-08-27,KO/TKO,2,UFC on FOX: Maia vs. Condit
Enrique Barzola,Kyle Bochniak,Kyle Bochniak,2016-08-27,Decision - Split,3,UFC on FOX: Maia vs. Condit
Garreth McLellan,Alessio Di Chirico,Alessio Di Chirico,2016-08-27,Decision - Split,3,UFC on FOX: Maia vs. Condit
Jeremy Kennedy,Alex Ricci,Jeremy Kennedy,2016-08-27,Decision - Unanimous,3,UFC on FOX: Maia vs. Condit
Shane Campbell,Felipe Silva,Felipe Silva,2016-08-27,KO/TKO,1,UFC on FOX: Maia vs. Condit
Chad Laprise,Thibault Gouti,Chad Laprise,2016-08-27,KO/TKO,1,UFC on FOX: Maia vs. Condit
Anthony Johnson,Glover Teixeira,Anthony Johnson,2016-08-20,KO/TKO,1,UFC 202: Diaz vs. McGregor 2
Hyun Gyu Lim,Mike Perry,Mike Perry,2016-08-20,KO/TKO,1,UFC 202: Diaz vs. McGregor 2
Rick Story,Donald Cerrone,Donald Cerrone,2016-08-20,KO/TKO,2,UFC 202: Diaz vs. McGregor 2
Nate Diaz,Conor McGregor,Conor McGregor,2016-08-20,Decision - Majority,5,UFC 202: Diaz vs. McGregor 2
Cody Garbrandt,Takeya Mizugaki,Cody Garbrandt,2016-08-20,KO/TKO,1,UFC 202: Diaz vs. McGregor 2
Raquel Pennington,Elizabeth Phillips,Raquel Pennington,2016-08-20,Decision - Unanimous,3,UFC 202: Diaz vs. McGregor 2
Tim Means,Sabah Homasi,Tim Means,2016-08-20,KO/TKO,2,UFC 202: Diaz vs. McGregor 2
Artem Lobov,Chris Avila,Artem Lobov,2016-08-20,Decision - Unanimous,3,UFC 202: Diaz vs. McGregor 2
Neil Magny,Lorenz Larkin,Lorenz Larkin,2016-08-20,KO/TKO,1,UFC 202: Diaz vs. McGregor 2
Randa Markos,Cortney Casey,Cortney Casey,2016-08-20,Submission,1,UFC 202: Diaz vs. McGregor 2
Colby Covington,Max Griffin,Colby Covington,2016-08-20,KO/TKO,3,UFC 202: Diaz vs. McGregor 2
Rose Namajunas,Karolina Kowalkiewicz,Karolina Kowalkiewicz,2016-07-30,Decision - Split,3,UFC 201: Lawler vs. Woodley
Alberto Uda,Marvin Vettori,Marvin Vettori,2016-08-20,Submission,1,UFC 202: Diaz vs. McGregor 2
Matt Brown,Jake Ellenberger,Jake Ellenberger,2016-07-30,KO/TKO,1,UFC 201: Lawler vs. Woodley
Robbie Lawler,Tyron Woodley,Tyron Woodley,2016-07-30,KO/TKO,1,UFC 201: Lawler vs. Woodley
Francisco Rivera,Erik Perez,Erik Perez,2016-07-30,Decision - Unanimous,3,UFC 201: Lawler vs. Woodley
Ryan Benoit,Fredy Serrano,Ryan Benoit,2016-07-30,Decision - Split,3,UFC 201: Lawler vs. Woodley
Nikita Krylov,Ed Herman,Nikita Krylov,2016-07-30,KO/TKO,2,UFC 201: Lawler vs. Woodley
Ross Pearson,Jorge Masvidal,Jorge Masvidal,2016-07-30,Decision - Unanimous,3,UFC 201: Lawler vs. Woodley
Anthony Hamilton,Damian Grabowski,Anthony Hamilton,2016-07-30,KO/TKO,1,UFC 201: Lawler vs. Woodley
Wilson Reis,Hector Sandoval,Wilson Reis,2016-07-30,Submission,1,UFC 201: Lawler vs. Woodley
Dennis Bermudez,Rony Jason,Dennis Bermudez,2016-08-06,Decision - Unanimous,3,UFC Fight Night: Rodriguez vs. Caceres
Yair Rodriguez,Alex Caceres,Yair Rodriguez,2016-08-06,Decision - Split,5,UFC Fight Night: Rodriguez vs. Caceres
Santiago Ponzinibbio,Zak Cummings,Santiago Ponzinibbio,2016-08-06,Decision - Unanimous,3,UFC Fight Night: Rodriguez vs. Caceres
Cesar Arzamendia,Damien Brown,Damien Brown,2016-07-30,KO/TKO,1,UFC 201: Lawler vs. Woodley
Thales Leites,Chris Camozzi,Thales Leites,2016-08-06,Submission,3,UFC Fight Night: Rodriguez vs. Caceres
Trevor Smith,Joseph Gigliotti,Trevor Smith,2016-08-06,Decision - Unanimous,3,UFC Fight Night: Rodriguez vs. Caceres
Maryna Moroz,Danielle Taylor,Maryna Moroz,2016-08-06,Decision - Split,3,UFC Fight Night: Rodriguez vs. Caceres
Court McGee,Dominique Steele,Court McGee,2016-08-06,Decision - Unanimous,3,UFC Fight Night: Rodriguez vs. Caceres
Viktor Pesta,Marcin Tybura,Marcin Tybura,2016-08-06,KO/TKO,2,UFC Fight Night: Rodriguez vs. Caceres
Teruto Ishihara,Horacio Gutierrez,Teruto Ishihara,2016-08-06,KO/TKO,1,UFC Fight Night: Rodriguez vs. Caceres
David Teymur,Jason Novelli,David Teymur,2016-08-06,KO/TKO,2,UFC Fight Night: Rodriguez vs. Caceres
Chase Sherman,Justin Ledet,Justin Ledet,2016-08-06,Decision - Unanimous,3,UFC Fight Night: Rodriguez vs. Caceres
Holly Holm,Valentina Shevchenko,Valentina Shevchenko,2016-07-23,Decision - Unanimous,5,UFC on FOX: Holm vs. Shevchenko
Cub Swanson,Tatsuya Kawajiri,Cub Swanson,2016-08-06,Decision - Unanimous,3,UFC Fight Night: Rodriguez vs. Caceres
Francis Ngannou,Bojan Mihajlovic,Francis Ngannou,2016-07-23,KO/TKO,1,UFC on FOX: Holm vs. Shevchenko
Edson Barboza,Gilbert Melendez,Edson Barboza,2016-07-23,Decision - Unanimous,3,UFC on FOX: Holm vs. Shevchenko
Frankie Saenz,Eddie Wineland,Eddie Wineland,2016-07-23,KO/TKO,3,UFC on FOX: Holm vs. Shevchenko
Felice Herrig,Kailin Curran,Felice Herrig,2016-07-23,Submission,1,UFC on FOX: Holm vs. Shevchenko
Kamaru Usman,Alexander Yakovlev,Kamaru Usman,2016-07-23,Decision - Unanimous,3,UFC on FOX: Holm vs. Shevchenko
Darren Elkins,Godofredo Pepey,Darren Elkins,2016-07-23,Decision - Unanimous,3,UFC on FOX: Holm vs. Shevchenko
Michel Prazeres,JC Cottrell,Michel Prazeres,2016-07-23,Decision - Unanimous,3,UFC on FOX: Holm vs. Shevchenko
Alex Oliveira,James Moontasri,Alex Oliveira,2016-07-23,Decision - Unanimous,3,UFC on FOX: Holm vs. Shevchenko
Luis Henrique,Dmitrii Smoliakov,Luis Henrique,2016-07-23,Submission,2,UFC on FOX: Holm vs. Shevchenko
Michael McDonald,John Lineker,John Lineker,2016-07-13,KO/TKO,1,UFC Fight Night: McDonald vs. Lineker
Jim Alers,Jason Knight,Jason Knight,2016-07-23,Decision - Split,3,UFC on FOX: Holm vs. Shevchenko
Tony Ferguson,Lando Vannata,Tony Ferguson,2016-07-13,Submission,2,UFC Fight Night: McDonald vs. Lineker
Tim Boetsch,Josh Samman,Tim Boetsch,2016-07-13,KO/TKO,2,UFC Fight Night: McDonald vs. Lineker
Aleksei Oleinik,Daniel Omielanczuk,Daniel Omielanczuk,2016-07-13,Decision - Majority,3,UFC Fight Night: McDonald vs. Lineker
Kyle Noke,Keita Nakamura,Keita Nakamura,2016-07-13,Submission,2,UFC Fight Night: McDonald vs. Lineker
Louis Smolka,Ben Nguyen,Louis Smolka,2016-07-13,KO/TKO,2,UFC Fight Night: McDonald vs. Lineker
Lauren Murphy,Katlyn Cerminara,Katlyn Cerminara,2016-07-13,Decision - Unanimous,3,UFC Fight Night: McDonald vs. Lineker
Eric Spicely,Sam Alvey,Sam Alvey,2016-07-13,Submission,1,UFC Fight Night: McDonald vs. Lineker
Rani Yahya,Matthew Lopez,Rani Yahya,2016-07-13,Submission,3,UFC Fight Night: McDonald vs. Lineker
Cortney Casey,Cristina Stanciu,Cortney Casey,2016-07-13,KO/TKO,1,UFC Fight Night: McDonald vs. Lineker
Devin Clark,Alex Nicholson,Alex Nicholson,2016-07-13,KO/TKO,1,UFC Fight Night: McDonald vs. Lineker
Scott Holtzman,Cody Pfister,Scott Holtzman,2016-07-13,Decision - Unanimous,3,UFC Fight Night: McDonald vs. Lineker
Miesha Tate,Amanda Nunes,Amanda Nunes,2016-07-09,Submission,1,UFC 200: Tate vs Nunes
Daniel Cormier,Anderson Silva,Daniel Cormier,2016-07-09,Decision - Unanimous,3,UFC 200: Tate vs Nunes
Jose Aldo,Frankie Edgar,Jose Aldo,2016-07-09,Decision - Unanimous,5,UFC 200: Tate vs Nunes
Cat Zingano,Julianna Pena,Julianna Pena,2016-07-09,Decision - Unanimous,3,UFC 200: Tate vs Nunes
Cain Velasquez,Travis Browne,Cain Velasquez,2016-07-09,KO/TKO,1,UFC 200: Tate vs Nunes
Sage Northcutt,Enrique Marin,Sage Northcutt,2016-07-09,Decision - Unanimous,3,UFC 200: Tate vs Nunes
Johny Hendricks,Kelvin Gastelum,Kelvin Gastelum,2016-07-09,Decision - Unanimous,3,UFC 200: Tate vs Nunes
Gegard Mousasi,Thiago Santos,Gegard Mousasi,2016-07-09,KO/TKO,1,UFC 200: Tate vs Nunes
TJ Dillashaw,Raphael Assuncao,TJ Dillashaw,2016-07-09,Decision - Unanimous,3,UFC 200: Tate vs Nunes
Diego Sanchez,Joe Lauzon,Joe Lauzon,2016-07-09,KO/TKO,1,UFC 200: Tate vs Nunes
Andrew Sanchez,Khalil Rountree Jr.,Andrew Sanchez,2016-07-08,Decision - Unanimous,3,The Ultimate Fighter: Team Joanna vs. Team Cláudia Finale
Jim Miller,Takanori Gomi,Jim Miller,2016-07-09,KO/TKO,1,UFC 200: Tate vs Nunes
Joanna Jedrzejczyk,Claudia Gadelha,Joanna Jedrzejczyk,2016-07-08,Decision - Unanimous,5,The Ultimate Fighter: Team Joanna vs. Team Cláudia Finale
Ross Pearson,Will Brooks,Will Brooks,2016-07-08,Decision - Unanimous,3,The Ultimate Fighter: Team Joanna vs. Team Cláudia Finale
Tatiana Suarez,Amanda Cooper,Tatiana Suarez,2016-07-08,Submission,1,The Ultimate Fighter: Team Joanna vs. Team Cláudia Finale
Dooho Choi,Thiago Tavares,Dooho Choi,2016-07-08,KO/TKO,1,The Ultimate Fighter: Team Joanna vs. Team Cláudia Finale
Joaquim Silva,Andrew Holbrook,Joaquim Silva,2016-07-08,KO/TKO,1,The Ultimate Fighter: Team Joanna vs. Team Cláudia Finale
Gray Maynard,Fernando Bruno,Gray Maynard,2016-07-08,Decision - Unanimous,3,The Ultimate Fighter: Team Joanna vs. Team Cláudia Finale
John Moraga,Matheus Nicolau,Matheus Nicolau,2016-07-08,Decision - Split,3,The Ultimate Fighter: Team Joanna vs. Team Cláudia Finale
Jake Matthews,Kevin Lee,Kevin Lee,2016-07-08,KO/TKO,1,The Ultimate Fighter: Team Joanna vs. Team Cláudia Finale
Cezar Ferreira,Anthony Smith,Cezar Ferreira,2016-07-08,Decision - Unanimous,3,The Ultimate Fighter: Team Joanna vs. Team Cláudia Finale
Cory Hendricks,Josh Stansbury,Josh Stansbury,2016-07-08,Decision - Majority,3,The Ultimate Fighter: Team Joanna vs. Team Cláudia Finale
Li Jingliang,Anton Zafir,Li Jingliang,2016-07-08,KO/TKO,1,The Ultimate Fighter: Team Joanna vs. Team Cláudia Finale
Roy Nelson,Derrick Lewis,Derrick Lewis,2016-07-07,Decision - Split,3,UFC Fight Night: Dos Anjos vs. Alvarez
Rafael Dos Anjos,Eddie Alvarez,Eddie Alvarez,2016-07-07,KO/TKO,1,UFC Fight Night: Dos Anjos vs. Alvarez
Alan Jouban,Belal Muhammad,Alan Jouban,2016-07-07,Decision - Unanimous,3,UFC Fight Night: Dos Anjos vs. Alvarez
John Makdessi,Mehdi Baghdad,John Makdessi,2016-07-07,Decision - Split,3,UFC Fight Night: Dos Anjos vs. Alvarez
Mike Pyle,Alberto Mina,Alberto Mina,2016-07-07,KO/TKO,2,UFC Fight Night: Dos Anjos vs. Alvarez
Joe Duffy,Mitch Clarke,Joe Duffy,2016-07-07,Submission,1,UFC Fight Night: Dos Anjos vs. Alvarez
Russell Doane,Pedro Munhoz,Pedro Munhoz,2016-07-07,Submission,1,UFC Fight Night: Dos Anjos vs. Alvarez
Felipe Arantes,Jerrod Sanders,Felipe Arantes,2016-07-07,Submission,2,UFC Fight Night: Dos Anjos vs. Alvarez
Anthony Birchak,Dileno Lopes,Anthony Birchak,2016-07-07,Decision - Split,3,UFC Fight Night: Dos Anjos vs. Alvarez
Gilbert Burns,Lukasz Sajewski,Gilbert Burns,2016-07-07,Submission,1,UFC Fight Night: Dos Anjos vs. Alvarez
Marco Beltran,Reginaldo Vieira,Marco Beltran,2016-07-07,Submission,2,UFC Fight Night: Dos Anjos vs. Alvarez
Vicente Luque,Alvaro Herrera Mendoza,Vicente Luque,2016-07-07,Submission,2,UFC Fight Night: Dos Anjos vs. Alvarez
Rory MacDonald,Stephen Thompson,Stephen Thompson,2016-06-18,Decision - Unanimous,5,UFC Fight Night: MacDonald vs Thompson
Donald Cerrone,Patrick Cote,Donald Cerrone,2016-06-18,KO/TKO,3,UFC Fight Night: MacDonald vs Thompson
Steve Bosse,Sean O'Connell,Steve Bosse,2016-06-18,Decision - Unanimous,3,UFC Fight Night: MacDonald vs Thompson
Valerie Letourneau,Joanne Wood,Joanne Wood,2016-06-18,KO/TKO,3,UFC Fight Night: MacDonald vs Thompson
Olivier Aubin-Mercier,Thibault Gouti,Olivier Aubin-Mercier,2016-06-18,Submission,3,UFC Fight Night: MacDonald vs Thompson
Jason Saggo,Leandro Silva,Jason Saggo,2016-06-18,Decision - Split,3,UFC Fight Night: MacDonald vs Thompson
Tamdan McCrory,Krzysztof Jotko,Krzysztof Jotko,2016-06-18,KO/TKO,1,UFC Fight Night: MacDonald vs Thompson
Misha Cirkunov,Ion Cutelaba,Misha Cirkunov,2016-06-18,Submission,3,UFC Fight Night: MacDonald vs Thompson
Chris Beal,Joe Soto,Joe Soto,2016-06-18,Submission,3,UFC Fight Night: MacDonald vs Thompson
Randa Markos,Jocelyn Jones-Lybarger,Randa Markos,2016-06-18,Decision - Unanimous,3,UFC Fight Night: MacDonald vs Thompson
Elias Theodorou,Sam Alvey,Elias Theodorou,2016-06-18,Decision - Unanimous,3,UFC Fight Night: MacDonald vs Thompson
Colby Covington,Jonathan Meunier,Colby Covington,2016-06-18,Submission,3,UFC Fight Night: MacDonald vs Thompson
Ali Bagautinov,Geane Herrera,Ali Bagautinov,2016-06-18,Decision - Unanimous,3,UFC Fight Night: MacDonald vs Thompson
Luke Rockhold,Michael Bisping,Michael Bisping,2016-06-04,KO/TKO,1,UFC 199: Rockhold vs. Bisping 2
Max Holloway,Ricardo Lamas,Max Holloway,2016-06-04,Decision - Unanimous,3,UFC 199: Rockhold vs. Bisping 2
Dominick Cruz,Urijah Faber,Dominick Cruz,2016-06-04,Decision - Unanimous,5,UFC 199: Rockhold vs. Bisping 2
Dan Henderson,Hector Lombard,Dan Henderson,2016-06-04,KO/TKO,2,UFC 199: Rockhold vs. Bisping 2
Brian Ortega,Clay Guida,Brian Ortega,2016-06-04,KO/TKO,3,UFC 199: Rockhold vs. Bisping 2
Beneil Dariush,James Vick,Beneil Dariush,2016-06-04,KO/TKO,1,UFC 199: Rockhold vs. Bisping 2
Dustin Poirier,King Green,Dustin Poirier,2016-06-04,KO/TKO,1,UFC 199: Rockhold vs. Bisping 2
Sean Strickland,Tom Breese,Sean Strickland,2016-06-04,Decision - Split,3,UFC 199: Rockhold vs. Bisping 2
Cole Miller,Alex Caceres,Alex Caceres,2016-06-04,Decision - Unanimous,3,UFC 199: Rockhold vs. Bisping 2
Jessica Penne,Jessica Andrade,Jessica Andrade,2016-06-04,KO/TKO,2,UFC 199: Rockhold vs. Bisping 2
Jonathan Wilson,Henrique da Silva,Henrique da Silva,2016-06-04,KO/TKO,2,UFC 199: Rockhold vs. Bisping 2
Marco Polo Reyes,Dong Hyun Ma,Marco Polo Reyes,2016-06-04,KO/TKO,3,UFC 199: Rockhold vs. Bisping 2
Fabricio Werdum,Stipe Miocic,Stipe Miocic,2016-05-14,KO/TKO,1,UFC 198: Werdum vs Miocic
Cristiane Justino,Leslie Smith,Cristiane Justino,2016-05-14,KO/TKO,1,UFC 198: Werdum vs Miocic
Jacare Souza,Vitor Belfort,Jacare Souza,2016-05-14,KO/TKO,1,UFC 198: Werdum vs Miocic
Warlley Alves,Bryan Barberena,Bryan Barberena,2016-05-14,Decision - Unanimous,3,UFC 198: Werdum vs Miocic
Mauricio Rua,Corey Anderson,Mauricio Rua,2016-05-14,Decision - Split,3,UFC 198: Werdum vs Miocic
Demian Maia,Matt Brown,Demian Maia,2016-05-14,Submission,3,UFC 198: Werdum vs Miocic
Thiago Santos,Nate Marquardt,Thiago Santos,2016-05-14,KO/TKO,1,UFC 198: Werdum vs Miocic
Francisco Trinaldo,Yancy Medeiros,Francisco Trinaldo,2016-05-14,Decision - Unanimous,3,UFC 198: Werdum vs Miocic
John Lineker,Rob Font,John Lineker,2016-05-14,Decision - Unanimous,3,UFC 198: Werdum vs Miocic
Rogerio Nogueira,Patrick Cummins,Rogerio Nogueira,2016-05-14,KO/TKO,1,UFC 198: Werdum vs Miocic
Thomas Almeida,Cody Garbrandt,Cody Garbrandt,2016-05-29,KO/TKO,1,UFC Fight Night: Almeida vs Garbrandt
Renato Moicano,Zubaira Tukhugov,Renato Moicano,2016-05-14,Decision - Split,3,UFC 198: Werdum vs Miocic
Renan Barao,Jeremy Stephens,Jeremy Stephens,2016-05-29,Decision - Unanimous,3,UFC Fight Night: Almeida vs Garbrandt
Tarec Saffiedine,Rick Story,Rick Story,2016-05-29,Decision - Unanimous,3,UFC Fight Night: Almeida vs Garbrandt
Jorge Masvidal,Lorenz Larkin,Lorenz Larkin,2016-05-29,Decision - Split,3,UFC Fight Night: Almeida vs Garbrandt
Chris Camozzi,Vitor Miranda,Chris Camozzi,2016-05-29,Decision - Unanimous,3,UFC Fight Night: Almeida vs Garbrandt
Sara McMann,Jessica Eye,Sara McMann,2016-05-29,Decision - Unanimous,3,UFC Fight Night: Almeida vs Garbrandt
Joshua Burkman,Paul Felder,Paul Felder,2016-05-29,Decision - Unanimous,3,UFC Fight Night: Almeida vs Garbrandt
Jake Collier,Alberto Uda,Jake Collier,2016-05-29,KO/TKO,2,UFC Fight Night: Almeida vs Garbrandt
Erik Koch,Shane Campbell,Erik Koch,2016-05-29,Submission,2,UFC Fight Night: Almeida vs Garbrandt
Abel Trujillo,Jordan Rinaldi,Abel Trujillo,2016-05-29,Decision - Unanimous,3,UFC Fight Night: Almeida vs Garbrandt
Aljamain Sterling,Bryan Caraway,Bryan Caraway,2016-05-29,Decision - Split,3,UFC Fight Night: Almeida vs Garbrandt
Chris de la Rocha,Adam Milstead,Adam Milstead,2016-05-29,KO/TKO,2,UFC Fight Night: Almeida vs Garbrandt
Albert Tumenov,Gunnar Nelson,Gunnar Nelson,2016-05-08,Submission,2,UFC Fight Night: Overeem vs Arlovski
Alistair Overeem,Andrei Arlovski,Alistair Overeem,2016-05-08,KO/TKO,2,UFC Fight Night: Overeem vs Arlovski
Antonio Silva,Stefan Struve,Stefan Struve,2016-05-08,KO/TKO,1,UFC Fight Night: Overeem vs Arlovski
Germaine de Randamie,Anna Elmose,Germaine de Randamie,2016-05-08,KO/TKO,1,UFC Fight Night: Overeem vs Arlovski
Rustam Khabilov,Chris Wade,Rustam Khabilov,2016-05-08,Decision - Unanimous,3,UFC Fight Night: Overeem vs Arlovski
Nikita Krylov,Francimar Barroso,Nikita Krylov,2016-05-08,Submission,2,UFC Fight Night: Overeem vs Arlovski
Karolina Kowalkiewicz,Heather Clark,Karolina Kowalkiewicz,2016-05-08,Decision - Unanimous,3,UFC Fight Night: Overeem vs Arlovski
Magnus Cedenblad,Garreth McLellan,Magnus Cedenblad,2016-05-08,KO/TKO,2,UFC Fight Night: Overeem vs Arlovski
Jon Tuck,Josh Emmett,Josh Emmett,2016-05-08,Decision - Split,3,UFC Fight Night: Overeem vs Arlovski
Yan Cabral,Reza Madadi,Reza Madadi,2016-05-08,KO/TKO,3,UFC Fight Night: Overeem vs Arlovski
Kyoji Horiguchi,Neil Seery,Kyoji Horiguchi,2016-05-08,Decision - Unanimous,3,UFC Fight Night: Overeem vs Arlovski
Leon Edwards,Dominic Waters,Leon Edwards,2016-05-08,Decision - Unanimous,3,UFC Fight Night: Overeem vs Arlovski
Glover Teixeira,Rashad Evans,Glover Teixeira,2016-04-16,KO/TKO,1,UFC on FOX: Teixeira vs Evans
Yuta Sasaki,Willie Gates,Yuta Sasaki,2016-05-08,Submission,2,UFC Fight Night: Overeem vs Arlovski
Cub Swanson,Hacran Dias,Cub Swanson,2016-04-16,Decision - Unanimous,3,UFC on FOX: Teixeira vs Evans
Khabib Nurmagomedov,Darrell Horcher,Khabib Nurmagomedov,2016-04-16,KO/TKO,2,UFC on FOX: Teixeira vs Evans
Rose Namajunas,Tecia Pennington,Rose Namajunas,2016-04-16,Decision - Unanimous,3,UFC on FOX: Teixeira vs Evans
Bethe Correia,Raquel Pennington,Raquel Pennington,2016-04-16,Decision - Split,3,UFC on FOX: Teixeira vs Evans
Beneil Dariush,Michael Chiesa,Michael Chiesa,2016-04-16,Submission,2,UFC on FOX: Teixeira vs Evans
Court McGee,Santiago Ponzinibbio,Santiago Ponzinibbio,2016-04-16,KO/TKO,1,UFC on FOX: Teixeira vs Evans
Randy Brown,Michael Graves,Michael Graves,2016-04-16,Submission,2,UFC on FOX: Teixeira vs Evans
John Dodson,Manvel Gamburyan,John Dodson,2016-04-16,KO/TKO,1,UFC on FOX: Teixeira vs Evans
Elizeu Zaleski dos Santos,Omari Akhmedov,Elizeu Zaleski dos Santos,2016-04-16,KO/TKO,3,UFC on FOX: Teixeira vs Evans
Oluwale Bamgbose,Cezar Ferreira,Cezar Ferreira,2016-04-16,Decision - Unanimous,3,UFC on FOX: Teixeira vs Evans
Jon Jones,Ovince Saint Preux,Jon Jones,2016-04-23,Decision - Unanimous,5,UFC 197: Jones vs Saint Preux
Anthony Pettis,Edson Barboza,Edson Barboza,2016-04-23,Decision - Unanimous,3,UFC 197: Jones vs Saint Preux
Demetrious Johnson,Henry Cejudo,Demetrious Johnson,2016-04-23,KO/TKO,1,UFC 197: Jones vs Saint Preux
Robert Whittaker,Rafael Natal,Robert Whittaker,2016-04-23,Decision - Unanimous,3,UFC 197: Jones vs Saint Preux
Yair Rodriguez,Andre Fili,Yair Rodriguez,2016-04-23,KO/TKO,2,UFC 197: Jones vs Saint Preux
Sergio Pettis,Chris Kelades,Sergio Pettis,2016-04-23,Decision - Unanimous,3,UFC 197: Jones vs Saint Preux
Carla Esparza,Juliana Lima,Carla Esparza,2016-04-23,Decision - Unanimous,3,UFC 197: Jones vs Saint Preux
Danny Roberts,Dominique Steele,Danny Roberts,2016-04-23,Decision - Unanimous,3,UFC 197: Jones vs Saint Preux
Glaico Franca Moreira,James Vick,James Vick,2016-04-23,Decision - Unanimous,3,UFC 197: Jones vs Saint Preux
Walt Harris,Cody East,Walt Harris,2016-04-23,KO/TKO,1,UFC 197: Jones vs Saint Preux
Marcos Rogerio de Lima,Clint Hester,Marcos Rogerio de Lima,2016-04-23,Submission,1,UFC 197: Jones vs Saint Preux
Efrain Escudero,Kevin Lee,Kevin Lee,2016-04-23,Decision - Unanimous,3,UFC 197: Jones vs Saint Preux
Derrick Lewis,Gabriel Gonzaga,Derrick Lewis,2016-04-10,KO/TKO,1,UFC Fight Night: Rothwell vs Dos Santos
Ben Rothwell,Junior Dos Santos,Junior Dos Santos,2016-04-10,Decision - Unanimous,5,UFC Fight Night: Rothwell vs Dos Santos
Francis Ngannou,Curtis Blaydes,Francis Ngannou,2016-04-10,TKO - Doctor's Stoppage,2,UFC Fight Night: Rothwell vs Dos Santos
Timothy Johnson,Marcin Tybura,Timothy Johnson,2016-04-10,Decision - Unanimous,3,UFC Fight Night: Rothwell vs Dos Santos
Maryna Moroz,Cristina Stanciu,Maryna Moroz,2016-04-10,Decision - Unanimous,3,UFC Fight Night: Rothwell vs Dos Santos
Igor Pokrajac,Jan Blachowicz,Jan Blachowicz,2016-04-10,Decision - Unanimous,3,UFC Fight Night: Rothwell vs Dos Santos
Nicolas Dalby,Zak Cummings,Zak Cummings,2016-04-10,Decision - Unanimous,3,UFC Fight Night: Rothwell vs Dos Santos
Ian Entwistle,Alejandro Perez,Alejandro Perez,2016-04-10,KO/TKO,1,UFC Fight Night: Rothwell vs Dos Santos
Mairbek Taisumov,Damir Hadzovic,Mairbek Taisumov,2016-04-10,KO/TKO,1,UFC Fight Night: Rothwell vs Dos Santos
Filip Pejic,Damian Stasiak,Damian Stasiak,2016-04-10,Submission,1,UFC Fight Night: Rothwell vs Dos Santos
Robert Whiteford,Lucas Martins,Lucas Martins,2016-04-10,Decision - Split,3,UFC Fight Night: Rothwell vs Dos Santos
Conor McGregor,Nate Diaz,Nate Diaz,2016-03-05,Submission,2,UFC 196: McGregor vs Diaz
Alessio Di Chirico,Bojan Velickovic,Bojan Velickovic,2016-04-10,Decision - Unanimous,3,UFC Fight Night: Rothwell vs Dos Santos
Jared Cannonier,Cyril Asker,Jared Cannonier,2016-04-10,KO/TKO,1,UFC Fight Night: Rothwell vs Dos Santos
Holly Holm,Miesha Tate,Miesha Tate,2016-03-05,Submission,5,UFC 196: McGregor vs Diaz
Gian Villante,Ilir Latifi,Ilir Latifi,2016-03-05,Decision - Unanimous,3,UFC 196: McGregor vs Diaz
Corey Anderson,Tom Lawlor,Corey Anderson,2016-03-05,Decision - Unanimous,3,UFC 196: McGregor vs Diaz
Brandon Thatch,Siyar Bahadurzada,Siyar Bahadurzada,2016-03-05,Submission,3,UFC 196: McGregor vs Diaz
Amanda Nunes,Valentina Shevchenko,Amanda Nunes,2016-03-05,Decision - Unanimous,3,UFC 196: McGregor vs Diaz
Erick Silva,Nordine Taleb,Nordine Taleb,2016-03-05,KO/TKO,2,UFC 196: McGregor vs Diaz
Vitor Miranda,Marcelo Guimaraes,Vitor Miranda,2016-03-05,KO/TKO,2,UFC 196: McGregor vs Diaz
Darren Elkins,Chas Skelly,Darren Elkins,2016-03-05,Decision - Unanimous,3,UFC 196: McGregor vs Diaz
Jason Saggo,Justin Salas,Jason Saggo,2016-03-05,KO/TKO,1,UFC 196: McGregor vs Diaz
Diego Sanchez,Jim Miller,Diego Sanchez,2016-03-05,Decision - Unanimous,3,UFC 196: McGregor vs Diaz
Julian Erosa,Teruto Ishihara,Teruto Ishihara,2016-03-05,KO/TKO,2,UFC 196: McGregor vs Diaz
Mark Hunt,Frank Mir,Mark Hunt,2016-03-19,KO/TKO,1,UFC Fight Night: Hunt vs Mir
Hector Lombard,Neil Magny,Neil Magny,2016-03-19,KO/TKO,3,UFC Fight Night: Hunt vs Mir
Jake Matthews,Johnny Case,Jake Matthews,2016-03-19,Submission,3,UFC Fight Night: Hunt vs Mir
Daniel Kelly,Antonio Carlos Junior,Daniel Kelly,2016-03-19,KO/TKO,3,UFC Fight Night: Hunt vs Mir
James Te Huna,Steve Bosse,Steve Bosse,2016-03-19,KO/TKO,1,UFC Fight Night: Hunt vs Mir
Bec Rawlings,Seo Hee Ham,Bec Rawlings,2016-03-19,Decision - Unanimous,3,UFC Fight Night: Hunt vs Mir
Brendan O'Reilly,Alan Jouban,Alan Jouban,2016-03-19,KO/TKO,1,UFC Fight Night: Hunt vs Mir
Dan Hooker,Mark Eddiva,Dan Hooker,2016-03-19,Submission,1,UFC Fight Night: Hunt vs Mir
Leslie Smith,Rin Nakai,Leslie Smith,2016-03-19,Decision - Unanimous,3,UFC Fight Night: Hunt vs Mir
Ross Pearson,Chad Laprise,Ross Pearson,2016-03-19,Decision - Split,3,UFC Fight Night: Hunt vs Mir
Richard Walsh,Viscardi Andrade,Viscardi Andrade,2016-03-19,Decision - Unanimous,3,UFC Fight Night: Hunt vs Mir
Alan Patrick,Damien Brown,Alan Patrick,2016-03-19,Decision - Unanimous,3,UFC Fight Night: Hunt vs Mir
Anderson Silva,Michael Bisping,Michael Bisping,2016-02-27,Decision - Unanimous,5,UFC Fight Night: Silva vs Bisping
Gegard Mousasi,Thales Leites,Gegard Mousasi,2016-02-27,Decision - Unanimous,3,UFC Fight Night: Silva vs Bisping
Tom Breese,Keita Nakamura,Tom Breese,2016-02-27,Decision - Unanimous,3,UFC Fight Night: Silva vs Bisping
Davey Grant,Marlon Vera,Davey Grant,2016-02-27,Decision - Unanimous,3,UFC Fight Night: Silva vs Bisping
Francisco Rivera,Brad Pickett,Brad Pickett,2016-02-27,Decision - Split,3,UFC Fight Night: Silva vs Bisping
Mike Wilkinson,Makwan Amirkhani,Makwan Amirkhani,2016-02-27,Decision - Unanimous,3,UFC Fight Night: Silva vs Bisping
Scott Askham,Chris Dempsey,Scott Askham,2016-02-27,KO/TKO,1,UFC Fight Night: Silva vs Bisping
Arnold Allen,Yaotzin Meza,Arnold Allen,2016-02-27,Decision - Unanimous,3,UFC Fight Night: Silva vs Bisping
Brad Scott,Krzysztof Jotko,Krzysztof Jotko,2016-02-27,Decision - Unanimous,3,UFC Fight Night: Silva vs Bisping
Norman Parke,Rustam Khabilov,Rustam Khabilov,2016-02-27,Decision - Unanimous,3,UFC Fight Night: Silva vs Bisping
Daniel Omielanczuk,Jarjis Danho,Daniel Omielanczuk,2016-02-27,Decision - Majority,3,UFC Fight Night: Silva vs Bisping
David Teymur,Martin Svensson,David Teymur,2016-02-27,KO/TKO,2,UFC Fight Night: Silva vs Bisping
Teemu Packalen,Thibault Gouti,Teemu Packalen,2016-02-27,Submission,1,UFC Fight Night: Silva vs Bisping
Donald Cerrone,Alex Oliveira,Donald Cerrone,2016-02-21,Submission,1,UFC Fight Night: Cowboy vs Cowboy
Derek Brunson,Roan Carneiro,Derek Brunson,2016-02-21,KO/TKO,1,UFC Fight Night: Cowboy vs Cowboy
Cody Garbrandt,Augusto Mendes,Cody Garbrandt,2016-02-21,KO/TKO,1,UFC Fight Night: Cowboy vs Cowboy
Dennis Bermudez,Tatsuya Kawajiri,Dennis Bermudez,2016-02-21,Decision - Unanimous,3,UFC Fight Night: Cowboy vs Cowboy
Chris Camozzi,Joe Riggs,Chris Camozzi,2016-02-21,KO/TKO,1,UFC Fight Night: Cowboy vs Cowboy
James Krause,Shane Campbell,James Krause,2016-02-21,Decision - Unanimous,3,UFC Fight Night: Cowboy vs Cowboy
Anthony Smith,Leonardo Guimaraes,Anthony Smith,2016-02-21,Decision - Unanimous,3,UFC Fight Night: Cowboy vs Cowboy
Daniel Sarafian,Oluwale Bamgbose,Oluwale Bamgbose,2016-02-21,KO/TKO,1,UFC Fight Night: Cowboy vs Cowboy
Alex Garcia,Sean Strickland,Sean Strickland,2016-02-21,KO/TKO,3,UFC Fight Night: Cowboy vs Cowboy
Lauren Murphy,Kelly Faszholz,Lauren Murphy,2016-02-21,KO/TKO,3,UFC Fight Night: Cowboy vs Cowboy
Jonavin Webb,Nathan Coy,Nathan Coy,2016-02-21,Decision - Unanimous,3,UFC Fight Night: Cowboy vs Cowboy
Marion Reneau,Ashlee Evans-Smith,Ashlee Evans-Smith,2016-02-21,Decision - Split,3,UFC Fight Night: Cowboy vs Cowboy
Anthony Hamilton,Shamil Abdurakhimov,Shamil Abdurakhimov,2016-02-21,Decision - Unanimous,3,UFC Fight Night: Cowboy vs Cowboy
Johny Hendricks,Stephen Thompson,Stephen Thompson,2016-02-06,KO/TKO,1,UFC Fight Night: Hendricks vs Thompson
Roy Nelson,Jared Rosholt,Roy Nelson,2016-02-06,Decision - Unanimous,3,UFC Fight Night: Hendricks vs Thompson
Ovince Saint Preux,Rafael Cavalcante,Ovince Saint Preux,2016-02-06,Decision - Unanimous,3,UFC Fight Night: Hendricks vs Thompson
Joseph Benavidez,Zach Makovsky,Joseph Benavidez,2016-02-06,Decision - Unanimous,3,UFC Fight Night: Hendricks vs Thompson
Mike Pyle,Sean Spencer,Mike Pyle,2016-02-06,KO/TKO,3,UFC Fight Night: Hendricks vs Thompson
Misha Cirkunov,Alex Nicholson,Misha Cirkunov,2016-02-06,Submission,2,UFC Fight Night: Hendricks vs Thompson
Derrick Lewis,Damian Grabowski,Derrick Lewis,2016-02-06,KO/TKO,1,UFC Fight Night: Hendricks vs Thompson
Joshua Burkman,KJ Noons,Joshua Burkman,2016-02-06,Decision - Unanimous,3,UFC Fight Night: Hendricks vs Thompson
Ray Borg,Justin Scoggins,Justin Scoggins,2016-02-06,Decision - Unanimous,3,UFC Fight Night: Hendricks vs Thompson
Noad Lahat,Diego Rivas,Diego Rivas,2016-02-06,KO/TKO,2,UFC Fight Night: Hendricks vs Thompson
Mickey Gall,Mike Jackson,Mickey Gall,2016-02-06,Submission,1,UFC Fight Night: Hendricks vs Thompson
Artem Lobov,Alex White,Alex White,2016-02-06,Decision - Unanimous,3,UFC Fight Night: Hendricks vs Thompson
Josh Barnett,Ben Rothwell,Ben Rothwell,2016-01-30,Submission,2,UFC on FOX: Johnson vs. Bader
Anthony Johnson,Ryan Bader,Anthony Johnson,2016-01-30,KO/TKO,1,UFC on FOX: Johnson vs. Bader
Iuri Alcantara,Jimmie Rivera,Jimmie Rivera,2016-01-30,Decision - Unanimous,3,UFC on FOX: Johnson vs. Bader
Tarec Saffiedine,Jake Ellenberger,Tarec Saffiedine,2016-01-30,Decision - Unanimous,3,UFC on FOX: Johnson vs. Bader
Sage Northcutt,Bryan Barberena,Bryan Barberena,2016-01-30,Submission,2,UFC on FOX: Johnson vs. Bader
Olivier Aubin-Mercier,Diego Ferreira,Diego Ferreira,2016-01-30,Decision - Unanimous,3,UFC on FOX: Johnson vs. Bader
Rafael Natal,Kevin Casey,Rafael Natal,2016-01-30,KO/TKO,3,UFC on FOX: Johnson vs. Bader
Alex Caceres,Masio Fullen,Alex Caceres,2016-01-30,Decision - Unanimous,3,UFC on FOX: Johnson vs. Bader
George Sullivan,Alexander Yakovlev,Alexander Yakovlev,2016-01-30,KO/TKO,1,UFC on FOX: Johnson vs. Bader
Dustin Ortiz,Wilson Reis,Wilson Reis,2016-01-30,Decision - Unanimous,3,UFC on FOX: Johnson vs. Bader
Matt Dwyer,Randy Brown,Randy Brown,2016-01-30,Decision - Unanimous,3,UFC on FOX: Johnson vs. Bader
Anthony Rocco Martin,Felipe Olivieri,Anthony Rocco Martin,2016-01-30,Submission,3,UFC on FOX: Johnson vs. Bader
TJ Dillashaw,Dominick Cruz,Dominick Cruz,2016-01-17,Decision - Split,5,UFC Fight Night: Dillashaw vs Cruz
Anthony Pettis,Eddie Alvarez,Eddie Alvarez,2016-01-17,Decision - Split,3,UFC Fight Night: Dillashaw vs Cruz
Ross Pearson,Francisco Trinaldo,Francisco Trinaldo,2016-01-17,Decision - Unanimous,3,UFC Fight Night: Dillashaw vs Cruz
Travis Browne,Matt Mitrione,Travis Browne,2016-01-17,KO/TKO,3,UFC Fight Night: Dillashaw vs Cruz
Chris Wade,Mehdi Baghdad,Chris Wade,2016-01-17,Submission,1,UFC Fight Night: Dillashaw vs Cruz
Patrick Cote,Ben Saunders,Patrick Cote,2016-01-17,KO/TKO,2,UFC Fight Night: Dillashaw vs Cruz
Tim Boetsch,Ed Herman,Ed Herman,2016-01-17,KO/TKO,2,UFC Fight Night: Dillashaw vs Cruz
Paul Felder,Daron Cruickshank,Paul Felder,2016-01-17,Submission,3,UFC Fight Night: Dillashaw vs Cruz
Maximo Blanco,Luke Sanders,Luke Sanders,2016-01-17,Submission,1,UFC Fight Night: Dillashaw vs Cruz
Ilir Latifi,Sean O'Connell,Ilir Latifi,2016-01-17,KO/TKO,1,UFC Fight Night: Dillashaw vs Cruz
Rob Font,Joey Gomez,Rob Font,2016-01-17,KO/TKO,2,UFC Fight Night: Dillashaw vs Cruz
Charles Rosa,Kyle Bochniak,Charles Rosa,2016-01-17,Decision - Unanimous,3,UFC Fight Night: Dillashaw vs Cruz
Francimar Barroso,Elvis Mutapcic,Francimar Barroso,2016-01-17,Decision - Unanimous,3,UFC Fight Night: Dillashaw vs Cruz
Stipe Miocic,Andrei Arlovski,Stipe Miocic,2016-01-02,KO/TKO,1,UFC 195: Lawler vs Condit
Robbie Lawler,Carlos Condit,Robbie Lawler,2016-01-02,Decision - Split,5,UFC 195: Lawler vs Condit
Lorenz Larkin,Albert Tumenov,Albert Tumenov,2016-01-02,Decision - Split,3,UFC 195: Lawler vs Condit
Diego Brandao,Brian Ortega,Brian Ortega,2016-01-02,Submission,3,UFC 195: Lawler vs Condit
Abel Trujillo,Tony Sims,Abel Trujillo,2016-01-02,Submission,1,UFC 195: Lawler vs Condit
Michael McDonald,Masanori Kanehara,Michael McDonald,2016-01-02,Submission,2,UFC 195: Lawler vs Condit
Scott Holtzman,Drew Dober,Drew Dober,2016-01-02,Decision - Unanimous,3,UFC 195: Lawler vs Condit
Kyle Noke,Alex Morono,Alex Morono,2016-01-02,Decision - Split,3,UFC 195: Lawler vs Condit
Justine Kish,Nina Nunes,Justine Kish,2016-01-02,Decision - Unanimous,3,UFC 195: Lawler vs Condit
Dustin Poirier,Joe Duffy,Dustin Poirier,2016-01-02,Decision - Unanimous,3,UFC 195: Lawler vs Condit
Rafael Dos Anjos,Donald Cerrone,Rafael Dos Anjos,2015-12-19,KO/TKO,1,UFC on FOX: Dos Anjos vs. Cowboy 2
Sheldon Westcott,Edgar Garcia,Sheldon Westcott,2016-01-02,KO/TKO,1,UFC 195: Lawler vs Condit
Junior Dos Santos,Alistair Overeem,Alistair Overeem,2015-12-19,KO/TKO,2,UFC on FOX: Dos Anjos vs. Cowboy 2
Joe Soto,Michinori Tanaka,Michinori Tanaka,2016-01-02,Decision - Split,3,UFC 195: Lawler vs Condit
Randa Markos,Karolina Kowalkiewicz,Karolina Kowalkiewicz,2015-12-19,Decision - Unanimous,3,UFC on FOX: Dos Anjos vs. Cowboy 2
Michael Johnson,Nate Diaz,Nate Diaz,2015-12-19,Decision - Unanimous,3,UFC on FOX: Dos Anjos vs. Cowboy 2
Charles Oliveira,Myles Jury,Charles Oliveira,2015-12-19,Submission,1,UFC on FOX: Dos Anjos vs. Cowboy 2
Josh Samman,Tamdan McCrory,Tamdan McCrory,2015-12-19,Submission,3,UFC on FOX: Dos Anjos vs. Cowboy 2
CB Dollaway,Nate Marquardt,Nate Marquardt,2015-12-19,KO/TKO,2,UFC on FOX: Dos Anjos vs. Cowboy 2
Sarah Kaufman,Valentina Shevchenko,Valentina Shevchenko,2015-12-19,Decision - Split,3,UFC on FOX: Dos Anjos vs. Cowboy 2
Nik Lentz,Danny Castillo,Nik Lentz,2015-12-19,Decision - Split,3,UFC on FOX: Dos Anjos vs. Cowboy 2
Kamaru Usman,Leon Edwards,Kamaru Usman,2015-12-19,Decision - Unanimous,3,UFC on FOX: Dos Anjos vs. Cowboy 2
Francis Ngannou,Luis Henrique,Francis Ngannou,2015-12-19,KO/TKO,2,UFC on FOX: Dos Anjos vs. Cowboy 2
Hayder Hassan,Vicente Luque,Vicente Luque,2015-12-19,Submission,1,UFC on FOX: Dos Anjos vs. Cowboy 2
Jose Aldo,Conor McGregor,Conor McGregor,2015-12-12,KO/TKO,1,UFC 194: Aldo vs McGregor
Jacare Souza,Yoel Romero,Yoel Romero,2015-12-12,Decision - Split,3,UFC 194: Aldo vs McGregor
Demian Maia,Gunnar Nelson,Demian Maia,2015-12-12,Decision - Unanimous,3,UFC 194: Aldo vs McGregor
Chris Weidman,Luke Rockhold,Luke Rockhold,2015-12-12,KO/TKO,4,UFC 194: Aldo vs McGregor
Max Holloway,Jeremy Stephens,Max Holloway,2015-12-12,Decision - Unanimous,3,UFC 194: Aldo vs McGregor
Tecia Pennington,Jocelyn Jones-Lybarger,Tecia Pennington,2015-12-12,Decision - Unanimous,3,UFC 194: Aldo vs McGregor
Urijah Faber,Frankie Saenz,Urijah Faber,2015-12-12,Decision - Unanimous,3,UFC 194: Aldo vs McGregor
Warlley Alves,Colby Covington,Warlley Alves,2015-12-12,Submission,1,UFC 194: Aldo vs McGregor
Leonardo Santos,Kevin Lee,Leonardo Santos,2015-12-12,KO/TKO,1,UFC 194: Aldo vs McGregor
John Makdessi,Yancy Medeiros,Yancy Medeiros,2015-12-12,Decision - Split,3,UFC 194: Aldo vs McGregor
Joe Proctor,Magomed Mustafaev,Magomed Mustafaev,2015-12-12,KO/TKO,1,UFC 194: Aldo vs McGregor
Court McGee,Marcio Alexandre Junior,Court McGee,2015-12-12,Decision - Unanimous,3,UFC 194: Aldo vs McGregor
Jim Miller,Michael Chiesa,Michael Chiesa,2015-12-10,Submission,2,UFC Fight Night: Namajunas vs. VanZant
Sage Northcutt,Cody Pfister,Sage Northcutt,2015-12-10,Submission,2,UFC Fight Night: Namajunas vs. VanZant
Rose Namajunas,Paige VanZant,Rose Namajunas,2015-12-10,Submission,5,UFC Fight Night: Namajunas vs. VanZant
Elias Theodorou,Thiago Santos,Thiago Santos,2015-12-10,Decision - Unanimous,3,UFC Fight Night: Namajunas vs. VanZant
Tim Means,John Howard,Tim Means,2015-12-10,KO/TKO,2,UFC Fight Night: Namajunas vs. VanZant
Omari Akhmedov,Sergio Moraes,Sergio Moraes,2015-12-10,KO/TKO,3,UFC Fight Night: Namajunas vs. VanZant
Aljamain Sterling,Johnny Eduardo,Aljamain Sterling,2015-12-10,Submission,2,UFC Fight Night: Namajunas vs. VanZant
Santiago Ponzinibbio,Andreas Stahl,Santiago Ponzinibbio,2015-12-10,KO/TKO,1,UFC Fight Night: Namajunas vs. VanZant
Danny Roberts,Nathan Coy,Danny Roberts,2015-12-10,Submission,1,UFC Fight Night: Namajunas vs. VanZant
Frankie Edgar,Chad Mendes,Frankie Edgar,2015-12-11,KO/TKO,1,The Ultimate Fighter: Team McGregor vs. Team Faber Finale
Zubaira Tukhugov,Phillipe Nover,Zubaira Tukhugov,2015-12-10,Decision - Split,3,UFC Fight Night: Namajunas vs. VanZant
Kailin Curran,Emily Kagan,Kailin Curran,2015-12-10,Submission,2,UFC Fight Night: Namajunas vs. VanZant
Edson Barboza,Tony Ferguson,Tony Ferguson,2015-12-11,Submission,2,The Ultimate Fighter: Team McGregor vs. Team Faber Finale
Artem Lobov,Ryan Hall,Ryan Hall,2015-12-11,Decision - Unanimous,3,The Ultimate Fighter: Team McGregor vs. Team Faber Finale
Joe Lauzon,Evan Dunham,Evan Dunham,2015-12-11,Decision - Unanimous,3,The Ultimate Fighter: Team McGregor vs. Team Faber Finale
Tatsuya Kawajiri,Jason Knight,Tatsuya Kawajiri,2015-12-11,Decision - Unanimous,3,The Ultimate Fighter: Team McGregor vs. Team Faber Finale
Julian Erosa,Marcin Wrzosek,Julian Erosa,2015-12-11,Decision - Split,3,The Ultimate Fighter: Team McGregor vs. Team Faber Finale
Gabriel Gonzaga,Konstantin Erokhin,Gabriel Gonzaga,2015-12-11,Decision - Unanimous,3,The Ultimate Fighter: Team McGregor vs. Team Faber Finale
Ryan LaFlare,Mike Pierce,Ryan LaFlare,2015-12-11,Decision - Unanimous,3,The Ultimate Fighter: Team McGregor vs. Team Faber Finale
Chris Gruetzemacher,Abner Lloveras,Chris Gruetzemacher,2015-12-11,Decision - Unanimous,3,The Ultimate Fighter: Team McGregor vs. Team Faber Finale
Joby Sanchez,Geane Herrera,Geane Herrera,2015-12-11,KO/TKO,2,The Ultimate Fighter: Team McGregor vs. Team Faber Finale
Benson Henderson,Jorge Masvidal,Benson Henderson,2015-11-28,Decision - Split,5,UFC Fight Night: Henderson vs Masvidal
Dong Hyun Kim,Dominic Waters,Dong Hyun Kim,2015-11-28,KO/TKO,1,UFC Fight Night: Henderson vs Masvidal
Yoshihiro Akiyama,Alberto Mina,Alberto Mina,2015-11-28,Decision - Split,3,UFC Fight Night: Henderson vs Masvidal
Dongi Yang,Jake Collier,Dongi Yang,2015-11-28,KO/TKO,2,UFC Fight Night: Henderson vs Masvidal
Yui Chul Nam,Mike de la Torre,Mike de la Torre,2015-11-28,Decision - Split,3,UFC Fight Night: Henderson vs Masvidal
Dooho Choi,Sam Sicilia,Dooho Choi,2015-11-28,KO/TKO,1,UFC Fight Night: Henderson vs Masvidal
Tae Hyun Bang,Leo Kuntz,Tae Hyun Bang,2015-11-28,Decision - Split,3,UFC Fight Night: Henderson vs Masvidal
Seo Hee Ham,Cortney Casey,Seo Hee Ham,2015-11-28,Decision - Unanimous,3,UFC Fight Night: Henderson vs Masvidal
Yao Zhikui,Fredy Serrano,Fredy Serrano,2015-11-28,KO/TKO,1,UFC Fight Night: Henderson vs Masvidal
Dominique Steele,Dong Hyun Ma,Dominique Steele,2015-11-28,KO/TKO,3,UFC Fight Night: Henderson vs Masvidal
Guangyou Ning,Marco Beltran,Marco Beltran,2015-11-28,Decision - Split,3,UFC Fight Night: Henderson vs Masvidal
Ronda Rousey,Holly Holm,Holly Holm,2015-11-14,KO/TKO,2,UFC 193: Rousey vs Holm
Mark Hunt,Antonio Silva,Mark Hunt,2015-11-14,KO/TKO,1,UFC 193: Rousey vs Holm
Joanna Jedrzejczyk,Valerie Letourneau,Joanna Jedrzejczyk,2015-11-14,Decision - Unanimous,5,UFC 193: Rousey vs Holm
Uriah Hall,Robert Whittaker,Robert Whittaker,2015-11-14,Decision - Unanimous,3,UFC 193: Rousey vs Holm
Stefan Struve,Jared Rosholt,Jared Rosholt,2015-11-14,Decision - Unanimous,3,UFC 193: Rousey vs Holm
Kyle Noke,Peter Sobotta,Kyle Noke,2015-11-14,KO/TKO,1,UFC 193: Rousey vs Holm
Anthony Perosh,Gian Villante,Gian Villante,2015-11-14,KO/TKO,1,UFC 193: Rousey vs Holm
Jake Matthews,Akbarh Arreola,Jake Matthews,2015-11-14,TKO - Doctor's Stoppage,2,UFC 193: Rousey vs Holm
Daniel Kelly,Steve Montgomery,Daniel Kelly,2015-11-14,Decision - Unanimous,3,UFC 193: Rousey vs Holm
Richie Vaculik,Danny Martinez,Danny Martinez,2015-11-14,Decision - Unanimous,3,UFC 193: Rousey vs Holm
Richard Walsh,Steve Kennedy,Richard Walsh,2015-11-14,Decision - Unanimous,3,UFC 193: Rousey vs Holm
James Moontasri,Anton Zafir,James Moontasri,2015-11-14,KO/TKO,1,UFC 193: Rousey vs Holm
Ben Nguyen,Ryan Benoit,Ben Nguyen,2015-11-14,Submission,1,UFC 193: Rousey vs Holm
Neil Magny,Kelvin Gastelum,Neil Magny,2015-11-21,Decision - Split,5,UFC Fight Night: Magny vs Gastelum
Ricardo Lamas,Diego Sanchez,Ricardo Lamas,2015-11-21,Decision - Unanimous,3,UFC Fight Night: Magny vs Gastelum
Jussier Formiga,Henry Cejudo,Henry Cejudo,2015-11-21,Decision - Split,3,UFC Fight Night: Magny vs Gastelum
Erick Montano,Enrique Marin,Erick Montano,2015-11-21,Decision - Split,3,UFC Fight Night: Magny vs Gastelum
Horacio Gutierrez,Enrique Barzola,Enrique Barzola,2015-11-21,Decision - Unanimous,3,UFC Fight Night: Magny vs Gastelum
Efrain Escudero,Leandro Silva,Leandro Silva,2015-11-21,Decision - Unanimous,3,UFC Fight Night: Magny vs Gastelum
Erik Perez,Taylor Lapilus,Erik Perez,2015-11-21,Decision - Unanimous,3,UFC Fight Night: Magny vs Gastelum
Hector Urbina,Bartosz Fabinski,Bartosz Fabinski,2015-11-21,Decision - Unanimous,3,UFC Fight Night: Magny vs Gastelum
Gabriel Benitez,Andre Fili,Andre Fili,2015-11-21,KO/TKO,1,UFC Fight Night: Magny vs Gastelum
Vernon Ramos Ho,Alvaro Herrera Mendoza,Alvaro Herrera Mendoza,2015-11-21,KO/TKO,1,UFC Fight Night: Magny vs Gastelum
Alejandro Perez,Scott Jorgensen,Alejandro Perez,2015-11-21,KO/TKO,2,UFC Fight Night: Magny vs Gastelum
Cesar Arzamendia,Marco Polo Reyes,Marco Polo Reyes,2015-11-21,KO/TKO,1,UFC Fight Night: Magny vs Gastelum
Vitor Belfort,Dan Henderson,Vitor Belfort,2015-11-07,KO/TKO,1,UFC Fight Night: Belfort vs Henderson 3
Glover Teixeira,Patrick Cummins,Glover Teixeira,2015-11-07,KO/TKO,2,UFC Fight Night: Belfort vs Henderson 3
Valmir Lazaro,Michel Prazeres,Michel Prazeres,2015-11-21,Decision - Split,3,UFC Fight Night: Magny vs Gastelum
Thomas Almeida,Anthony Birchak,Thomas Almeida,2015-11-07,KO/TKO,1,UFC Fight Night: Belfort vs Henderson 3
Alex Oliveira,Piotr Hallmann,Alex Oliveira,2015-11-07,KO/TKO,3,UFC Fight Night: Belfort vs Henderson 3
Fabio Maldonado,Corey Anderson,Corey Anderson,2015-11-07,Decision - Unanimous,3,UFC Fight Night: Belfort vs Henderson 3
Gilbert Burns,Rashid Magomedov,Rashid Magomedov,2015-11-07,Decision - Unanimous,3,UFC Fight Night: Belfort vs Henderson 3
Yan Cabral,Johnny Case,Johnny Case,2015-11-07,Decision - Unanimous,3,UFC Fight Night: Belfort vs Henderson 3
Clay Guida,Thiago Tavares,Thiago Tavares,2015-11-07,Submission,1,UFC Fight Night: Belfort vs Henderson 3
Gleison Tibau,Abel Trujillo,Abel Trujillo,2015-11-07,DQ,1,UFC Fight Night: Belfort vs Henderson 3
Edimilson Souza,Chas Skelly,Chas Skelly,2015-11-07,Submission,2,UFC Fight Night: Belfort vs Henderson 3
Viscardi Andrade,Gasan Umalatov,Viscardi Andrade,2015-11-07,Decision - Unanimous,3,UFC Fight Night: Belfort vs Henderson 3
Pedro Munhoz,Jimmie Rivera,Jimmie Rivera,2015-11-07,Decision - Split,3,UFC Fight Night: Belfort vs Henderson 3
Bruno Korea,Matheus Nicolau,Matheus Nicolau,2015-11-07,Submission,3,UFC Fight Night: Belfort vs Henderson 3
Norman Parke,Reza Madadi,Norman Parke,2015-10-24,Decision - Unanimous,3,UFC Fight Night: Holohan vs Smolka
Paddy Holohan,Louis Smolka,Louis Smolka,2015-10-24,Submission,2,UFC Fight Night: Holohan vs Smolka
Neil Seery,Jon Delos Reyes,Neil Seery,2015-10-24,Submission,2,UFC Fight Night: Holohan vs Smolka
Scott Askham,Krzysztof Jotko,Krzysztof Jotko,2015-10-24,Decision - Split,3,UFC Fight Night: Holohan vs Smolka
Stevie Ray,Mickael Lebout,Stevie Ray,2015-10-24,Decision - Unanimous,3,UFC Fight Night: Holohan vs Smolka
Aisling Daly,Ericka Almeida,Aisling Daly,2015-10-24,Decision - Unanimous,3,UFC Fight Night: Holohan vs Smolka
Darren Elkins,Robert Whiteford,Darren Elkins,2015-10-24,Decision - Unanimous,3,UFC Fight Night: Holohan vs Smolka
Bubba Bush,Garreth McLellan,Garreth McLellan,2015-10-24,KO/TKO,3,UFC Fight Night: Holohan vs Smolka
Cathal Pendred,Tom Breese,Tom Breese,2015-10-24,KO/TKO,1,UFC Fight Night: Holohan vs Smolka
Daniel Cormier,Alexander Gustafsson,Daniel Cormier,2015-10-03,Decision - Split,5,UFC 192: Cormier vs Gustafsson
Ryan Bader,Rashad Evans,Ryan Bader,2015-10-03,Decision - Unanimous,3,UFC 192: Cormier vs Gustafsson
Joseph Benavidez,Ali Bagautinov,Joseph Benavidez,2015-10-03,Decision - Unanimous,3,UFC 192: Cormier vs Gustafsson
Shawn Jordan,Ruslan Magomedov,Ruslan Magomedov,2015-10-03,Decision - Unanimous,3,UFC 192: Cormier vs Gustafsson
Alan Jouban,Albert Tumenov,Albert Tumenov,2015-10-03,KO/TKO,1,UFC 192: Cormier vs Gustafsson
Yair Rodriguez,Dan Hooker,Yair Rodriguez,2015-10-03,Decision - Unanimous,3,UFC 192: Cormier vs Gustafsson
Jessica Eye,Julianna Pena,Julianna Pena,2015-10-03,Decision - Unanimous,3,UFC 192: Cormier vs Gustafsson
Adriano Martins,Islam Makhachev,Adriano Martins,2015-10-03,KO/TKO,1,UFC 192: Cormier vs Gustafsson
Francisco Trevino,Sage Northcutt,Sage Northcutt,2015-10-03,KO/TKO,1,UFC 192: Cormier vs Gustafsson
Rose Namajunas,Angela Hill,Rose Namajunas,2015-10-03,Submission,1,UFC 192: Cormier vs Gustafsson
Chris Cariaso,Sergio Pettis,Sergio Pettis,2015-10-03,Decision - Unanimous,3,UFC 192: Cormier vs Gustafsson
Derrick Lewis,Viktor Pesta,Derrick Lewis,2015-10-03,KO/TKO,3,UFC 192: Cormier vs Gustafsson
Gegard Mousasi,Uriah Hall,Uriah Hall,2015-09-26,KO/TKO,2,UFC Fight Night: Barnett vs Nelson
Josh Barnett,Roy Nelson,Josh Barnett,2015-09-26,Decision - Unanimous,5,UFC Fight Night: Barnett vs Nelson
Kyoji Horiguchi,Chico Camus,Kyoji Horiguchi,2015-09-26,Decision - Unanimous,3,UFC Fight Night: Barnett vs Nelson
Katsunori Kikuno,Diego Brandao,Diego Brandao,2015-09-26,KO/TKO,1,UFC Fight Night: Barnett vs Nelson
Takeya Mizugaki,George Roop,Takeya Mizugaki,2015-09-26,Decision - Unanimous,3,UFC Fight Night: Barnett vs Nelson
Keita Nakamura,Li Jingliang,Keita Nakamura,2015-09-26,Submission,3,UFC Fight Night: Barnett vs Nelson
Nick Hein,Yusuke Kasuya,Nick Hein,2015-09-26,Decision - Unanimous,3,UFC Fight Night: Barnett vs Nelson
Naoyuki Kotani,Kajan Johnson,Kajan Johnson,2015-09-26,Decision - Unanimous,3,UFC Fight Night: Barnett vs Nelson
Demetrious Johnson,John Dodson,Demetrious Johnson,2015-09-05,Decision - Unanimous,5,UFC 191: Johnson vs Dodson 2
Andrei Arlovski,Frank Mir,Andrei Arlovski,2015-09-05,Decision - Unanimous,3,UFC 191: Johnson vs Dodson 2
Jan Blachowicz,Corey Anderson,Corey Anderson,2015-09-05,Decision - Unanimous,3,UFC 191: Johnson vs Dodson 2
Anthony Johnson,Jimi Manuwa,Anthony Johnson,2015-09-05,KO/TKO,2,UFC 191: Johnson vs Dodson 2
Shinsho Anzai,Roger Zapata,Shinsho Anzai,2015-09-26,TKO - Doctor's Stoppage,3,UFC Fight Night: Barnett vs Nelson
Paige VanZant,Alex Chambers,Paige VanZant,2015-09-05,Submission,3,UFC 191: Johnson vs Dodson 2
Ross Pearson,Paul Felder,Ross Pearson,2015-09-05,Decision - Split,3,UFC 191: Johnson vs Dodson 2
Jessica Andrade,Raquel Pennington,Raquel Pennington,2015-09-05,Submission,2,UFC 191: Johnson vs Dodson 2
Francisco Rivera,John Lineker,John Lineker,2015-09-05,Submission,1,UFC 191: Johnson vs Dodson 2
Joe Riggs,Ron Stallings,Joe Riggs,2015-09-05,DQ,2,UFC 191: Johnson vs Dodson 2
Clay Collard,Tiago dos Santos e Silva,Tiago dos Santos e Silva,2015-09-05,Decision - Split,3,UFC 191: Johnson vs Dodson 2
Joaquim Silva,Nazareno Malegarie,Joaquim Silva,2015-09-05,Decision - Split,3,UFC 191: Johnson vs Dodson 2
Michael Johnson,Beneil Dariush,Beneil Dariush,2015-08-08,Decision - Split,3,UFC Fight Night: Teixeira vs Saint Preux
Glover Teixeira,Ovince Saint Preux,Glover Teixeira,2015-08-08,Submission,3,UFC Fight Night: Teixeira vs Saint Preux
Jared Rosholt,Timothy Johnson,Jared Rosholt,2015-08-08,Decision - Unanimous,3,UFC Fight Night: Teixeira vs Saint Preux
Derek Brunson,Sam Alvey,Derek Brunson,2015-08-08,KO/TKO,1,UFC Fight Night: Teixeira vs Saint Preux
Ray Borg,Geane Herrera,Ray Borg,2015-08-08,Decision - Unanimous,3,UFC Fight Night: Teixeira vs Saint Preux
Sara McMann,Amanda Nunes,Amanda Nunes,2015-08-08,Submission,1,UFC Fight Night: Teixeira vs Saint Preux
Uriah Hall,Oluwale Bamgbose,Uriah Hall,2015-08-08,KO/TKO,1,UFC Fight Night: Teixeira vs Saint Preux
Dustin Ortiz,Willie Gates,Dustin Ortiz,2015-08-08,KO/TKO,3,UFC Fight Night: Teixeira vs Saint Preux
Chris Camozzi,Tom Watson,Chris Camozzi,2015-08-08,Decision - Unanimous,3,UFC Fight Night: Teixeira vs Saint Preux
Frankie Saenz,Sirwan Kakai,Frankie Saenz,2015-08-08,Decision - Split,3,UFC Fight Night: Teixeira vs Saint Preux
Chris Dempsey,Jonathan Wilson,Jonathan Wilson,2015-08-08,KO/TKO,1,UFC Fight Night: Teixeira vs Saint Preux
Anthony Christodoulou,Scott Holtzman,Scott Holtzman,2015-08-08,Submission,3,UFC Fight Night: Teixeira vs Saint Preux
Marlon Vera,Roman Salazar,Marlon Vera,2015-08-08,Submission,2,UFC Fight Night: Teixeira vs Saint Preux
Max Holloway,Charles Oliveira,Max Holloway,2015-08-23,KO/TKO,1,UFC Fight Night: Holloway vs Oliveira
Patrick Cote,Joshua Burkman,Patrick Cote,2015-08-23,KO/TKO,3,UFC Fight Night: Holloway vs Oliveira
Neil Magny,Erick Silva,Neil Magny,2015-08-23,Decision - Split,3,UFC Fight Night: Holloway vs Oliveira
Olivier Aubin-Mercier,Tony Sims,Olivier Aubin-Mercier,2015-08-23,Decision - Unanimous,3,UFC Fight Night: Holloway vs Oliveira
Maryna Moroz,Valerie Letourneau,Valerie Letourneau,2015-08-23,Decision - Unanimous,3,UFC Fight Night: Holloway vs Oliveira
Chad Laprise,Francisco Trinaldo,Francisco Trinaldo,2015-08-23,KO/TKO,1,UFC Fight Night: Holloway vs Oliveira
Sam Stout,Frankie Perez,Frankie Perez,2015-08-23,KO/TKO,1,UFC Fight Night: Holloway vs Oliveira
Marcos Rogerio de Lima,Nikita Krylov,Nikita Krylov,2015-08-23,Submission,1,UFC Fight Night: Holloway vs Oliveira
Yves Jabouin,Felipe Arantes,Felipe Arantes,2015-08-23,Submission,1,UFC Fight Night: Holloway vs Oliveira
Chris Kelades,Chris Beal,Chris Kelades,2015-08-23,Decision - Split,3,UFC Fight Night: Holloway vs Oliveira
Ronda Rousey,Bethe Correia,Ronda Rousey,2015-08-01,KO/TKO,1,UFC 190: Rousey vs Correia
Misha Cirkunov,Daniel Jolly,Misha Cirkunov,2015-08-23,KO/TKO,1,UFC Fight Night: Holloway vs Oliveira
Shane Campbell,Elias Silverio,Shane Campbell,2015-08-23,Decision - Unanimous,3,UFC Fight Night: Holloway vs Oliveira
Mauricio Rua,Rogerio Nogueira,Mauricio Rua,2015-08-01,Decision - Unanimous,3,UFC 190: Rousey vs Correia
Glaico Franca Moreira,Fernando Bruno,Glaico Franca Moreira,2015-08-01,Submission,3,UFC 190: Rousey vs Correia
Reginaldo Vieira,Dileno Lopes,Reginaldo Vieira,2015-08-01,Decision - Unanimous,3,UFC 190: Rousey vs Correia
Antonio Silva,Soa Palelei,Antonio Silva,2015-08-01,KO/TKO,2,UFC 190: Rousey vs Correia
Claudia Gadelha,Jessica Aguilar,Claudia Gadelha,2015-08-01,Decision - Unanimous,3,UFC 190: Rousey vs Correia
Stefan Struve,Antonio Rodrigo Nogueira,Stefan Struve,2015-08-01,Decision - Unanimous,3,UFC 190: Rousey vs Correia
Demian Maia,Neil Magny,Demian Maia,2015-08-01,Submission,2,UFC 190: Rousey vs Correia
Rafael Cavalcante,Patrick Cummins,Patrick Cummins,2015-08-01,KO/TKO,3,UFC 190: Rousey vs Correia
Warlley Alves,Nordine Taleb,Warlley Alves,2015-08-01,Submission,2,UFC 190: Rousey vs Correia
Vitor Miranda,Clint Hester,Vitor Miranda,2015-08-01,KO/TKO,2,UFC 190: Rousey vs Correia
Iuri Alcantara,Leandro Issa,Iuri Alcantara,2015-08-01,Decision - Unanimous,3,UFC 190: Rousey vs Correia
Hugo Viana,Guido Cannetti,Guido Cannetti,2015-08-01,Decision - Unanimous,3,UFC 190: Rousey vs Correia
Ross Pearson,Evan Dunham,Evan Dunham,2015-07-18,Decision - Unanimous,3,UFC Fight Night: Bisping vs Leites
Michael Bisping,Thales Leites,Michael Bisping,2015-07-18,Decision - Split,5,UFC Fight Night: Bisping vs Leites
Joe Duffy,Ivan Jorge,Joe Duffy,2015-07-18,Submission,1,UFC Fight Night: Bisping vs Leites
Leon Edwards,Pawel Pawlak,Leon Edwards,2015-07-18,Decision - Unanimous,3,UFC Fight Night: Bisping vs Leites
Joanne Wood,Cortney Casey,Joanne Wood,2015-07-18,Decision - Unanimous,3,UFC Fight Night: Bisping vs Leites
Stevie Ray,Leonardo Mafra,Stevie Ray,2015-07-18,KO/TKO,1,UFC Fight Night: Bisping vs Leites
Mickael Lebout,Teemu Packalen,Mickael Lebout,2015-07-18,Decision - Unanimous,3,UFC Fight Night: Bisping vs Leites
Paddy Holohan,Vaughan Lee,Paddy Holohan,2015-07-18,Decision - Unanimous,3,UFC Fight Night: Bisping vs Leites
Ilir Latifi,Hans Stringer,Ilir Latifi,2015-07-18,KO/TKO,1,UFC Fight Night: Bisping vs Leites
Robert Whiteford,Paul Redmond,Robert Whiteford,2015-07-18,KO/TKO,1,UFC Fight Night: Bisping vs Leites
Daniel Omielanczuk,Chris de la Rocha,Daniel Omielanczuk,2015-07-18,KO/TKO,1,UFC Fight Night: Bisping vs Leites
Marcus Brimage,Jimmie Rivera,Jimmie Rivera,2015-07-18,KO/TKO,1,UFC Fight Night: Bisping vs Leites
Miesha Tate,Jessica Eye,Miesha Tate,2015-07-25,Decision - Unanimous,3,UFC on FOX: Dillashaw vs. Barao II
Edson Barboza,Paul Felder,Edson Barboza,2015-07-25,Decision - Unanimous,3,UFC on FOX: Dillashaw vs. Barao II
TJ Dillashaw,Renan Barao,TJ Dillashaw,2015-07-25,KO/TKO,4,UFC on FOX: Dillashaw vs. Barao II
Gian Villante,Tom Lawlor,Tom Lawlor,2015-07-25,KO/TKO,2,UFC on FOX: Dillashaw vs. Barao II
Jim Miller,Danny Castillo,Jim Miller,2015-07-25,Decision - Split,3,UFC on FOX: Dillashaw vs. Barao II
Joe Lauzon,Takanori Gomi,Joe Lauzon,2015-07-25,KO/TKO,1,UFC on FOX: Dillashaw vs. Barao II
Daron Cruickshank,James Krause,James Krause,2015-07-25,Submission,1,UFC on FOX: Dillashaw vs. Barao II
Eddie Wineland,Bryan Caraway,Bryan Caraway,2015-07-25,Decision - Unanimous,3,UFC on FOX: Dillashaw vs. Barao II
Kenny Robertson,Ben Saunders,Ben Saunders,2015-07-25,Decision - Split,3,UFC on FOX: Dillashaw vs. Barao II
Ramsey Nijem,Andrew Holbrook,Andrew Holbrook,2015-07-25,Decision - Split,3,UFC on FOX: Dillashaw vs. Barao II
Jessamyn Duke,Elizabeth Phillips,Elizabeth Phillips,2015-07-25,Decision - Unanimous,3,UFC on FOX: Dillashaw vs. Barao II
Zak Cummings,Dominique Steele,Zak Cummings,2015-07-25,KO/TKO,1,UFC on FOX: Dillashaw vs. Barao II
Frank Mir,Todd Duffee,Frank Mir,2015-07-15,KO/TKO,1,UFC Fight Night: Mir vs Duffee
Holly Holm,Marion Reneau,Holly Holm,2015-07-15,Decision - Unanimous,3,UFC Fight Night: Mir vs Duffee
Josh Thomson,Tony Ferguson,Tony Ferguson,2015-07-15,Decision - Unanimous,3,UFC Fight Night: Mir vs Duffee
Scott Jorgensen,Manvel Gamburyan,Manvel Gamburyan,2015-07-15,Decision - Unanimous,3,UFC Fight Night: Mir vs Duffee
Alan Jouban,Matt Dwyer,Alan Jouban,2015-07-15,Decision - Unanimous,3,UFC Fight Night: Mir vs Duffee
Kevin Lee,James Moontasri,Kevin Lee,2015-07-15,Submission,1,UFC Fight Night: Mir vs Duffee
Sam Sicilia,Yaotzin Meza,Sam Sicilia,2015-07-15,Decision - Unanimous,3,UFC Fight Night: Mir vs Duffee
Jessica Andrade,Sarah Moras,Jessica Andrade,2015-07-15,Decision - Unanimous,3,UFC Fight Night: Mir vs Duffee
Rani Yahya,Masanori Kanehara,Rani Yahya,2015-07-15,Decision - Split,3,UFC Fight Night: Mir vs Duffee
Igor Araujo,Sean Strickland,Sean Strickland,2015-07-15,Decision - Unanimous,3,UFC Fight Night: Mir vs Duffee
Kevin Casey,Ildemar Alcantara,Kevin Casey,2015-07-15,Decision - Unanimous,3,UFC Fight Night: Mir vs Duffee
Chad Mendes,Conor McGregor,Conor McGregor,2015-07-11,KO/TKO,2,UFC 189: Mendes vs McGregor
Andrew Craig,Lyman Good,Lyman Good,2015-07-15,KO/TKO,2,UFC Fight Night: Mir vs Duffee
Dennis Bermudez,Jeremy Stephens,Jeremy Stephens,2015-07-11,KO/TKO,3,UFC 189: Mendes vs McGregor
Gunnar Nelson,Brandon Thatch,Gunnar Nelson,2015-07-11,Submission,1,UFC 189: Mendes vs McGregor
Brad Pickett,Thomas Almeida,Thomas Almeida,2015-07-11,KO/TKO,2,UFC 189: Mendes vs McGregor
Robbie Lawler,Rory MacDonald,Robbie Lawler,2015-07-11,KO/TKO,5,UFC 189: Mendes vs McGregor
Mike Swick,Alex Garcia,Alex Garcia,2015-07-11,Decision - Unanimous,3,UFC 189: Mendes vs McGregor
Cathal Pendred,John Howard,John Howard,2015-07-11,Decision - Split,3,UFC 189: Mendes vs McGregor
Matt Brown,Tim Means,Matt Brown,2015-07-11,Submission,1,UFC 189: Mendes vs McGregor
Neil Seery,Louis Smolka,Louis Smolka,2015-07-11,Decision - Unanimous,3,UFC 189: Mendes vs McGregor
Cody Garbrandt,Henry Briones,Cody Garbrandt,2015-07-11,Decision - Unanimous,3,UFC 189: Mendes vs McGregor
Lyoto Machida,Yoel Romero,Yoel Romero,2015-06-27,KO/TKO,3,UFC Fight Night: Machida vs Romero
Yosdenis Cedeno,Cody Pfister,Cody Pfister,2015-07-11,Decision - Unanimous,3,UFC 189: Mendes vs McGregor
Santiago Ponzinibbio,Lorenz Larkin,Lorenz Larkin,2015-06-27,KO/TKO,2,UFC Fight Night: Machida vs Romero
Antonio Carlos Junior,Eddie Gordon,Antonio Carlos Junior,2015-06-27,Submission,3,UFC Fight Night: Machida vs Romero
Hacran Dias,Levan Makashvili,Hacran Dias,2015-06-27,Decision - Split,3,UFC Fight Night: Machida vs Romero
Thiago Santos,Steve Bosse,Thiago Santos,2015-06-27,KO/TKO,1,UFC Fight Night: Machida vs Romero
Steve Montgomery,Tony Sims,Tony Sims,2015-06-27,KO/TKO,1,UFC Fight Night: Machida vs Romero
Alex Oliveira,Joe Merritt,Alex Oliveira,2015-06-27,Decision - Unanimous,3,UFC Fight Night: Machida vs Romero
Leandro Silva,Lewis Gonzalez,Leandro Silva,2015-06-27,Decision - Unanimous,3,UFC Fight Night: Machida vs Romero
Danny Martinez,Sirwan Kakai,Sirwan Kakai,2015-06-27,Decision - Unanimous,3,UFC Fight Night: Machida vs Romero
Jake Ellenberger,Stephen Thompson,Stephen Thompson,2015-07-12,KO/TKO,1,The Ultimate Fighter: American Top Team vs. Blackzilians Finale
Kamaru Usman,Hayder Hassan,Kamaru Usman,2015-07-12,Submission,2,The Ultimate Fighter: American Top Team vs. Blackzilians Finale
Jorge Masvidal,Cezar Ferreira,Jorge Masvidal,2015-07-12,KO/TKO,1,The Ultimate Fighter: American Top Team vs. Blackzilians Finale
Michael Graves,Vicente Luque,Michael Graves,2015-07-12,Decision - Unanimous,3,The Ultimate Fighter: American Top Team vs. Blackzilians Finale
Angela Magana,Michelle Waterson-Gomez,Michelle Waterson-Gomez,2015-07-12,Submission,3,The Ultimate Fighter: American Top Team vs. Blackzilians Finale
Maximo Blanco,Mike de la Torre,Maximo Blanco,2015-07-12,KO/TKO,1,The Ultimate Fighter: American Top Team vs. Blackzilians Finale
Josh Samman,Caio Magalhaes,Josh Samman,2015-07-12,Submission,1,The Ultimate Fighter: American Top Team vs. Blackzilians Finale
Russell Doane,Jerrod Sanders,Jerrod Sanders,2015-07-12,Decision - Unanimous,3,The Ultimate Fighter: American Top Team vs. Blackzilians Finale
George Sullivan,Dominic Waters,George Sullivan,2015-07-12,Decision - Unanimous,3,The Ultimate Fighter: American Top Team vs. Blackzilians Finale
Dan Miller,Trevor Smith,Trevor Smith,2015-07-12,Decision - Unanimous,3,The Ultimate Fighter: American Top Team vs. Blackzilians Finale
Darrell Montague,Willie Gates,Willie Gates,2015-07-12,KO/TKO,1,The Ultimate Fighter: American Top Team vs. Blackzilians Finale
Peter Sobotta,Steve Kennedy,Peter Sobotta,2015-06-20,Submission,1,UFC Fight Night: Jedrzejczyk vs Penne
Joanna Jedrzejczyk,Jessica Penne,Joanna Jedrzejczyk,2015-06-20,KO/TKO,3,UFC Fight Night: Jedrzejczyk vs Penne
Makwan Amirkhani,Masio Fullen,Makwan Amirkhani,2015-06-20,Submission,1,UFC Fight Night: Jedrzejczyk vs Penne
Dennis Siver,Tatsuya Kawajiri,Tatsuya Kawajiri,2015-06-20,Decision - Unanimous,3,UFC Fight Night: Jedrzejczyk vs Penne
Nick Hein,Lukasz Sajewski,Nick Hein,2015-06-20,Decision - Unanimous,3,UFC Fight Night: Jedrzejczyk vs Penne
Mairbek Taisumov,Alan Patrick,Mairbek Taisumov,2015-06-20,KO/TKO,2,UFC Fight Night: Jedrzejczyk vs Penne
Alan Omer,Arnold Allen,Arnold Allen,2015-06-20,Submission,3,UFC Fight Night: Jedrzejczyk vs Penne
Niklas Backstrom,Noad Lahat,Noad Lahat,2015-06-20,Decision - Majority,3,UFC Fight Night: Jedrzejczyk vs Penne
Piotr Hallmann,Magomed Mustafaev,Magomed Mustafaev,2015-06-20,TKO - Doctor's Stoppage,2,UFC Fight Night: Jedrzejczyk vs Penne
Scott Askham,Antonio Dos Santos,Scott Askham,2015-06-20,KO/TKO,1,UFC Fight Night: Jedrzejczyk vs Penne
Taylor Lapilus,Yuta Sasaki,Taylor Lapilus,2015-06-20,KO/TKO,2,UFC Fight Night: Jedrzejczyk vs Penne
Gilbert Melendez,Eddie Alvarez,Eddie Alvarez,2015-06-13,Decision - Split,3,UFC 188: Velasquez vs Werdum
Kelvin Gastelum,Nate Marquardt,Kelvin Gastelum,2015-06-13,KO/TKO,2,UFC 188: Velasquez vs Werdum
Cain Velasquez,Fabricio Werdum,Fabricio Werdum,2015-06-13,Submission,3,UFC 188: Velasquez vs Werdum
Yair Rodriguez,Charles Rosa,Yair Rodriguez,2015-06-13,Decision - Split,3,UFC 188: Velasquez vs Werdum
Henry Cejudo,Chico Camus,Henry Cejudo,2015-06-13,Decision - Unanimous,3,UFC 188: Velasquez vs Werdum
Tecia Pennington,Angela Hill,Tecia Pennington,2015-06-13,Decision - Unanimous,3,UFC 188: Velasquez vs Werdum
Efrain Escudero,Drew Dober,Efrain Escudero,2015-06-13,Submission,1,UFC 188: Velasquez vs Werdum
Francisco Trevino,Johnny Case,Johnny Case,2015-06-13,Decision - Unanimous,3,UFC 188: Velasquez vs Werdum
Alejandro Perez,Patrick Williams,Patrick Williams,2015-06-13,Submission,1,UFC 188: Velasquez vs Werdum
Augusto Montano,Cathal Pendred,Cathal Pendred,2015-06-13,Decision - Unanimous,3,UFC 188: Velasquez vs Werdum
Gabriel Benitez,Clay Collard,Gabriel Benitez,2015-06-13,Decision - Unanimous,3,UFC 188: Velasquez vs Werdum
Carlos Condit,Thiago Alves,Carlos Condit,2015-05-30,TKO - Doctor's Stoppage,2,UFC Fight Night: Condit vs Alves
KJ Noons,Alex Oliveira,Alex Oliveira,2015-05-30,Submission,1,UFC Fight Night: Condit vs Alves
Nik Lentz,Charles Oliveira,Charles Oliveira,2015-05-30,Submission,3,UFC Fight Night: Condit vs Alves
Francisco Trinaldo,Norman Parke,Francisco Trinaldo,2015-05-30,Decision - Unanimous,3,UFC Fight Night: Condit vs Alves
Wendell Oliveira Marques,Darren Till,Darren Till,2015-05-30,KO/TKO,2,UFC Fight Night: Condit vs Alves
Francimar Barroso,Ryan Jimmo,Francimar Barroso,2015-05-30,Decision - Unanimous,3,UFC Fight Night: Condit vs Alves
Jussier Formiga,Wilson Reis,Jussier Formiga,2015-05-30,Decision - Unanimous,3,UFC Fight Night: Condit vs Alves
Lucas Martins,Mirsad Bektic,Mirsad Bektic,2015-05-30,KO/TKO,2,UFC Fight Night: Condit vs Alves
Elizeu Zaleski dos Santos,Nicolas Dalby,Nicolas Dalby,2015-05-30,Decision - Split,3,UFC Fight Night: Condit vs Alves
Juliana Lima,Ericka Almeida,Juliana Lima,2015-05-30,Decision - Unanimous,3,UFC Fight Night: Condit vs Alves
Tim Boetsch,Dan Henderson,Dan Henderson,2015-06-06,KO/TKO,1,UFC Fight Night: Boetsch vs Henderson
Ben Rothwell,Matt Mitrione,Ben Rothwell,2015-06-06,Submission,1,UFC Fight Night: Boetsch vs Henderson
Luiz Dutra,Tom Breese,Tom Breese,2015-05-30,KO/TKO,1,UFC Fight Night: Condit vs Alves
Joe Soto,Anthony Birchak,Anthony Birchak,2015-06-06,KO/TKO,1,UFC Fight Night: Boetsch vs Henderson
Dustin Poirier,Yancy Medeiros,Dustin Poirier,2015-06-06,KO/TKO,1,UFC Fight Night: Boetsch vs Henderson
Thiago Tavares,Brian Ortega,Brian Ortega,2015-06-06,KO/TKO,3,UFC Fight Night: Boetsch vs Henderson
Francisco Rivera,Alex Caceres,Francisco Rivera,2015-06-06,KO/TKO,1,UFC Fight Night: Boetsch vs Henderson
Shawn Jordan,Derrick Lewis,Shawn Jordan,2015-06-06,KO/TKO,2,UFC Fight Night: Boetsch vs Henderson
Brian Ebersole,Omari Akhmedov,Omari Akhmedov,2015-06-06,KO/TKO,1,UFC Fight Night: Boetsch vs Henderson
Chris Wade,Christos Giagos,Chris Wade,2015-06-06,Decision - Unanimous,3,UFC Fight Night: Boetsch vs Henderson
Joe Proctor,Justin Edwards,Joe Proctor,2015-06-06,Submission,3,UFC Fight Night: Boetsch vs Henderson
Ricardo Abreu,Jake Collier,Jake Collier,2015-06-06,Decision - Split,3,UFC Fight Night: Boetsch vs Henderson
Anthony Johnson,Daniel Cormier,Daniel Cormier,2015-05-23,Submission,3,UFC 187: Johnson vs Cormier
Jose Quinonez,Leonardo Morales,Jose Quinonez,2015-06-06,Submission,1,UFC Fight Night: Boetsch vs Henderson
Chris Weidman,Vitor Belfort,Chris Weidman,2015-05-23,KO/TKO,1,UFC 187: Johnson vs Cormier
Donald Cerrone,John Makdessi,Donald Cerrone,2015-05-23,KO/TKO,2,UFC 187: Johnson vs Cormier
Travis Browne,Andrei Arlovski,Andrei Arlovski,2015-05-23,KO/TKO,1,UFC 187: Johnson vs Cormier
Joseph Benavidez,John Moraga,Joseph Benavidez,2015-05-23,Decision - Unanimous,3,UFC 187: Johnson vs Cormier
John Dodson,Zach Makovsky,John Dodson,2015-05-23,Decision - Unanimous,3,UFC 187: Johnson vs Cormier
Dong Hyun Kim,Joshua Burkman,Dong Hyun Kim,2015-05-23,Submission,3,UFC 187: Johnson vs Cormier
Mike Pyle,Colby Covington,Colby Covington,2015-05-23,Decision - Unanimous,3,UFC 187: Johnson vs Cormier
Islam Makhachev,Leo Kuntz,Islam Makhachev,2015-05-23,Submission,2,UFC 187: Johnson vs Cormier
Uriah Hall,Rafael Natal,Rafael Natal,2015-05-23,Decision - Split,3,UFC 187: Johnson vs Cormier
Justin Scoggins,Josh Sampo,Justin Scoggins,2015-05-23,Decision - Unanimous,3,UFC 187: Johnson vs Cormier
Brad Tavares,Robert Whittaker,Robert Whittaker,2015-05-09,KO/TKO,1,UFC Fight Night: Miocic vs Hunt
Stipe Miocic,Mark Hunt,Stipe Miocic,2015-05-09,KO/TKO,5,UFC Fight Night: Miocic vs Hunt
Anthony Perosh,Sean O'Connell,Sean O'Connell,2015-05-09,KO/TKO,1,UFC Fight Night: Miocic vs Hunt
Hatsu Hioki,Dan Hooker,Dan Hooker,2015-05-09,KO/TKO,2,UFC Fight Night: Miocic vs Hunt
Jake Matthews,James Vick,James Vick,2015-05-09,Submission,1,UFC Fight Night: Miocic vs Hunt
Kyle Noke,Jonavin Webb,Kyle Noke,2015-05-09,Decision - Split,3,UFC Fight Night: Miocic vs Hunt
Daniel Kelly,Sam Alvey,Sam Alvey,2015-05-09,KO/TKO,1,UFC Fight Night: Miocic vs Hunt
Bec Rawlings,Lisa Ellis,Bec Rawlings,2015-05-09,Submission,1,UFC Fight Night: Miocic vs Hunt
Alex Chambers,Kailin Curran,Alex Chambers,2015-05-09,Submission,3,UFC Fight Night: Miocic vs Hunt
Dylan Andrews,Brad Scott,Brad Scott,2015-05-09,Submission,2,UFC Fight Night: Miocic vs Hunt
Alptekin Ozkilic,Ben Nguyen,Ben Nguyen,2015-05-09,KO/TKO,1,UFC Fight Night: Miocic vs Hunt
Demetrious Johnson,Kyoji Horiguchi,Demetrious Johnson,2015-04-25,Submission,5,UFC 186: Johnson vs Horiguchi
Vik Grujic,Brendan O'Reilly,Brendan O'Reilly,2015-05-09,Decision - Unanimous,3,UFC Fight Night: Miocic vs Hunt
Michael Bisping,CB Dollaway,Michael Bisping,2015-04-25,Decision - Unanimous,3,UFC 186: Johnson vs Horiguchi
John Makdessi,Shane Campbell,John Makdessi,2015-04-25,KO/TKO,1,UFC 186: Johnson vs Horiguchi
Yves Jabouin,Thomas Almeida,Thomas Almeida,2015-04-25,KO/TKO,1,UFC 186: Johnson vs Horiguchi
Quinton Jackson,Fabio Maldonado,Quinton Jackson,2015-04-25,Decision - Unanimous,3,UFC 186: Johnson vs Horiguchi
Patrick Cote,Joe Riggs,Patrick Cote,2015-04-25,Decision - Unanimous,3,UFC 186: Johnson vs Horiguchi
Alexis Davis,Sarah Kaufman,Alexis Davis,2015-04-25,Submission,2,UFC 186: Johnson vs Horiguchi
Chad Laprise,Bryan Barberena,Chad Laprise,2015-04-25,Decision - Unanimous,3,UFC 186: Johnson vs Horiguchi
Olivier Aubin-Mercier,David Michaud,Olivier Aubin-Mercier,2015-04-25,Submission,3,UFC 186: Johnson vs Horiguchi
Nordine Taleb,Chris Clements,Nordine Taleb,2015-04-25,Decision - Unanimous,3,UFC 186: Johnson vs Horiguchi
Jessica Rakoczy,Valerie Letourneau,Valerie Letourneau,2015-04-25,Decision - Unanimous,3,UFC 186: Johnson vs Horiguchi
Randa Markos,Aisling Daly,Randa Markos,2015-04-25,Decision - Unanimous,3,UFC 186: Johnson vs Horiguchi
Frankie Edgar,Urijah Faber,Frankie Edgar,2015-05-16,Decision - Unanimous,5,UFC Fight Night: Edgar vs Faber
Gegard Mousasi,Constantinos Philippou,Gegard Mousasi,2015-05-16,Decision - Unanimous,3,UFC Fight Night: Edgar vs Faber
Mark Munoz,Luke Barnatt,Mark Munoz,2015-05-16,Decision - Unanimous,3,UFC Fight Night: Edgar vs Faber
Hyun Gyu Lim,Neil Magny,Neil Magny,2015-05-16,KO/TKO,2,UFC Fight Night: Edgar vs Faber
Phillipe Nover,Yui Chul Nam,Phillipe Nover,2015-05-16,Decision - Split,3,UFC Fight Night: Edgar vs Faber
Mark Eddiva,Levan Makashvili,Levan Makashvili,2015-05-16,Decision - Split,3,UFC Fight Night: Edgar vs Faber
Zhang Lipeng,Kajan Johnson,Kajan Johnson,2015-05-16,Decision - Unanimous,3,UFC Fight Night: Edgar vs Faber
Li Jingliang,Dhiego Lima,Li Jingliang,2015-05-16,KO/TKO,1,UFC Fight Night: Edgar vs Faber
Tae Hyun Bang,Jon Tuck,Jon Tuck,2015-05-16,Submission,1,UFC Fight Night: Edgar vs Faber
Guangyou Ning,Royston Wee,Guangyou Ning,2015-05-16,KO/TKO,2,UFC Fight Night: Edgar vs Faber
Roldan Sangcha'an,Jon Delos Reyes,Jon Delos Reyes,2015-05-16,Submission,2,UFC Fight Night: Edgar vs Faber
Nolan Ticman,Yao Zhikui,Yao Zhikui,2015-05-16,Decision - Split,3,UFC Fight Night: Edgar vs Faber
Jimi Manuwa,Jan Blachowicz,Jimi Manuwa,2015-04-11,Decision - Unanimous,3,UFC Fight Night: Gonzaga vs Cro Cop 2
Pawel Pawlak,Sheldon Westcott,Pawel Pawlak,2015-04-11,Decision - Unanimous,3,UFC Fight Night: Gonzaga vs Cro Cop 2
Gabriel Gonzaga,Mirko Filipovic,Mirko Filipovic,2015-04-11,KO/TKO,3,UFC Fight Night: Gonzaga vs Cro Cop 2
Joanne Wood,Maryna Moroz,Maryna Moroz,2015-04-11,Submission,1,UFC Fight Night: Gonzaga vs Cro Cop 2
Bartosz Fabinski,Garreth McLellan,Bartosz Fabinski,2015-04-11,Decision - Unanimous,3,UFC Fight Night: Gonzaga vs Cro Cop 2
Seth Baczynski,Leon Edwards,Leon Edwards,2015-04-11,KO/TKO,1,UFC Fight Night: Gonzaga vs Cro Cop 2
Sergio Moraes,Mickael Lebout,Sergio Moraes,2015-04-11,Decision - Unanimous,3,UFC Fight Night: Gonzaga vs Cro Cop 2
Damian Stasiak,Yaotzin Meza,Yaotzin Meza,2015-04-11,Decision - Unanimous,3,UFC Fight Night: Gonzaga vs Cro Cop 2
Izabela Badurek,Aleksandra Albu,Aleksandra Albu,2015-04-11,Submission,2,UFC Fight Night: Gonzaga vs Cro Cop 2
Marcin Bandel,Stevie Ray,Stevie Ray,2015-04-11,KO/TKO,2,UFC Fight Night: Gonzaga vs Cro Cop 2
Taylor Lapilus,Rocky Lee,Taylor Lapilus,2015-04-11,Decision - Unanimous,3,UFC Fight Night: Gonzaga vs Cro Cop 2
Lyoto Machida,Luke Rockhold,Luke Rockhold,2015-04-18,Submission,2,UFC on FOX: Machida vs Rockhold
Daniel Omielanczuk,Anthony Hamilton,Anthony Hamilton,2015-04-11,Decision - Unanimous,3,UFC Fight Night: Gonzaga vs Cro Cop 2
Jacare Souza,Chris Camozzi,Jacare Souza,2015-04-18,Submission,1,UFC on FOX: Machida vs Rockhold
Cub Swanson,Max Holloway,Max Holloway,2015-04-18,Submission,3,UFC on FOX: Machida vs Rockhold
Felice Herrig,Paige VanZant,Paige VanZant,2015-04-18,Decision - Unanimous,3,UFC on FOX: Machida vs Rockhold
Ovince Saint Preux,Patrick Cummins,Ovince Saint Preux,2015-04-18,KO/TKO,1,UFC on FOX: Machida vs Rockhold
Jim Miller,Beneil Dariush,Beneil Dariush,2015-04-18,Decision - Unanimous,3,UFC on FOX: Machida vs Rockhold
Corey Anderson,Gian Villante,Gian Villante,2015-04-18,KO/TKO,3,UFC on FOX: Machida vs Rockhold
Takeya Mizugaki,Aljamain Sterling,Aljamain Sterling,2015-04-18,Submission,3,UFC on FOX: Machida vs Rockhold
George Sullivan,Tim Means,Tim Means,2015-04-18,Submission,3,UFC on FOX: Machida vs Rockhold
Diego Brandao,Jimy Hettes,Diego Brandao,2015-04-18,TKO - Doctor's Stoppage,1,UFC on FOX: Machida vs Rockhold
Chad Mendes,Ricardo Lamas,Chad Mendes,2015-04-04,KO/TKO,1,UFC Fight Night: Mendes vs Lamas
Eddie Gordon,Chris Dempsey,Chris Dempsey,2015-04-18,Decision - Split,3,UFC on FOX: Machida vs Rockhold
Jorge Masvidal,Al Iaquinta,Al Iaquinta,2015-04-04,Decision - Split,3,UFC Fight Night: Mendes vs Lamas
Julianna Pena,Milana Dudieva,Julianna Pena,2015-04-04,KO/TKO,1,UFC Fight Night: Mendes vs Lamas
Michael Chiesa,Mitch Clarke,Michael Chiesa,2015-04-04,Decision - Unanimous,3,UFC Fight Night: Mendes vs Lamas
Dustin Poirier,Diego Ferreira,Dustin Poirier,2015-04-04,KO/TKO,1,UFC Fight Night: Mendes vs Lamas
Liz Carmouche,Lauren Murphy,Liz Carmouche,2015-04-04,Decision - Unanimous,3,UFC Fight Night: Mendes vs Lamas
Clay Guida,Robert Peralta,Clay Guida,2015-04-04,Decision - Unanimous,3,UFC Fight Night: Mendes vs Lamas
Gray Maynard,Alexander Yakovlev,Alexander Yakovlev,2015-04-04,Decision - Unanimous,3,UFC Fight Night: Mendes vs Lamas
Shamil Abdurakhimov,Timothy Johnson,Timothy Johnson,2015-04-04,KO/TKO,1,UFC Fight Night: Mendes vs Lamas
Ron Stallings,Justin Jones,Ron Stallings,2015-04-04,Decision - Unanimous,3,UFC Fight Night: Mendes vs Lamas
Demian Maia,Ryan LaFlare,Demian Maia,2015-03-21,Decision - Unanimous,5,UFC Fight Night: Maia vs LaFlare
Erick Silva,Josh Koscheck,Erick Silva,2015-03-21,Submission,1,UFC Fight Night: Maia vs LaFlare
Gilbert Burns,Alex Oliveira,Gilbert Burns,2015-03-21,Submission,3,UFC Fight Night: Maia vs LaFlare
Leonardo Santos,Anthony Rocco Martin,Leonardo Santos,2015-03-21,Submission,2,UFC Fight Night: Maia vs LaFlare
Amanda Nunes,Shayna Baszler,Amanda Nunes,2015-03-21,KO/TKO,1,UFC Fight Night: Maia vs LaFlare
Francisco Trinaldo,Akbarh Arreola,Francisco Trinaldo,2015-03-21,Decision - Unanimous,3,UFC Fight Night: Maia vs LaFlare
Edimilson Souza,Katsunori Kikuno,Edimilson Souza,2015-03-21,KO/TKO,1,UFC Fight Night: Maia vs LaFlare
Godofredo Pepey,Andre Fili,Godofredo Pepey,2015-03-21,Submission,1,UFC Fight Night: Maia vs LaFlare
Leonardo Mafra,Cain Carrizosa,Leonardo Mafra,2015-03-21,Decision - Unanimous,3,UFC Fight Night: Maia vs LaFlare
Jorge de Oliveira,Christos Giagos,Christos Giagos,2015-03-21,Submission,1,UFC Fight Night: Maia vs LaFlare
Bentley Syler,Fredy Serrano,Fredy Serrano,2015-03-21,KO/TKO,3,UFC Fight Night: Maia vs LaFlare
Carla Esparza,Joanna Jedrzejczyk,Joanna Jedrzejczyk,2015-03-14,KO/TKO,2,UFC 185: Pettis vs Dos Anjos
Johny Hendricks,Matt Brown,Johny Hendricks,2015-03-14,Decision - Unanimous,3,UFC 185: Pettis vs Dos Anjos
Anthony Pettis,Rafael Dos Anjos,Rafael Dos Anjos,2015-03-14,Decision - Unanimous,5,UFC 185: Pettis vs Dos Anjos
Ross Pearson,Sam Stout,Ross Pearson,2015-03-14,KO/TKO,2,UFC 185: Pettis vs Dos Anjos
Chris Cariaso,Henry Cejudo,Henry Cejudo,2015-03-14,Decision - Unanimous,3,UFC 185: Pettis vs Dos Anjos
Roy Nelson,Alistair Overeem,Alistair Overeem,2015-03-14,Decision - Unanimous,3,UFC 185: Pettis vs Dos Anjos
Daron Cruickshank,Beneil Dariush,Beneil Dariush,2015-03-14,Submission,2,UFC 185: Pettis vs Dos Anjos
Elias Theodorou,Roger Narvaez,Elias Theodorou,2015-03-14,KO/TKO,2,UFC 185: Pettis vs Dos Anjos
Jared Rosholt,Josh Copeland,Jared Rosholt,2015-03-14,KO/TKO,3,UFC 185: Pettis vs Dos Anjos
Sergio Pettis,Ryan Benoit,Ryan Benoit,2015-03-14,KO/TKO,2,UFC 185: Pettis vs Dos Anjos
Jake Lindsey,Joe Duffy,Joe Duffy,2015-03-14,KO/TKO,1,UFC 185: Pettis vs Dos Anjos
Larissa Pacheco,Germaine de Randamie,Germaine de Randamie,2015-03-14,KO/TKO,2,UFC 185: Pettis vs Dos Anjos
Antonio Silva,Frank Mir,Frank Mir,2015-02-22,KO/TKO,1,UFC Fight Night: Bigfoot vs Mir
Edson Barboza,Michael Johnson,Michael Johnson,2015-02-22,Decision - Unanimous,3,UFC Fight Night: Bigfoot vs Mir
Cezar Ferreira,Sam Alvey,Sam Alvey,2015-02-22,KO/TKO,1,UFC Fight Night: Bigfoot vs Mir
Rustam Khabilov,Adriano Martins,Adriano Martins,2015-02-22,Decision - Split,3,UFC Fight Night: Bigfoot vs Mir
Iuri Alcantara,Frankie Saenz,Frankie Saenz,2015-02-22,Decision - Unanimous,3,UFC Fight Night: Bigfoot vs Mir
Santiago Ponzinibbio,Sean Strickland,Santiago Ponzinibbio,2015-02-22,Decision - Unanimous,3,UFC Fight Night: Bigfoot vs Mir
Tiago dos Santos e Silva,Mike de la Torre,Mike de la Torre,2015-02-22,KO/TKO,1,UFC Fight Night: Bigfoot vs Mir
Jessica Andrade,Marion Reneau,Marion Reneau,2015-02-22,Submission,1,UFC Fight Night: Bigfoot vs Mir
William Macario,Matt Dwyer,Matt Dwyer,2015-02-22,KO/TKO,1,UFC Fight Night: Bigfoot vs Mir
Ivan Jorge,Josh Shockley,Ivan Jorge,2015-02-22,Decision - Unanimous,3,UFC Fight Night: Bigfoot vs Mir
Douglas Silva de Andrade,Cody Gibson,Douglas Silva de Andrade,2015-02-22,Decision - Unanimous,3,UFC Fight Night: Bigfoot vs Mir
Raquel Pennington,Holly Holm,Holly Holm,2015-02-28,Decision - Split,3,UFC 184: Rousey vs Zingano
Ronda Rousey,Cat Zingano,Ronda Rousey,2015-02-28,Submission,1,UFC 184: Rousey vs Zingano
Tony Ferguson,Gleison Tibau,Tony Ferguson,2015-02-28,Submission,1,UFC 184: Rousey vs Zingano
Jake Ellenberger,Josh Koscheck,Jake Ellenberger,2015-02-28,Submission,2,UFC 184: Rousey vs Zingano
Alan Jouban,Richard Walsh,Alan Jouban,2015-02-28,KO/TKO,1,UFC 184: Rousey vs Zingano
Mark Munoz,Roan Carneiro,Roan Carneiro,2015-02-28,Submission,1,UFC 184: Rousey vs Zingano
Dhiego Lima,Tim Means,Tim Means,2015-02-28,KO/TKO,1,UFC 184: Rousey vs Zingano
Derrick Lewis,Ruan Potts,Derrick Lewis,2015-02-28,KO/TKO,2,UFC 184: Rousey vs Zingano
Benson Henderson,Brandon Thatch,Benson Henderson,2015-02-14,Submission,4,UFC Fight Night: Henderson vs Thatch
James Krause,Valmir Lazaro,Valmir Lazaro,2015-02-28,Decision - Split,3,UFC 184: Rousey vs Zingano
Masio Fullen,Alex Torres,Masio Fullen,2015-02-28,Decision - Split,3,UFC 184: Rousey vs Zingano
Neil Magny,Kiichi Kunimoto,Neil Magny,2015-02-14,Submission,3,UFC Fight Night: Henderson vs Thatch
Max Holloway,Cole Miller,Max Holloway,2015-02-14,Decision - Unanimous,3,UFC Fight Night: Henderson vs Thatch
Daniel Kelly,Patrick Walsh,Daniel Kelly,2015-02-14,Decision - Unanimous,3,UFC Fight Night: Henderson vs Thatch
Michel Prazeres,Kevin Lee,Kevin Lee,2015-02-14,Decision - Unanimous,3,UFC Fight Night: Henderson vs Thatch
Ray Borg,Chris Kelades,Ray Borg,2015-02-14,Submission,3,UFC Fight Night: Henderson vs Thatch
Efrain Escudero,Rodrigo de Lima,Efrain Escudero,2015-02-14,Decision - Unanimous,3,UFC Fight Night: Henderson vs Thatch
Chas Skelly,Jim Alers,Chas Skelly,2015-02-14,KO/TKO,2,UFC Fight Night: Henderson vs Thatch
James Moontasri,Cody Pfister,James Moontasri,2015-02-14,Submission,2,UFC Fight Night: Henderson vs Thatch
Zach Makovsky,Tim Elliott,Zach Makovsky,2015-02-14,Decision - Unanimous,3,UFC Fight Night: Henderson vs Thatch
Dan Henderson,Gegard Mousasi,Gegard Mousasi,2015-01-24,KO/TKO,1,UFC on FOX: Gustafsson vs Johnson
Alexander Gustafsson,Anthony Johnson,Anthony Johnson,2015-01-24,KO/TKO,1,UFC on FOX: Gustafsson vs Johnson
Phil Davis,Ryan Bader,Ryan Bader,2015-01-24,Decision - Split,3,UFC on FOX: Gustafsson vs Johnson
Akira Corassani,Sam Sicilia,Sam Sicilia,2015-01-24,KO/TKO,1,UFC on FOX: Gustafsson vs Johnson
Nicholas Musoke,Albert Tumenov,Albert Tumenov,2015-01-24,Decision - Unanimous,3,UFC on FOX: Gustafsson vs Johnson
Kenny Robertson,Sultan Aliev,Kenny Robertson,2015-01-24,KO/TKO,1,UFC on FOX: Gustafsson vs Johnson
Nikita Krylov,Stanislav Nedkov,Nikita Krylov,2015-01-24,Submission,1,UFC on FOX: Gustafsson vs Johnson
Andy Ogle,Makwan Amirkhani,Makwan Amirkhani,2015-01-24,KO/TKO,1,UFC on FOX: Gustafsson vs Johnson
Mairbek Taisumov,Anthony Christodoulou,Mairbek Taisumov,2015-01-24,KO/TKO,2,UFC on FOX: Gustafsson vs Johnson
Mirsad Bektic,Paul Redmond,Mirsad Bektic,2015-01-24,Decision - Unanimous,3,UFC on FOX: Gustafsson vs Johnson
Viktor Pesta,Konstantin Erokhin,Viktor Pesta,2015-01-24,Decision - Unanimous,3,UFC on FOX: Gustafsson vs Johnson
Neil Seery,Chris Beal,Neil Seery,2015-01-24,Decision - Unanimous,3,UFC on FOX: Gustafsson vs Johnson
Tyron Woodley,Kelvin Gastelum,Tyron Woodley,2015-01-31,Decision - Split,3,UFC 183: Silva vs Diaz
Joe Lauzon,Al Iaquinta,Al Iaquinta,2015-01-31,KO/TKO,2,UFC 183: Silva vs Diaz
Miesha Tate,Sara McMann,Miesha Tate,2015-01-31,Decision - Majority,3,UFC 183: Silva vs Diaz
Thales Leites,Tim Boetsch,Thales Leites,2015-01-31,Submission,2,UFC 183: Silva vs Diaz
Jordan Mein,Thiago Alves,Thiago Alves,2015-01-31,KO/TKO,2,UFC 183: Silva vs Diaz
Rafael Natal,Tom Watson,Rafael Natal,2015-01-31,Decision - Unanimous,3,UFC 183: Silva vs Diaz
Ed Herman,Derek Brunson,Derek Brunson,2015-01-31,KO/TKO,1,UFC 183: Silva vs Diaz
Ian McCall,John Lineker,John Lineker,2015-01-31,Decision - Unanimous,3,UFC 183: Silva vs Diaz
Thiago Santos,Andy Enz,Thiago Santos,2015-01-31,KO/TKO,1,UFC 183: Silva vs Diaz
Richardson Moreira,Ildemar Alcantara,Ildemar Alcantara,2015-01-31,Decision - Split,3,UFC 183: Silva vs Diaz
Conor McGregor,Dennis Siver,Conor McGregor,2015-01-18,KO/TKO,2,UFC Fight Night: McGregor vs Siver
Uriah Hall,Ron Stallings,Uriah Hall,2015-01-18,TKO - Doctor's Stoppage,1,UFC Fight Night: McGregor vs Siver
Donald Cerrone,Benson Henderson,Donald Cerrone,2015-01-18,Decision - Unanimous,3,UFC Fight Night: McGregor vs Siver
Cathal Pendred,Sean Spencer,Cathal Pendred,2015-01-18,Decision - Unanimous,3,UFC Fight Night: McGregor vs Siver
Norman Parke,Gleison Tibau,Gleison Tibau,2015-01-18,Decision - Split,3,UFC Fight Night: McGregor vs Siver
John Howard,Lorenz Larkin,Lorenz Larkin,2015-01-18,KO/TKO,1,UFC Fight Night: McGregor vs Siver
Zhang Lipeng,Chris Wade,Chris Wade,2015-01-18,Decision - Unanimous,3,UFC Fight Night: McGregor vs Siver
Paddy Holohan,Shane Howell,Paddy Holohan,2015-01-18,Decision - Unanimous,3,UFC Fight Night: McGregor vs Siver
Johnny Case,Frankie Perez,Johnny Case,2015-01-18,KO/TKO,3,UFC Fight Night: McGregor vs Siver
Charles Rosa,Sean Soriano,Charles Rosa,2015-01-18,Submission,3,UFC Fight Night: McGregor vs Siver
Tateki Matsuda,Joby Sanchez,Joby Sanchez,2015-01-18,Decision - Split,3,UFC Fight Night: McGregor vs Siver
Matt Van Buren,Sean O'Connell,Sean O'Connell,2015-01-18,KO/TKO,3,UFC Fight Night: McGregor vs Siver
Lyoto Machida,CB Dollaway,Lyoto Machida,2014-12-20,KO/TKO,1,UFC Fight Night: Machida vs Dollaway
Antonio Carlos Junior,Patrick Cummins,Patrick Cummins,2014-12-20,Decision - Unanimous,3,UFC Fight Night: Machida vs Dollaway
Elias Silverio,Rashid Magomedov,Rashid Magomedov,2014-12-20,KO/TKO,3,UFC Fight Night: Machida vs Dollaway
Renan Barao,Mitch Gagnon,Renan Barao,2014-12-20,Submission,3,UFC Fight Night: Machida vs Dollaway
Erick Silva,Mike Rhodes,Erick Silva,2014-12-20,Submission,1,UFC Fight Night: Machida vs Dollaway
Daniel Sarafian,Antonio Dos Santos,Daniel Sarafian,2014-12-20,KO/TKO,2,UFC Fight Night: Machida vs Dollaway
Marcos Rogerio de Lima,Igor Pokrajac,Marcos Rogerio de Lima,2014-12-20,KO/TKO,1,UFC Fight Night: Machida vs Dollaway
Tom Niinimaki,Renato Moicano,Renato Moicano,2014-12-20,Submission,2,UFC Fight Night: Machida vs Dollaway
Darren Elkins,Hacran Dias,Hacran Dias,2014-12-20,Decision - Unanimous,3,UFC Fight Night: Machida vs Dollaway
Leandro Issa,Yuta Sasaki,Leandro Issa,2014-12-20,Submission,2,UFC Fight Night: Machida vs Dollaway
Marcio Alexandre Junior,Tim Means,Tim Means,2014-12-20,Decision - Split,3,UFC Fight Night: Machida vs Dollaway
Jon Jones,Daniel Cormier,Jon Jones,2015-01-03,Decision - Unanimous,5,UFC 182: Jones vs Cormier
Vitor Miranda,Jake Collier,Vitor Miranda,2014-12-20,KO/TKO,1,UFC Fight Night: Machida vs Dollaway
Brad Tavares,Nate Marquardt,Brad Tavares,2015-01-03,Decision - Unanimous,3,UFC 182: Jones vs Cormier
Donald Cerrone,Myles Jury,Donald Cerrone,2015-01-03,Decision - Unanimous,3,UFC 182: Jones vs Cormier
Kyoji Horiguchi,Louis Gaudinot,Kyoji Horiguchi,2015-01-03,Decision - Unanimous,3,UFC 182: Jones vs Cormier
Marcus Brimage,Cody Garbrandt,Cody Garbrandt,2015-01-03,KO/TKO,3,UFC 182: Jones vs Cormier
Danny Castillo,Paul Felder,Paul Felder,2015-01-03,KO/TKO,2,UFC 182: Jones vs Cormier
Shawn Jordan,Jared Cannonier,Shawn Jordan,2015-01-03,KO/TKO,1,UFC 182: Jones vs Cormier
Evan Dunham,Rodrigo Damm,Evan Dunham,2015-01-03,Decision - Unanimous,3,UFC 182: Jones vs Cormier
Alexis Dufresne,Marion Reneau,Marion Reneau,2015-01-03,Decision - Unanimous,3,UFC 182: Jones vs Cormier
Omari Akhmedov,Mats Nilsson,Omari Akhmedov,2015-01-03,Decision - Unanimous,3,UFC 182: Jones vs Cormier
Junior Dos Santos,Stipe Miocic,Junior Dos Santos,2014-12-13,Decision - Unanimous,5,UFC on FOX: Dos Santos vs Miocic
Rafael Dos Anjos,Nate Diaz,Rafael Dos Anjos,2014-12-13,Decision - Unanimous,3,UFC on FOX: Dos Santos vs Miocic
Alistair Overeem,Stefan Struve,Alistair Overeem,2014-12-13,KO/TKO,1,UFC on FOX: Dos Santos vs Miocic
Gabriel Gonzaga,Matt Mitrione,Matt Mitrione,2014-12-13,KO/TKO,1,UFC on FOX: Dos Santos vs Miocic
Claudia Gadelha,Joanna Jedrzejczyk,Joanna Jedrzejczyk,2014-12-13,Decision - Split,3,UFC on FOX: Dos Santos vs Miocic
John Moraga,Willie Gates,John Moraga,2014-12-13,Submission,3,UFC on FOX: Dos Santos vs Miocic
Jamie Varner,Drew Dober,Drew Dober,2014-12-13,Submission,1,UFC on FOX: Dos Santos vs Miocic
Joe Riggs,Ben Saunders,Ben Saunders,2014-12-13,Submission,1,UFC on FOX: Dos Santos vs Miocic
Joe Ellenberger,Bryan Barberena,Bryan Barberena,2014-12-13,KO/TKO,3,UFC on FOX: Dos Santos vs Miocic
David Michaud,Garett Whiteley,David Michaud,2014-12-13,Decision - Unanimous,3,UFC on FOX: Dos Santos vs Miocic
Henry Cejudo,Dustin Kimura,Henry Cejudo,2014-12-13,Decision - Unanimous,3,UFC on FOX: Dos Santos vs Miocic
Anthony Birchak,Ian Entwistle,Ian Entwistle,2014-12-13,Submission,1,UFC on FOX: Dos Santos vs Miocic
Carla Esparza,Rose Namajunas,Carla Esparza,2014-12-12,Submission,3,The Ultimate Fighter: A Champion Will Be Crowned Finale
Jeremy Stephens,Charles Oliveira,Charles Oliveira,2014-12-12,Decision - Unanimous,3,The Ultimate Fighter: A Champion Will Be Crowned Finale
Jessica Penne,Randa Markos,Jessica Penne,2014-12-12,Decision - Split,3,The Ultimate Fighter: A Champion Will Be Crowned Finale
Joe Proctor,Yancy Medeiros,Yancy Medeiros,2014-12-12,Submission,1,The Ultimate Fighter: A Champion Will Be Crowned Finale
Felice Herrig,Lisa Ellis,Felice Herrig,2014-12-12,Submission,2,The Ultimate Fighter: A Champion Will Be Crowned Finale
Tecia Pennington,Angela Magana,Tecia Pennington,2014-12-12,Decision - Unanimous,3,The Ultimate Fighter: A Champion Will Be Crowned Finale
Joanne Wood,Seo Hee Ham,Joanne Wood,2014-12-12,Decision - Unanimous,3,The Ultimate Fighter: A Champion Will Be Crowned Finale
Bec Rawlings,Heather Clark,Heather Clark,2014-12-12,Decision - Unanimous,3,The Ultimate Fighter: A Champion Will Be Crowned Finale
Johny Hendricks,Robbie Lawler,Robbie Lawler,2014-12-06,Decision - Split,5,UFC 181: Hendricks vs Lawler II
Aisling Daly,Alex Chambers,Aisling Daly,2014-12-12,Submission,1,The Ultimate Fighter: A Champion Will Be Crowned Finale
Emily Kagan,Angela Hill,Angela Hill,2014-12-12,Decision - Unanimous,3,The Ultimate Fighter: A Champion Will Be Crowned Finale
Anthony Pettis,Gilbert Melendez,Anthony Pettis,2014-12-06,Submission,2,UFC 181: Hendricks vs Lawler II
Todd Duffee,Anthony Hamilton,Todd Duffee,2014-12-06,KO/TKO,1,UFC 181: Hendricks vs Lawler II
Travis Browne,Brendan Schaub,Travis Browne,2014-12-06,KO/TKO,1,UFC 181: Hendricks vs Lawler II
Eddie Gordon,Josh Samman,Josh Samman,2014-12-06,KO/TKO,2,UFC 181: Hendricks vs Lawler II
Urijah Faber,Francisco Rivera,Urijah Faber,2014-12-06,Submission,2,UFC 181: Hendricks vs Lawler II
Tony Ferguson,Abel Trujillo,Tony Ferguson,2014-12-06,Submission,2,UFC 181: Hendricks vs Lawler II
Corey Anderson,Justin Jones,Corey Anderson,2014-12-06,Decision - Unanimous,3,UFC 181: Hendricks vs Lawler II
Raquel Pennington,Ashlee Evans-Smith,Raquel Pennington,2014-12-06,Submission,1,UFC 181: Hendricks vs Lawler II
Sergio Pettis,Matt Hobar,Sergio Pettis,2014-12-06,Decision - Unanimous,3,UFC 181: Hendricks vs Lawler II
Alex White,Clay Collard,Clay Collard,2014-12-06,Decision - Unanimous,3,UFC 181: Hendricks vs Lawler II
Frankie Edgar,Cub Swanson,Frankie Edgar,2014-11-22,Submission,5,UFC Fight Night: Edgar vs Swanson
Jared Rosholt,Aleksei Oleinik,Aleksei Oleinik,2014-11-22,KO/TKO,1,UFC Fight Night: Edgar vs Swanson
King Green,Edson Barboza,Edson Barboza,2014-11-22,Decision - Unanimous,3,UFC Fight Night: Edgar vs Swanson
Brad Pickett,Chico Camus,Chico Camus,2014-11-22,Decision - Split,3,UFC Fight Night: Edgar vs Swanson
Ruslan Magomedov,Josh Copeland,Ruslan Magomedov,2014-11-22,Decision - Unanimous,3,UFC Fight Night: Edgar vs Swanson
Joseph Benavidez,Dustin Ortiz,Joseph Benavidez,2014-11-22,Decision - Unanimous,3,UFC Fight Night: Edgar vs Swanson
Matt Wiman,Isaac Vallie-Flagg,Matt Wiman,2014-11-22,Decision - Unanimous,3,UFC Fight Night: Edgar vs Swanson
Luke Barnatt,Roger Narvaez,Roger Narvaez,2014-11-22,Decision - Split,3,UFC Fight Night: Edgar vs Swanson
James Vick,Nick Hein,James Vick,2014-11-22,Decision - Unanimous,3,UFC Fight Night: Edgar vs Swanson
Juan Manuel Puig,Dooho Choi,Dooho Choi,2014-11-22,KO/TKO,1,UFC Fight Night: Edgar vs Swanson
Fabricio Werdum,Mark Hunt,Fabricio Werdum,2014-11-15,KO/TKO,2,UFC 180: Werdum vs Hunt
Yves Edwards,Akbarh Arreola,Akbarh Arreola,2014-11-22,Submission,1,UFC Fight Night: Edgar vs Swanson
Paige VanZant,Kailin Curran,Paige VanZant,2014-11-22,KO/TKO,3,UFC Fight Night: Edgar vs Swanson
Jake Ellenberger,Kelvin Gastelum,Kelvin Gastelum,2014-11-15,Submission,1,UFC 180: Werdum vs Hunt
Augusto Montano,Chris Heatherly,Augusto Montano,2014-11-15,KO/TKO,1,UFC 180: Werdum vs Hunt
Ricardo Lamas,Dennis Bermudez,Ricardo Lamas,2014-11-15,Submission,1,UFC 180: Werdum vs Hunt
Edgar Garcia,Hector Urbina,Hector Urbina,2014-11-15,Submission,1,UFC 180: Werdum vs Hunt
Yair Rodriguez,Leonardo Morales,Yair Rodriguez,2014-11-15,Decision - Unanimous,3,UFC 180: Werdum vs Hunt
Alejandro Perez,Jose Quinonez,Alejandro Perez,2014-11-15,Decision - Unanimous,3,UFC 180: Werdum vs Hunt
Jessica Eye,Leslie Smith,Jessica Eye,2014-11-15,TKO - Doctor's Stoppage,2,UFC 180: Werdum vs Hunt
Henry Briones,Guido Cannetti,Henry Briones,2014-11-15,Submission,2,UFC 180: Werdum vs Hunt
Gabriel Benitez,Humberto Brown Morrison,Gabriel Benitez,2014-11-15,Submission,3,UFC 180: Werdum vs Hunt
Marco Beltran,Marlon Vera,Marco Beltran,2014-11-15,Decision - Unanimous,3,UFC 180: Werdum vs Hunt
Mauricio Rua,Ovince Saint Preux,Ovince Saint Preux,2014-11-08,KO/TKO,1,UFC Fight Night 56: Shogun vs Saint Preux
Warlley Alves,Alan Jouban,Warlley Alves,2014-11-08,Decision - Unanimous,3,UFC Fight Night 56: Shogun vs Saint Preux
Claudio Silva,Leon Edwards,Claudio Silva,2014-11-08,Decision - Split,3,UFC Fight Night 56: Shogun vs Saint Preux
Dhiego Lima,Jorge de Oliveira,Dhiego Lima,2014-11-08,Decision - Unanimous,3,UFC Fight Night 56: Shogun vs Saint Preux
Juliana Lima,Nina Nunes,Juliana Lima,2014-11-08,Decision - Unanimous,3,UFC Fight Night 56: Shogun vs Saint Preux
Caio Magalhaes,Trevor Smith,Caio Magalhaes,2014-11-08,KO/TKO,1,UFC Fight Night 56: Shogun vs Saint Preux
Diego Rivas,Rodolfo Rubio Perez,Diego Rivas,2014-11-08,Decision - Unanimous,3,UFC Fight Night 56: Shogun vs Saint Preux
Leandro Silva,Charlie Brenneman,Leandro Silva,2014-11-08,Submission,1,UFC Fight Night 56: Shogun vs Saint Preux
Luke Rockhold,Michael Bisping,Luke Rockhold,2014-11-07,Submission,2,UFC Fight Night: Rockhold vs Bisping
Wagner Silva,Colby Covington,Colby Covington,2014-11-08,Submission,3,UFC Fight Night 56: Shogun vs Saint Preux
Thomas Almeida,Tim Gorman,Thomas Almeida,2014-11-08,Decision - Unanimous,3,UFC Fight Night 56: Shogun vs Saint Preux
Ross Pearson,Al Iaquinta,Al Iaquinta,2014-11-07,KO/TKO,2,UFC Fight Night: Rockhold vs Bisping
Robert Whittaker,Clint Hester,Robert Whittaker,2014-11-07,KO/TKO,2,UFC Fight Night: Rockhold vs Bisping
Soa Palelei,Walt Harris,Soa Palelei,2014-11-07,KO/TKO,2,UFC Fight Night: Rockhold vs Bisping
Jake Matthews,Vagner Rocha,Jake Matthews,2014-11-07,Submission,2,UFC Fight Night: Rockhold vs Bisping
Anthony Perosh,Guto Inocente,Anthony Perosh,2014-11-07,Submission,1,UFC Fight Night: Rockhold vs Bisping
Dylan Andrews,Sam Alvey,Sam Alvey,2014-11-07,KO/TKO,1,UFC Fight Night: Rockhold vs Bisping
Vik Grujic,Chris Clements,Chris Clements,2014-11-07,KO/TKO,1,UFC Fight Night: Rockhold vs Bisping
Richie Vaculik,Louis Smolka,Louis Smolka,2014-11-07,KO/TKO,3,UFC Fight Night: Rockhold vs Bisping
Luke Zachrich,Daniel Kelly,Daniel Kelly,2014-11-07,Submission,1,UFC Fight Night: Rockhold vs Bisping
Jumabieke Tuerxun,Marcus Brimage,Marcus Brimage,2014-11-07,KO/TKO,1,UFC Fight Night: Rockhold vs Bisping
Fabio Maldonado,Hans Stringer,Fabio Maldonado,2014-10-25,KO/TKO,2,UFC 179: Aldo vs Mendes 2
Jose Aldo,Chad Mendes,Jose Aldo,2014-10-25,Decision - Unanimous,5,UFC 179: Aldo vs Mendes 2
Glover Teixeira,Phil Davis,Phil Davis,2014-10-25,Decision - Unanimous,3,UFC 179: Aldo vs Mendes 2
Diego Ferreira,Beneil Dariush,Beneil Dariush,2014-10-25,Decision - Unanimous,3,UFC 179: Aldo vs Mendes 2
William Macario,Neil Magny,Neil Magny,2014-10-25,KO/TKO,3,UFC 179: Aldo vs Mendes 2
Darren Elkins,Lucas Martins,Darren Elkins,2014-10-25,Decision - Split,3,UFC 179: Aldo vs Mendes 2
Yan Cabral,Naoyuki Kotani,Yan Cabral,2014-10-25,Submission,2,UFC 179: Aldo vs Mendes 2
Scott Jorgensen,Wilson Reis,Wilson Reis,2014-10-25,Submission,1,UFC 179: Aldo vs Mendes 2
Gilbert Burns,Christos Giagos,Gilbert Burns,2014-10-25,Submission,1,UFC 179: Aldo vs Mendes 2
Felipe Arantes,Andre Fili,Andre Fili,2014-10-25,Decision - Unanimous,3,UFC 179: Aldo vs Mendes 2
Fabricio Camoes,Anthony Rocco Martin,Anthony Rocco Martin,2014-10-25,Submission,1,UFC 179: Aldo vs Mendes 2
Rory MacDonald,Tarec Saffiedine,Rory MacDonald,2014-10-04,KO/TKO,3,UFC Fight Night: MacDonald vs Saffiedine
Raphael Assuncao,Bryan Caraway,Raphael Assuncao,2014-10-04,Decision - Unanimous,3,UFC Fight Night: MacDonald vs Saffiedine
Chad Laprise,Yosdenis Cedeno,Chad Laprise,2014-10-04,Decision - Unanimous,3,UFC Fight Night: MacDonald vs Saffiedine
Elias Theodorou,Bruno Santos,Elias Theodorou,2014-10-04,Decision - Unanimous,3,UFC Fight Night: MacDonald vs Saffiedine
Mitch Gagnon,Roman Salazar,Mitch Gagnon,2014-10-04,Submission,1,UFC Fight Night: MacDonald vs Saffiedine
Nordine Taleb,Li Jingliang,Nordine Taleb,2014-10-04,Decision - Split,3,UFC Fight Night: MacDonald vs Saffiedine
Olivier Aubin-Mercier,Jake Lindsey,Olivier Aubin-Mercier,2014-10-04,Submission,2,UFC Fight Night: MacDonald vs Saffiedine
Daron Cruickshank,Anthony Njokuani,Daron Cruickshank,2014-10-04,Decision - Unanimous,3,UFC Fight Night: MacDonald vs Saffiedine
Jason Saggo,Paul Felder,Paul Felder,2014-10-04,Decision - Split,3,UFC Fight Night: MacDonald vs Saffiedine
Albert Tumenov,Matt Dwyer,Albert Tumenov,2014-10-04,KO/TKO,1,UFC Fight Night: MacDonald vs Saffiedine
Paddy Holohan,Chris Kelades,Chris Kelades,2014-10-04,Decision - Unanimous,3,UFC Fight Night: MacDonald vs Saffiedine
Akira Corassani,Max Holloway,Max Holloway,2014-10-04,KO/TKO,1,UFC Fight Night: Nelson vs Story
Gunnar Nelson,Rick Story,Rick Story,2014-10-04,Decision - Split,5,UFC Fight Night: Nelson vs Story
Niklas Backstrom,Mike Wilkinson,Mike Wilkinson,2014-10-04,KO/TKO,1,UFC Fight Night: Nelson vs Story
Ilir Latifi,Jan Blachowicz,Jan Blachowicz,2014-10-04,KO/TKO,1,UFC Fight Night: Nelson vs Story
Nicholas Musoke,Alexander Yakovlev,Nicholas Musoke,2014-10-04,Decision - Unanimous,3,UFC Fight Night: Nelson vs Story
Dennis Siver,Charles Rosa,Dennis Siver,2014-10-04,Decision - Unanimous,3,UFC Fight Night: Nelson vs Story
Magnus Cedenblad,Scott Askham,Magnus Cedenblad,2014-10-04,Decision - Unanimous,3,UFC Fight Night: Nelson vs Story
Mairbek Taisumov,Marcin Bandel,Mairbek Taisumov,2014-10-04,KO/TKO,1,UFC Fight Night: Nelson vs Story
Cathal Pendred,Gasan Umalatov,Cathal Pendred,2014-10-04,Decision - Split,3,UFC Fight Night: Nelson vs Story
Tor Troeng,Krzysztof Jotko,Krzysztof Jotko,2014-10-04,Decision - Unanimous,3,UFC Fight Night: Nelson vs Story
Donald Cerrone,Eddie Alvarez,Donald Cerrone,2014-09-27,Decision - Unanimous,3,UFC 178: Johnson vs Cariaso
Demetrious Johnson,Chris Cariaso,Demetrious Johnson,2014-09-27,Submission,2,UFC 178: Johnson vs Cariaso
Zubaira Tukhugov,Ernest Chavez,Zubaira Tukhugov,2014-10-04,KO/TKO,1,UFC Fight Night: Nelson vs Story
Dustin Poirier,Conor McGregor,Conor McGregor,2014-09-27,KO/TKO,1,UFC 178: Johnson vs Cariaso
Cat Zingano,Amanda Nunes,Cat Zingano,2014-09-27,KO/TKO,3,UFC 178: Johnson vs Cariaso
Tim Kennedy,Yoel Romero,Yoel Romero,2014-09-27,KO/TKO,3,UFC 178: Johnson vs Cariaso
Patrick Cote,Stephen Thompson,Stephen Thompson,2014-09-27,Decision - Unanimous,3,UFC 178: Johnson vs Cariaso
Jorge Masvidal,James Krause,Jorge Masvidal,2014-09-27,Decision - Unanimous,3,UFC 178: Johnson vs Cariaso
Dominick Cruz,Takeya Mizugaki,Dominick Cruz,2014-09-27,KO/TKO,1,UFC 178: Johnson vs Cariaso
John Howard,Brian Ebersole,Brian Ebersole,2014-09-27,Decision - Split,3,UFC 178: Johnson vs Cariaso
Mark Hunt,Roy Nelson,Mark Hunt,2014-09-20,KO/TKO,2,UFC Fight Night: Hunt vs Nelson
Jon Tuck,Kevin Lee,Kevin Lee,2014-09-27,Decision - Unanimous,3,UFC 178: Johnson vs Cariaso
Manvel Gamburyan,Cody Gibson,Manvel Gamburyan,2014-09-27,Submission,2,UFC 178: Johnson vs Cariaso
Myles Jury,Takanori Gomi,Myles Jury,2014-09-20,KO/TKO,1,UFC Fight Night: Hunt vs Nelson
Yoshihiro Akiyama,Amir Sadollah,Yoshihiro Akiyama,2014-09-20,Decision - Unanimous,3,UFC Fight Night: Hunt vs Nelson
Miesha Tate,Rin Nakai,Miesha Tate,2014-09-20,Decision - Unanimous,3,UFC Fight Night: Hunt vs Nelson
Kiichi Kunimoto,Richard Walsh,Kiichi Kunimoto,2014-09-20,Decision - Split,3,UFC Fight Night: Hunt vs Nelson
Alex Caceres,Masanori Kanehara,Masanori Kanehara,2014-09-20,Decision - Unanimous,3,UFC Fight Night: Hunt vs Nelson
Kyoji Horiguchi,Jon Delos Reyes,Kyoji Horiguchi,2014-09-20,KO/TKO,1,UFC Fight Night: Hunt vs Nelson
Hyun Gyu Lim,Takenori Sato,Hyun Gyu Lim,2014-09-20,KO/TKO,1,UFC Fight Night: Hunt vs Nelson
Katsunori Kikuno,Sam Sicilia,Katsunori Kikuno,2014-09-20,Submission,2,UFC Fight Night: Hunt vs Nelson
Kazuki Tokudome,Johnny Case,Johnny Case,2014-09-20,Submission,2,UFC Fight Night: Hunt vs Nelson
Michinori Tanaka,Kyung Ho Kang,Kyung Ho Kang,2014-09-20,Decision - Split,3,UFC Fight Night: Hunt vs Nelson
Maximo Blanco,Dan Hooker,Maximo Blanco,2014-09-20,Decision - Unanimous,3,UFC Fight Night: Hunt vs Nelson
Leonardo Santos,Efrain Escudero,Leonardo Santos,2014-09-13,Decision - Unanimous,3,UFC Fight Night: Bigfoot vs Arlovski
Antonio Silva,Andrei Arlovski,Andrei Arlovski,2014-09-13,KO/TKO,1,UFC Fight Night: Bigfoot vs Arlovski
Santiago Ponzinibbio,Wendell Oliveira Marques,Santiago Ponzinibbio,2014-09-13,KO/TKO,1,UFC Fight Night: Bigfoot vs Arlovski
Iuri Alcantara,Russell Doane,Iuri Alcantara,2014-09-13,Decision - Unanimous,3,UFC Fight Night: Bigfoot vs Arlovski
Gleison Tibau,Piotr Hallmann,Gleison Tibau,2014-09-13,Decision - Split,3,UFC Fight Night: Bigfoot vs Arlovski
Jessica Andrade,Larissa Pacheco,Jessica Andrade,2014-09-13,Submission,1,UFC Fight Night: Bigfoot vs Arlovski
Godofredo Pepey,Dashon Johnson,Godofredo Pepey,2014-09-13,Submission,1,UFC Fight Night: Bigfoot vs Arlovski
Igor Araujo,George Sullivan,George Sullivan,2014-09-13,KO/TKO,2,UFC Fight Night: Bigfoot vs Arlovski
Francisco Trinaldo,Leandro Silva,Francisco Trinaldo,2014-09-13,Decision - Unanimous,3,UFC Fight Night: Bigfoot vs Arlovski
Jacare Souza,Gegard Mousasi,Jacare Souza,2014-09-05,Submission,3,UFC Fight Night: Jacare vs Mousasi
Paulo Thiago,Sean Spencer,Sean Spencer,2014-09-13,Decision - Unanimous,3,UFC Fight Night: Bigfoot vs Arlovski
Matt Mitrione,Derrick Lewis,Matt Mitrione,2014-09-05,KO/TKO,1,UFC Fight Night: Jacare vs Mousasi
Rani Yahya,Johnny Bedford,Rani Yahya,2014-09-13,Submission,2,UFC Fight Night: Bigfoot vs Arlovski
Alistair Overeem,Ben Rothwell,Ben Rothwell,2014-09-05,KO/TKO,1,UFC Fight Night: Jacare vs Mousasi
Joe Lauzon,Michael Chiesa,Joe Lauzon,2014-09-05,TKO - Doctor's Stoppage,2,UFC Fight Night: Jacare vs Mousasi
Al Iaquinta,Rodrigo Damm,Al Iaquinta,2014-09-05,KO/TKO,3,UFC Fight Night: Jacare vs Mousasi
Rafael Natal,Chris Camozzi,Rafael Natal,2014-09-05,Decision - Split,3,UFC Fight Night: Jacare vs Mousasi
John Moraga,Justin Scoggins,John Moraga,2014-09-05,Submission,2,UFC Fight Night: Jacare vs Mousasi
Chris Beal,Tateki Matsuda,Chris Beal,2014-09-05,Decision - Unanimous,3,UFC Fight Night: Jacare vs Mousasi
Sean Soriano,Chas Skelly,Chas Skelly,2014-09-05,Decision - Unanimous,3,UFC Fight Night: Jacare vs Mousasi
Benson Henderson,Rafael Dos Anjos,Rafael Dos Anjos,2014-08-23,KO/TKO,1,UFC Fight Night: Henderson vs Dos Anjos
Mike Pyle,Jordan Mein,Jordan Mein,2014-08-23,KO/TKO,1,UFC Fight Night: Henderson vs Dos Anjos
Francis Carmont,Thales Leites,Thales Leites,2014-08-23,KO/TKO,2,UFC Fight Night: Henderson vs Dos Anjos
James Vick,Valmir Lazaro,James Vick,2014-08-23,Decision - Unanimous,3,UFC Fight Night: Henderson vs Dos Anjos
Max Holloway,Clay Collard,Max Holloway,2014-08-23,KO/TKO,3,UFC Fight Night: Henderson vs Dos Anjos
Chas Skelly,Tom Niinimaki,Chas Skelly,2014-08-23,Submission,1,UFC Fight Night: Henderson vs Dos Anjos
Beneil Dariush,Anthony Rocco Martin,Beneil Dariush,2014-08-23,Submission,2,UFC Fight Night: Henderson vs Dos Anjos
Neil Magny,Alex Garcia,Neil Magny,2014-08-23,Decision - Unanimous,3,UFC Fight Night: Henderson vs Dos Anjos
Ben Saunders,Chris Heatherly,Ben Saunders,2014-08-23,Submission,1,UFC Fight Night: Henderson vs Dos Anjos
Aaron Phillips,Matt Hobar,Matt Hobar,2014-08-23,Decision - Unanimous,3,UFC Fight Night: Henderson vs Dos Anjos
Wilson Reis,Joby Sanchez,Wilson Reis,2014-08-23,Decision - Unanimous,3,UFC Fight Night: Henderson vs Dos Anjos
Tony Ferguson,Danny Castillo,Tony Ferguson,2014-08-30,Decision - Split,3,UFC 177: Dillashaw vs Soto
Bethe Correia,Shayna Baszler,Bethe Correia,2014-08-30,KO/TKO,2,UFC 177: Dillashaw vs Soto
Ramsey Nijem,Diego Ferreira,Diego Ferreira,2014-08-30,KO/TKO,2,UFC 177: Dillashaw vs Soto
TJ Dillashaw,Joe Soto,TJ Dillashaw,2014-08-30,KO/TKO,5,UFC 177: Dillashaw vs Soto
Ruan Potts,Anthony Hamilton,Anthony Hamilton,2014-08-30,KO/TKO,2,UFC 177: Dillashaw vs Soto
Yancy Medeiros,Damon Jackson,Yancy Medeiros,2014-08-30,Submission,2,UFC 177: Dillashaw vs Soto
Lorenz Larkin,Derek Brunson,Derek Brunson,2014-08-30,Decision - Unanimous,3,UFC 177: Dillashaw vs Soto
Chris Wade,Cain Carrizosa,Chris Wade,2014-08-30,Submission,1,UFC 177: Dillashaw vs Soto
Zhang Lipeng,Brendan O'Reilly,Zhang Lipeng,2014-08-23,Decision - Unanimous,3,UFC Fight Night: Bisping vs Le
Michael Bisping,Cung Le,Michael Bisping,2014-08-23,KO/TKO,4,UFC Fight Night: Bisping vs Le
Tyron Woodley,Dong Hyun Kim,Tyron Woodley,2014-08-23,KO/TKO,1,UFC Fight Night: Bisping vs Le
Guangyou Ning,Jianping Yang,Guangyou Ning,2014-08-23,Decision - Unanimous,3,UFC Fight Night: Bisping vs Le
Sai Wang,Danny Mitchell,Sai Wang,2014-08-23,Decision - Unanimous,3,UFC Fight Night: Bisping vs Le
Alberto Mina,Shinsho Anzai,Alberto Mina,2014-08-23,KO/TKO,1,UFC Fight Night: Bisping vs Le
Roland Delorme,Yuta Sasaki,Yuta Sasaki,2014-08-23,Submission,1,UFC Fight Night: Bisping vs Le
Anying Wang,Colby Covington,Colby Covington,2014-08-23,KO/TKO,1,UFC Fight Night: Bisping vs Le
Yao Zhikui,Royston Wee,Royston Wee,2014-08-23,Decision - Split,3,UFC Fight Night: Bisping vs Le
Gray Maynard,Ross Pearson,Ross Pearson,2014-08-16,KO/TKO,2,UFC Fight Night: Bader vs Saint Preux
Elizabeth Phillips,Milana Dudieva,Milana Dudieva,2014-08-23,Decision - Split,3,UFC Fight Night: Bisping vs Le
Ryan Bader,Ovince Saint Preux,Ryan Bader,2014-08-16,Decision - Unanimous,5,UFC Fight Night: Bader vs Saint Preux
Seth Baczynski,Alan Jouban,Alan Jouban,2014-08-16,KO/TKO,1,UFC Fight Night: Bader vs Saint Preux
Tim Boetsch,Brad Tavares,Tim Boetsch,2014-08-16,KO/TKO,2,UFC Fight Night: Bader vs Saint Preux
Thiago Tavares,Robert Peralta,Thiago Tavares,2014-08-16,Submission,1,UFC Fight Night: Bader vs Saint Preux
Shawn Jordan,Jack May,Shawn Jordan,2014-08-16,KO/TKO,3,UFC Fight Night: Bader vs Saint Preux
Jussier Formiga,Zach Makovsky,Jussier Formiga,2014-08-16,Decision - Unanimous,3,UFC Fight Night: Bader vs Saint Preux
Sara McMann,Lauren Murphy,Sara McMann,2014-08-16,Decision - Split,3,UFC Fight Night: Bader vs Saint Preux
Tom Watson,Sam Alvey,Tom Watson,2014-08-16,Decision - Unanimous,3,UFC Fight Night: Bader vs Saint Preux
Conor McGregor,Diego Brandao,Conor McGregor,2014-07-19,KO/TKO,1,UFC Fight Night: McGregor vs Brandao
Nolan Ticman,Frankie Saenz,Frankie Saenz,2014-08-16,Decision - Unanimous,3,UFC Fight Night: Bader vs Saint Preux
Gunnar Nelson,Zak Cummings,Gunnar Nelson,2014-07-19,Submission,2,UFC Fight Night: McGregor vs Brandao
Brad Pickett,Ian McCall,Ian McCall,2014-07-19,Decision - Unanimous,3,UFC Fight Night: McGregor vs Brandao
Norman Parke,Naoyuki Kotani,Norman Parke,2014-07-19,KO/TKO,2,UFC Fight Night: McGregor vs Brandao
Ilir Latifi,Chris Dempsey,Ilir Latifi,2014-07-19,KO/TKO,1,UFC Fight Night: McGregor vs Brandao
Neil Seery,Phil Harris,Neil Seery,2014-07-19,Decision - Unanimous,3,UFC Fight Night: McGregor vs Brandao
Cathal Pendred,Mike King,Cathal Pendred,2014-07-19,Submission,2,UFC Fight Night: McGregor vs Brandao
Paddy Holohan,Josh Sampo,Paddy Holohan,2014-07-19,Submission,1,UFC Fight Night: McGregor vs Brandao
Tor Troeng,Trevor Smith,Trevor Smith,2014-07-19,Decision - Unanimous,3,UFC Fight Night: McGregor vs Brandao
Cody Donovan,Nikita Krylov,Nikita Krylov,2014-07-19,KO/TKO,1,UFC Fight Night: McGregor vs Brandao
Anthony Johnson,Rogerio Nogueira,Anthony Johnson,2014-07-26,KO/TKO,1,UFC on FOX: Lawler vs Brown
Clay Guida,Dennis Bermudez,Dennis Bermudez,2014-07-26,Submission,2,UFC on FOX: Lawler vs Brown
Robbie Lawler,Matt Brown,Robbie Lawler,2014-07-26,Decision - Unanimous,5,UFC on FOX: Lawler vs Brown
Daron Cruickshank,Jorge Masvidal,Jorge Masvidal,2014-07-26,Decision - Unanimous,3,UFC on FOX: Lawler vs Brown
Josh Thomson,King Green,King Green,2014-07-26,Decision - Split,3,UFC on FOX: Lawler vs Brown
Kyle Kingsbury,Patrick Cummins,Patrick Cummins,2014-07-26,Decision - Unanimous,3,UFC on FOX: Lawler vs Brown
Hernani Perpetuo,Tim Means,Tim Means,2014-07-26,Decision - Unanimous,3,UFC on FOX: Lawler vs Brown
Akbarh Arreola,Tiago dos Santos e Silva,Tiago dos Santos e Silva,2014-07-26,Decision - Unanimous,3,UFC on FOX: Lawler vs Brown
Andreas Stahl,Gilbert Burns,Gilbert Burns,2014-07-26,Decision - Unanimous,3,UFC on FOX: Lawler vs Brown
Juliana Lima,Joanna Jedrzejczyk,Joanna Jedrzejczyk,2014-07-26,Decision - Unanimous,3,UFC on FOX: Lawler vs Brown
Steven Siler,Noad Lahat,Noad Lahat,2014-07-26,Decision - Unanimous,3,UFC on FOX: Lawler vs Brown
Donald Cerrone,Jim Miller,Donald Cerrone,2014-07-16,KO/TKO,2,UFC Fight Night: Cowboy vs Miller
Edson Barboza,Evan Dunham,Edson Barboza,2014-07-16,KO/TKO,1,UFC Fight Night: Cowboy vs Miller
Rick Story,Leonardo Mafra,Rick Story,2014-07-16,Submission,2,UFC Fight Night: Cowboy vs Miller
Justin Salas,Joe Proctor,Joe Proctor,2014-07-16,KO/TKO,2,UFC Fight Night: Cowboy vs Miller
John Lineker,Alptekin Ozkilic,John Lineker,2014-07-16,KO/TKO,3,UFC Fight Night: Cowboy vs Miller
Lucas Martins,Alex White,Lucas Martins,2014-07-16,KO/TKO,3,UFC Fight Night: Cowboy vs Miller
Jessamyn Duke,Leslie Smith,Leslie Smith,2014-07-16,KO/TKO,1,UFC Fight Night: Cowboy vs Miller
Gleison Tibau,Pat Healy,Gleison Tibau,2014-07-16,Decision - Unanimous,3,UFC Fight Night: Cowboy vs Miller
Hugo Viana,Aljamain Sterling,Aljamain Sterling,2014-07-16,KO/TKO,3,UFC Fight Night: Cowboy vs Miller
Claudia Gadelha,Tina Lahdemaki,Claudia Gadelha,2014-07-16,Decision - Unanimous,3,UFC Fight Night: Cowboy vs Miller
Yosdenis Cedeno,Jerrod Sanders,Yosdenis Cedeno,2014-07-16,TKO - Doctor's Stoppage,1,UFC Fight Night: Cowboy vs Miller
Frankie Edgar,BJ Penn,Frankie Edgar,2014-07-06,KO/TKO,3,The Ultimate Fighter: Team Edgar vs. Team Penn Finale
Corey Anderson,Matt Van Buren,Corey Anderson,2014-07-06,KO/TKO,1,The Ultimate Fighter: Team Edgar vs. Team Penn Finale
Dhiego Lima,Eddie Gordon,Eddie Gordon,2014-07-06,KO/TKO,1,The Ultimate Fighter: Team Edgar vs. Team Penn Finale
Derrick Lewis,Guto Inocente,Derrick Lewis,2014-07-06,KO/TKO,1,The Ultimate Fighter: Team Edgar vs. Team Penn Finale
Jesse Ronson,Kevin Lee,Kevin Lee,2014-07-06,Decision - Split,3,The Ultimate Fighter: Team Edgar vs. Team Penn Finale
Justin Scoggins,Dustin Ortiz,Dustin Ortiz,2014-07-06,Decision - Split,3,The Ultimate Fighter: Team Edgar vs. Team Penn Finale
Adriano Martins,Juan Manuel Puig,Adriano Martins,2014-07-06,KO/TKO,1,The Ultimate Fighter: Team Edgar vs. Team Penn Finale
Patrick Walsh,Daniel Spohn,Patrick Walsh,2014-07-06,Decision - Unanimous,3,The Ultimate Fighter: Team Edgar vs. Team Penn Finale
Jumabieke Tuerxun,Leandro Issa,Leandro Issa,2014-07-06,Submission,3,The Ultimate Fighter: Team Edgar vs. Team Penn Finale
Sarah Moras,Alexis Dufresne,Sarah Moras,2014-07-06,Decision - Unanimous,3,The Ultimate Fighter: Team Edgar vs. Team Penn Finale
Chris Weidman,Lyoto Machida,Chris Weidman,2014-07-05,Decision - Unanimous,5,UFC 175: Weidman vs Machida
Uriah Hall,Thiago Santos,Uriah Hall,2014-07-05,Decision - Unanimous,3,UFC 175: Weidman vs Machida
Ronda Rousey,Alexis Davis,Ronda Rousey,2014-07-05,KO/TKO,1,UFC 175: Weidman vs Machida
Marcus Brimage,Russell Doane,Russell Doane,2014-07-05,Decision - Split,3,UFC 175: Weidman vs Machida
Urijah Faber,Alex Caceres,Urijah Faber,2014-07-05,Submission,3,UFC 175: Weidman vs Machida
Kenny Robertson,Ildemar Alcantara,Kenny Robertson,2014-07-05,Decision - Unanimous,3,UFC 175: Weidman vs Machida
Chris Camozzi,Bruno Santos,Bruno Santos,2014-07-05,Decision - Split,3,UFC 175: Weidman vs Machida
Luke Zachrich,Guilherme Vasconcelos,Luke Zachrich,2014-07-05,Decision - Unanimous,3,UFC 175: Weidman vs Machida
George Roop,Rob Font,Rob Font,2014-07-05,KO/TKO,1,UFC 175: Weidman vs Machida
Kelvin Gastelum,Nicholas Musoke,Kelvin Gastelum,2014-06-28,Decision - Unanimous,3,UFC Fight Night: Swanson vs Stephens
Cub Swanson,Jeremy Stephens,Cub Swanson,2014-06-28,Decision - Unanimous,5,UFC Fight Night: Swanson vs Stephens
Cezar Ferreira,Andrew Craig,Cezar Ferreira,2014-06-28,Decision - Unanimous,3,UFC Fight Night: Swanson vs Stephens
Clint Hester,Antonio Braga Neto,Clint Hester,2014-06-28,Decision - Split,3,UFC Fight Night: Swanson vs Stephens
Ricardo Lamas,Hacran Dias,Ricardo Lamas,2014-06-28,Decision - Unanimous,3,UFC Fight Night: Swanson vs Stephens
Joe Ellenberger,James Moontasri,Joe Ellenberger,2014-06-28,Decision - Split,3,UFC Fight Night: Swanson vs Stephens
Colton Smith,Diego Ferreira,Diego Ferreira,2014-06-28,Submission,1,UFC Fight Night: Swanson vs Stephens
Johnny Bedford,Cody Gibson,Cody Gibson,2014-06-28,KO/TKO,1,UFC Fight Night: Swanson vs Stephens
Ray Borg,Shane Howell,Ray Borg,2014-06-28,Submission,1,UFC Fight Night: Swanson vs Stephens
Marcelo Guimaraes,Andy Enz,Marcelo Guimaraes,2014-06-28,Decision - Split,3,UFC Fight Night: Swanson vs Stephens
Aleksei Oleinik,Anthony Hamilton,Aleksei Oleinik,2014-06-28,Submission,1,UFC Fight Night: Swanson vs Stephens
Soa Palelei,Jared Rosholt,Jared Rosholt,2014-06-28,Decision - Unanimous,3,UFC Fight Night: Te Huna vs Marquardt
James Te Huna,Nate Marquardt,Nate Marquardt,2014-06-28,Submission,1,UFC Fight Night: Te Huna vs Marquardt
Hatsu Hioki,Charles Oliveira,Charles Oliveira,2014-06-28,Submission,2,UFC Fight Night: Te Huna vs Marquardt
Jake Matthews,Dashon Johnson,Jake Matthews,2014-06-28,Submission,3,UFC Fight Night: Te Huna vs Marquardt
Richie Vaculik,Roldan Sangcha'an,Richie Vaculik,2014-06-28,Decision - Unanimous,3,UFC Fight Night: Te Huna vs Marquardt
Robert Whittaker,Mike Rhodes,Robert Whittaker,2014-06-28,Decision - Unanimous,3,UFC Fight Night: Te Huna vs Marquardt
Dan Hooker,Ian Entwistle,Dan Hooker,2014-06-28,KO/TKO,1,UFC Fight Night: Te Huna vs Marquardt
Neil Magny,Rodrigo de Lima,Neil Magny,2014-06-28,KO/TKO,2,UFC Fight Night: Te Huna vs Marquardt
Chris Indich,Vik Grujic,Vik Grujic,2014-06-28,KO/TKO,1,UFC Fight Night: Te Huna vs Marquardt
Gian Villante,Sean O'Connell,Gian Villante,2014-06-28,Decision - Split,3,UFC Fight Night: Te Huna vs Marquardt
Benson Henderson,Rustam Khabilov,Benson Henderson,2014-06-07,Submission,4,UFC Fight Night: Henderson vs Khabilov
Diego Sanchez,Ross Pearson,Diego Sanchez,2014-06-07,Decision - Split,3,UFC Fight Night: Henderson vs Khabilov
Rafael Dos Anjos,Jason High,Rafael Dos Anjos,2014-06-07,KO/TKO,2,UFC Fight Night: Henderson vs Khabilov
Yves Edwards,Piotr Hallmann,Piotr Hallmann,2014-06-07,Submission,3,UFC Fight Night: Henderson vs Khabilov
John Dodson,John Moraga,John Dodson,2014-06-07,TKO - Doctor's Stoppage,2,UFC Fight Night: Henderson vs Khabilov
Erik Perez,Bryan Caraway,Bryan Caraway,2014-06-07,Submission,2,UFC Fight Night: Henderson vs Khabilov
Yaotzin Meza,Sergio Pettis,Sergio Pettis,2014-06-07,Decision - Unanimous,3,UFC Fight Night: Henderson vs Khabilov
Bobby Voelker,Lance Benoist,Lance Benoist,2014-06-07,Decision - Unanimous,3,UFC Fight Night: Henderson vs Khabilov
Scott Jorgensen,Danny Martinez,Scott Jorgensen,2014-06-07,Decision - Unanimous,3,UFC Fight Night: Henderson vs Khabilov
Jon Tuck,Jake Lindsey,Jon Tuck,2014-06-07,KO/TKO,3,UFC Fight Night: Henderson vs Khabilov
Patrick Cummins,Roger Narvaez,Patrick Cummins,2014-06-07,KO/TKO,2,UFC Fight Night: Henderson vs Khabilov
Marcio Alexandre Junior,Warlley Alves,Warlley Alves,2014-05-31,Submission,3,UFC Fight Night: Miocic vs Maldonado
Vitor Miranda,Antonio Carlos Junior,Antonio Carlos Junior,2014-05-31,Decision - Unanimous,3,UFC Fight Night: Miocic vs Maldonado
Stipe Miocic,Fabio Maldonado,Stipe Miocic,2014-05-31,KO/TKO,1,UFC Fight Night: Miocic vs Maldonado
Demian Maia,Alexander Yakovlev,Demian Maia,2014-05-31,Decision - Unanimous,3,UFC Fight Night: Miocic vs Maldonado
Rony Jason,Robert Peralta,Robert Peralta,2014-05-31,Decision - Split,3,UFC Fight Night: Miocic vs Maldonado
Paulo Thiago,Gasan Umalatov,Gasan Umalatov,2014-05-31,Decision - Unanimous,3,UFC Fight Night: Miocic vs Maldonado
Rodrigo Damm,Rashid Magomedov,Rashid Magomedov,2014-05-31,Decision - Unanimous,3,UFC Fight Night: Miocic vs Maldonado
Elias Silverio,Ernest Chavez,Elias Silverio,2014-05-31,Submission,3,UFC Fight Night: Miocic vs Maldonado
Marcos Rogerio de Lima,Richardson Moreira,Marcos Rogerio de Lima,2014-05-31,KO/TKO,1,UFC Fight Night: Miocic vs Maldonado
Ricardo Abreu,Wagner Silva,Ricardo Abreu,2014-05-31,Submission,2,UFC Fight Night: Miocic vs Maldonado
Pedro Munhoz,Matt Hobar,Pedro Munhoz,2014-05-31,KO/TKO,1,UFC Fight Night: Miocic vs Maldonado
Edimilson Souza,Mark Eddiva,Edimilson Souza,2014-05-31,KO/TKO,2,UFC Fight Night: Miocic vs Maldonado
Francis Carmont,CB Dollaway,CB Dollaway,2014-05-31,Decision - Unanimous,3,UFC Fight Night: Munoz vs Mousasi
Mark Munoz,Gegard Mousasi,Gegard Mousasi,2014-05-31,Submission,1,UFC Fight Night: Munoz vs Mousasi
Tom Niinimaki,Niklas Backstrom,Niklas Backstrom,2014-05-31,Submission,1,UFC Fight Night: Munoz vs Mousasi
Luke Barnatt,Sean Strickland,Sean Strickland,2014-05-31,Decision - Split,3,UFC Fight Night: Munoz vs Mousasi
Nick Hein,Drew Dober,Nick Hein,2014-05-31,Decision - Unanimous,3,UFC Fight Night: Munoz vs Mousasi
Magnus Cedenblad,Krzysztof Jotko,Magnus Cedenblad,2014-05-31,Submission,2,UFC Fight Night: Munoz vs Mousasi
Vaughan Lee,Iuri Alcantara,Iuri Alcantara,2014-05-31,KO/TKO,1,UFC Fight Night: Munoz vs Mousasi
Andy Ogle,Maximo Blanco,Maximo Blanco,2014-05-31,Decision - Unanimous,3,UFC Fight Night: Munoz vs Mousasi
Viktor Pesta,Ruslan Magomedov,Ruslan Magomedov,2014-05-31,Decision - Unanimous,3,UFC Fight Night: Munoz vs Mousasi
Peter Sobotta,Pawel Pawlak,Peter Sobotta,2014-05-31,Decision - Unanimous,3,UFC Fight Night: Munoz vs Mousasi
Renan Barao,TJ Dillashaw,TJ Dillashaw,2014-05-24,KO/TKO,5,UFC 173: Barao vs Dillashaw
Daniel Cormier,Dan Henderson,Daniel Cormier,2014-05-24,Submission,3,UFC 173: Barao vs Dillashaw
Robbie Lawler,Jake Ellenberger,Robbie Lawler,2014-05-24,KO/TKO,3,UFC 173: Barao vs Dillashaw
Jamie Varner,James Krause,James Krause,2014-05-24,KO/TKO,1,UFC 173: Barao vs Dillashaw
Takeya Mizugaki,Francisco Rivera,Takeya Mizugaki,2014-05-24,Decision - Unanimous,3,UFC 173: Barao vs Dillashaw
Tony Ferguson,Katsunori Kikuno,Tony Ferguson,2014-05-24,KO/TKO,1,UFC 173: Barao vs Dillashaw
Michael Chiesa,Francisco Trinaldo,Michael Chiesa,2014-05-24,Decision - Unanimous,3,UFC 173: Barao vs Dillashaw
Chris Holdsworth,Chico Camus,Chris Holdsworth,2014-05-24,Decision - Unanimous,3,UFC 173: Barao vs Dillashaw
Sam Sicilia,Aaron Phillips,Sam Sicilia,2014-05-24,Decision - Unanimous,3,UFC 173: Barao vs Dillashaw
Anthony Njokuani,Vinc Pichel,Vinc Pichel,2014-05-24,Decision - Unanimous,3,UFC 173: Barao vs Dillashaw
Al Iaquinta,Mitch Clarke,Mitch Clarke,2014-05-24,Submission,2,UFC 173: Barao vs Dillashaw
David Michaud,Li Jingliang,Li Jingliang,2014-05-24,Decision - Split,3,UFC 173: Barao vs Dillashaw
Rory MacDonald,Tyron Woodley,Rory MacDonald,2014-06-14,Decision - Unanimous,3,UFC 174: Johnson vs Bagautinov
Demetrious Johnson,Ali Bagautinov,Demetrious Johnson,2014-06-14,Decision - Unanimous,5,UFC 174: Johnson vs Bagautinov
Ryan Bader,Rafael Cavalcante,Ryan Bader,2014-06-14,Decision - Unanimous,3,UFC 174: Johnson vs Bagautinov
Andrei Arlovski,Brendan Schaub,Andrei Arlovski,2014-06-14,Decision - Split,3,UFC 174: Johnson vs Bagautinov
Ovince Saint Preux,Ryan Jimmo,Ovince Saint Preux,2014-06-14,KO/TKO,2,UFC 174: Johnson vs Bagautinov
Daniel Sarafian,Kiichi Kunimoto,Kiichi Kunimoto,2014-06-14,Submission,1,UFC 174: Johnson vs Bagautinov
Valerie Letourneau,Elizabeth Phillips,Valerie Letourneau,2014-06-14,Decision - Split,3,UFC 174: Johnson vs Bagautinov
Kajan Johnson,Tae Hyun Bang,Tae Hyun Bang,2014-06-14,KO/TKO,3,UFC 174: Johnson vs Bagautinov
Yves Jabouin,Mike Easton,Yves Jabouin,2014-06-14,Decision - Unanimous,3,UFC 174: Johnson vs Bagautinov
Roland Delorme,Michinori Tanaka,Michinori Tanaka,2014-06-14,Decision - Unanimous,3,UFC 174: Johnson vs Bagautinov
Jason Saggo,Josh Shockley,Jason Saggo,2014-06-14,KO/TKO,1,UFC 174: Johnson vs Bagautinov
Constantinos Philippou,Lorenz Larkin,Constantinos Philippou,2014-05-10,KO/TKO,1,UFC Fight Night: Brown vs Silva
Matt Brown,Erick Silva,Matt Brown,2014-05-10,KO/TKO,3,UFC Fight Night: Brown vs Silva
Neil Magny,Tim Means,Neil Magny,2014-05-10,Decision - Unanimous,3,UFC Fight Night: Brown vs Silva
Soa Palelei,Ruan Potts,Soa Palelei,2014-05-10,KO/TKO,1,UFC Fight Night: Brown vs Silva
Erik Koch,Daron Cruickshank,Daron Cruickshank,2014-05-10,KO/TKO,1,UFC Fight Night: Brown vs Silva
Chris Cariaso,Louis Smolka,Chris Cariaso,2014-05-10,Decision - Split,3,UFC Fight Night: Brown vs Silva
Ed Herman,Rafael Natal,Ed Herman,2014-05-10,Decision - Unanimous,3,UFC Fight Night: Brown vs Silva
Yan Cabral,Zak Cummings,Zak Cummings,2014-05-10,Decision - Unanimous,3,UFC Fight Night: Brown vs Silva
Kyoji Horiguchi,Darrell Montague,Kyoji Horiguchi,2014-05-10,Decision - Unanimous,3,UFC Fight Night: Brown vs Silva
Justin Salas,Ben Wall,Justin Salas,2014-05-10,KO/TKO,1,UFC Fight Night: Brown vs Silva
Manvel Gamburyan,Nik Lentz,Nik Lentz,2014-05-10,Decision - Unanimous,3,UFC Fight Night: Brown vs Silva
Eddie Wineland,Johnny Eduardo,Johnny Eduardo,2014-05-10,KO/TKO,1,UFC Fight Night: Brown vs Silva
Phil Davis,Anthony Johnson,Anthony Johnson,2014-04-26,Decision - Unanimous,3,UFC 172: Jones vs Teixeira
Anthony Lapsley,Albert Tumenov,Albert Tumenov,2014-05-10,KO/TKO,1,UFC Fight Night: Brown vs Silva
Jon Jones,Glover Teixeira,Jon Jones,2014-04-26,Decision - Unanimous,5,UFC 172: Jones vs Teixeira
Luke Rockhold,Tim Boetsch,Luke Rockhold,2014-04-26,Submission,1,UFC 172: Jones vs Teixeira
Max Holloway,Andre Fili,Max Holloway,2014-04-26,Submission,3,UFC 172: Jones vs Teixeira
Joseph Benavidez,Tim Elliott,Joseph Benavidez,2014-04-26,Submission,1,UFC 172: Jones vs Teixeira
Takanori Gomi,Isaac Vallie-Flagg,Takanori Gomi,2014-04-26,Decision - Unanimous,3,UFC 172: Jones vs Teixeira
Jim Miller,Yancy Medeiros,Jim Miller,2014-04-26,Submission,1,UFC 172: Jones vs Teixeira
Jessamyn Duke,Bethe Correia,Bethe Correia,2014-04-26,Decision - Unanimous,3,UFC 172: Jones vs Teixeira
Danny Castillo,Charlie Brenneman,Danny Castillo,2014-04-26,KO/TKO,2,UFC 172: Jones vs Teixeira
Michael Bisping,Tim Kennedy,Tim Kennedy,2014-04-16,Decision - Unanimous,5,UFC Fight Night: Bisping vs Kennedy
Chris Beal,Patrick Williams,Chris Beal,2014-04-26,KO/TKO,2,UFC 172: Jones vs Teixeira
Patrick Cote,Kyle Noke,Patrick Cote,2014-04-16,Decision - Unanimous,3,UFC Fight Night: Bisping vs Kennedy
Chad Laprise,Olivier Aubin-Mercier,Chad Laprise,2014-04-16,Decision - Split,3,UFC Fight Night: Bisping vs Kennedy
Sheldon Westcott,Elias Theodorou,Elias Theodorou,2014-04-16,KO/TKO,2,UFC Fight Night: Bisping vs Kennedy
Dustin Poirier,Akira Corassani,Dustin Poirier,2014-04-16,KO/TKO,2,UFC Fight Night: Bisping vs Kennedy
Sam Stout,KJ Noons,KJ Noons,2014-04-16,KO/TKO,1,UFC Fight Night: Bisping vs Kennedy
Ryan Jimmo,Sean O'Connell,Ryan Jimmo,2014-04-16,KO/TKO,1,UFC Fight Night: Bisping vs Kennedy
Sarah Kaufman,Leslie Smith,Sarah Kaufman,2014-04-16,Decision - Unanimous,3,UFC Fight Night: Bisping vs Kennedy
George Roop,Dustin Kimura,George Roop,2014-04-16,Decision - Unanimous,3,UFC Fight Night: Bisping vs Kennedy
Mark Bocek,Mike de la Torre,Mark Bocek,2014-04-16,Decision - Split,3,UFC Fight Night: Bisping vs Kennedy
Richard Walsh,Chris Indich,Richard Walsh,2014-04-16,Decision - Unanimous,3,UFC Fight Night: Bisping vs Kennedy
Nordine Taleb,Vik Grujic,Nordine Taleb,2014-04-16,Decision - Unanimous,3,UFC Fight Night: Bisping vs Kennedy
Mitch Gagnon,Tim Gorman,Mitch Gagnon,2014-04-16,Decision - Unanimous,3,UFC Fight Night: Bisping vs Kennedy
Antonio Rodrigo Nogueira,Roy Nelson,Roy Nelson,2014-04-11,KO/TKO,1,UFC Fight Night: Minotauro vs Nelson
John Howard,Ryan LaFlare,Ryan LaFlare,2014-04-11,Decision - Unanimous,3,UFC Fight Night: Minotauro vs Nelson
Clay Guida,Tatsuya Kawajiri,Clay Guida,2014-04-11,Decision - Unanimous,3,UFC Fight Night: Minotauro vs Nelson
Thales Leites,Trevor Smith,Thales Leites,2014-04-11,KO/TKO,1,UFC Fight Night: Minotauro vs Nelson
Ramsey Nijem,Beneil Dariush,Ramsey Nijem,2014-04-11,KO/TKO,1,UFC Fight Night: Minotauro vs Nelson
Jared Rosholt,Daniel Omielanczuk,Jared Rosholt,2014-04-11,Decision - Unanimous,3,UFC Fight Night: Minotauro vs Nelson
Alan Omer,Jim Alers,Jim Alers,2014-04-11,Decision - Split,3,UFC Fight Night: Minotauro vs Nelson
Miesha Tate,Liz Carmouche,Miesha Tate,2014-04-19,Decision - Unanimous,3,UFC on FOX: Werdum vs Browne
Donald Cerrone,Edson Barboza,Donald Cerrone,2014-04-19,Submission,1,UFC on FOX: Werdum vs Browne
Fabricio Werdum,Travis Browne,Fabricio Werdum,2014-04-19,Decision - Unanimous,5,UFC on FOX: Werdum vs Browne
Brad Tavares,Yoel Romero,Yoel Romero,2014-04-19,Decision - Unanimous,3,UFC on FOX: Werdum vs Browne
Jorge Masvidal,Pat Healy,Jorge Masvidal,2014-04-19,Decision - Unanimous,3,UFC on FOX: Werdum vs Browne
Thiago Alves,Seth Baczynski,Thiago Alves,2014-04-19,Decision - Unanimous,3,UFC on FOX: Werdum vs Browne
Rafael Dos Anjos,Khabib Nurmagomedov,Khabib Nurmagomedov,2014-04-19,Decision - Unanimous,3,UFC on FOX: Werdum vs Browne
Estevan Payan,Alex White,Alex White,2014-04-19,KO/TKO,1,UFC on FOX: Werdum vs Browne
Caio Magalhaes,Luke Zachrich,Caio Magalhaes,2014-04-19,KO/TKO,1,UFC on FOX: Werdum vs Browne
Dustin Ortiz,Ray Borg,Dustin Ortiz,2014-04-19,Decision - Split,3,UFC on FOX: Werdum vs Browne
Jordan Mein,Hernani Perpetuo,Jordan Mein,2014-04-19,Decision - Split,3,UFC on FOX: Werdum vs Browne
Derrick Lewis,Jack May,Derrick Lewis,2014-04-19,KO/TKO,1,UFC on FOX: Werdum vs Browne
Mirsad Bektic,Chas Skelly,Mirsad Bektic,2014-04-19,Decision - Majority,3,UFC on FOX: Werdum vs Browne
Mauricio Rua,Dan Henderson,Dan Henderson,2014-03-23,KO/TKO,3,UFC Fight Night: Shogun vs Henderson 2
Cezar Ferreira,CB Dollaway,CB Dollaway,2014-03-23,KO/TKO,1,UFC Fight Night: Shogun vs Henderson 2
Fabio Maldonado,Gian Villante,Fabio Maldonado,2014-03-23,Decision - Unanimous,3,UFC Fight Night: Shogun vs Henderson 2
Rony Jason,Steven Siler,Rony Jason,2014-03-23,KO/TKO,1,UFC Fight Night: Shogun vs Henderson 2
Michel Prazeres,Mairbek Taisumov,Michel Prazeres,2014-03-23,Decision - Unanimous,3,UFC Fight Night: Shogun vs Henderson 2
Jussier Formiga,Scott Jorgensen,Jussier Formiga,2014-03-23,Submission,1,UFC Fight Night: Shogun vs Henderson 2
Ronny Markes,Thiago Santos,Thiago Santos,2014-03-23,KO/TKO,1,UFC Fight Night: Shogun vs Henderson 2
Thiago Perpetuo,Kenny Robertson,Kenny Robertson,2014-03-23,Submission,1,UFC Fight Night: Shogun vs Henderson 2
Godofredo Pepey,Noad Lahat,Godofredo Pepey,2014-03-23,KO/TKO,1,UFC Fight Night: Shogun vs Henderson 2
Francimar Barroso,Hans Stringer,Hans Stringer,2014-03-23,Decision - Split,3,UFC Fight Night: Shogun vs Henderson 2
Dong Hyun Kim,John Hathaway,Dong Hyun Kim,2014-03-01,KO/TKO,3,UFC Fight Night: Kim vs Hathaway
Matt Mitrione,Shawn Jordan,Matt Mitrione,2014-03-01,KO/TKO,1,UFC Fight Night: Kim vs Hathaway
Sai Wang,Zhang Lipeng,Zhang Lipeng,2014-03-01,Decision - Split,3,UFC Fight Night: Kim vs Hathaway
Nam Phan,Vaughan Lee,Vaughan Lee,2014-03-01,Decision - Unanimous,3,UFC Fight Night: Kim vs Hathaway
Hatsu Hioki,Ivan Menjivar,Hatsu Hioki,2014-03-01,Decision - Unanimous,3,UFC Fight Night: Kim vs Hathaway
Kazuki Tokudome,Yui Chul Nam,Yui Chul Nam,2014-03-01,Decision - Split,3,UFC Fight Night: Kim vs Hathaway
Jumabieke Tuerxun,Mark Eddiva,Mark Eddiva,2014-03-01,Decision - Unanimous,3,UFC Fight Night: Kim vs Hathaway
Albert Cheng,Anying Wang,Anying Wang,2014-03-01,TKO - Doctor's Stoppage,1,UFC Fight Night: Kim vs Hathaway
Brad Pickett,Neil Seery,Brad Pickett,2014-03-08,Decision - Unanimous,3,UFC Fight Night: Gustafsson vs Manuwa
Alexander Gustafsson,Jimi Manuwa,Alexander Gustafsson,2014-03-08,KO/TKO,2,UFC Fight Night: Gustafsson vs Manuwa
Michael Johnson,Melvin Guillard,Michael Johnson,2014-03-08,Decision - Unanimous,3,UFC Fight Night: Gustafsson vs Manuwa
Gunnar Nelson,Omari Akhmedov,Gunnar Nelson,2014-03-08,Submission,1,UFC Fight Night: Gustafsson vs Manuwa
Cyrille Diabate,Ilir Latifi,Ilir Latifi,2014-03-08,Submission,1,UFC Fight Night: Gustafsson vs Manuwa
Luke Barnatt,Mats Nilsson,Luke Barnatt,2014-03-08,KO/TKO,1,UFC Fight Night: Gustafsson vs Manuwa
Igor Araujo,Danny Mitchell,Igor Araujo,2014-03-08,Decision - Unanimous,3,UFC Fight Night: Gustafsson vs Manuwa
Brad Scott,Claudio Silva,Claudio Silva,2014-03-08,Decision - Unanimous,3,UFC Fight Night: Gustafsson vs Manuwa
Johny Hendricks,Robbie Lawler,Johny Hendricks,2014-03-15,Decision - Unanimous,5,UFC 171: Hendricks vs Lawler
Diego Sanchez,Myles Jury,Myles Jury,2014-03-15,Decision - Unanimous,3,UFC 171: Hendricks vs Lawler
Carlos Condit,Tyron Woodley,Tyron Woodley,2014-03-15,KO/TKO,2,UFC 171: Hendricks vs Lawler
Ovince Saint Preux,Nikita Krylov,Ovince Saint Preux,2014-03-15,Submission,1,UFC 171: Hendricks vs Lawler
Kelvin Gastelum,Rick Story,Kelvin Gastelum,2014-03-15,Decision - Split,3,UFC 171: Hendricks vs Lawler
Jake Shields,Hector Lombard,Hector Lombard,2014-03-15,Decision - Unanimous,3,UFC 171: Hendricks vs Lawler
Raquel Pennington,Jessica Andrade,Jessica Andrade,2014-03-15,Decision - Split,3,UFC 171: Hendricks vs Lawler
Dennis Bermudez,Jimy Hettes,Dennis Bermudez,2014-03-15,KO/TKO,3,UFC 171: Hendricks vs Lawler
Sean Spencer,Alex Garcia,Alex Garcia,2014-03-15,Decision - Split,3,UFC 171: Hendricks vs Lawler
Renee Forte,Francisco Trevino,Francisco Trevino,2014-03-15,Decision - Unanimous,3,UFC 171: Hendricks vs Lawler
Robert McDaniel,Sean Strickland,Sean Strickland,2014-03-15,Submission,1,UFC 171: Hendricks vs Lawler
Will Campuzano,Justin Scoggins,Justin Scoggins,2014-03-15,Decision - Unanimous,3,UFC 171: Hendricks vs Lawler
Daniel Cormier,Patrick Cummins,Daniel Cormier,2014-02-22,KO/TKO,1,UFC 170: Rousey vs McMann
Ronda Rousey,Sara McMann,Ronda Rousey,2014-02-22,KO/TKO,1,UFC 170: Rousey vs McMann
Rory MacDonald,Demian Maia,Rory MacDonald,2014-02-22,Decision - Unanimous,3,UFC 170: Rousey vs McMann
Daniel Pineda,Robert Whiteford,Robert Whiteford,2014-03-15,Decision - Unanimous,3,UFC 171: Hendricks vs Lawler
Mike Pyle,TJ Waldburger,Mike Pyle,2014-02-22,KO/TKO,3,UFC 170: Rousey vs McMann
Robert Whittaker,Stephen Thompson,Stephen Thompson,2014-02-22,KO/TKO,1,UFC 170: Rousey vs McMann
Alexis Davis,Jessica Eye,Alexis Davis,2014-02-22,Decision - Split,3,UFC 170: Rousey vs McMann
Raphael Assuncao,Pedro Munhoz,Raphael Assuncao,2014-02-22,Decision - Unanimous,3,UFC 170: Rousey vs McMann
Zach Makovsky,Josh Sampo,Zach Makovsky,2014-02-22,Decision - Unanimous,3,UFC 170: Rousey vs McMann
Cody Gibson,Aljamain Sterling,Aljamain Sterling,2014-02-22,Decision - Unanimous,3,UFC 170: Rousey vs McMann
Ernest Chavez,Yosdenis Cedeno,Ernest Chavez,2014-02-22,Decision - Split,3,UFC 170: Rousey vs McMann
Rafaello Oliveira,Erik Koch,Erik Koch,2014-02-22,KO/TKO,1,UFC 170: Rousey vs McMann
Lyoto Machida,Gegard Mousasi,Lyoto Machida,2014-02-15,Decision - Unanimous,5,UFC Fight Night: Machida vs Mousasi
Erick Silva,Takenori Sato,Erick Silva,2014-02-15,KO/TKO,1,UFC Fight Night: Machida vs Mousasi
Jacare Souza,Francis Carmont,Jacare Souza,2014-02-15,Decision - Unanimous,3,UFC Fight Night: Machida vs Mousasi
Charles Oliveira,Andy Ogle,Charles Oliveira,2014-02-15,Submission,3,UFC Fight Night: Machida vs Mousasi
Viscardi Andrade,Nicholas Musoke,Nicholas Musoke,2014-02-15,Decision - Unanimous,3,UFC Fight Night: Machida vs Mousasi
Francisco Trinaldo,Jesse Ronson,Francisco Trinaldo,2014-02-15,Decision - Split,3,UFC Fight Night: Machida vs Mousasi
Cristiano Marcello,Joe Proctor,Joe Proctor,2014-02-15,Decision - Unanimous,3,UFC Fight Night: Machida vs Mousasi
Felipe Arantes,Maximo Blanco,Felipe Arantes,2014-02-15,Decision - Unanimous,3,UFC Fight Night: Machida vs Mousasi
Rodrigo Damm,Ivan Jorge,Rodrigo Damm,2014-02-15,Decision - Unanimous,3,UFC Fight Night: Machida vs Mousasi
Iuri Alcantara,Wilson Reis,Iuri Alcantara,2014-02-15,Decision - Split,3,UFC Fight Night: Machida vs Mousasi
Ildemar Alcantara,Albert Tumenov,Ildemar Alcantara,2014-02-15,Decision - Split,3,UFC Fight Night: Machida vs Mousasi
Douglas Silva de Andrade,Zubaira Tukhugov,Zubaira Tukhugov,2014-02-15,Decision - Unanimous,3,UFC Fight Night: Machida vs Mousasi
Jose Aldo,Ricardo Lamas,Jose Aldo,2014-02-01,Decision - Unanimous,5,UFC 169: Barao vs Faber 2
Renan Barao,Urijah Faber,Renan Barao,2014-02-01,KO/TKO,1,UFC 169: Barao vs Faber 2
John Lineker,Ali Bagautinov,Ali Bagautinov,2014-02-01,Decision - Unanimous,3,UFC 169: Barao vs Faber 2
Jamie Varner,Abel Trujillo,Abel Trujillo,2014-02-01,KO/TKO,2,UFC 169: Barao vs Faber 2
Frank Mir,Alistair Overeem,Alistair Overeem,2014-02-01,Decision - Unanimous,3,UFC 169: Barao vs Faber 2
Chris Cariaso,Danny Martinez,Chris Cariaso,2014-02-01,Decision - Unanimous,3,UFC 169: Barao vs Faber 2
Al Iaquinta,Kevin Lee,Al Iaquinta,2014-02-01,Decision - Unanimous,3,UFC 169: Barao vs Faber 2
Clint Hester,Andy Enz,Clint Hester,2014-02-01,Decision - Unanimous,3,UFC 169: Barao vs Faber 2
Anthony Rocco Martin,Rashid Magomedov,Rashid Magomedov,2014-02-01,Decision - Unanimous,3,UFC 169: Barao vs Faber 2
John Makdessi,Alan Patrick,Alan Patrick,2014-02-01,Decision - Unanimous,3,UFC 169: Barao vs Faber 2
Neil Magny,Gasan Umalatov,Neil Magny,2014-02-01,Decision - Unanimous,3,UFC 169: Barao vs Faber 2
Lorenz Larkin,Brad Tavares,Brad Tavares,2014-01-15,Decision - Unanimous,3,UFC Fight Night: Rockhold vs Philippou
Nick Catone,Tom Watson,Nick Catone,2014-02-01,Decision - Split,3,UFC 169: Barao vs Faber 2
Yoel Romero,Derek Brunson,Yoel Romero,2014-01-15,KO/TKO,3,UFC Fight Night: Rockhold vs Philippou
Luke Rockhold,Constantinos Philippou,Luke Rockhold,2014-01-15,KO/TKO,1,UFC Fight Night: Rockhold vs Philippou
TJ Dillashaw,Mike Easton,TJ Dillashaw,2014-01-15,Decision - Unanimous,3,UFC Fight Night: Rockhold vs Philippou
John Moraga,Dustin Ortiz,John Moraga,2014-01-15,Decision - Split,3,UFC Fight Night: Rockhold vs Philippou
Cole Miller,Sam Sicilia,Cole Miller,2014-01-15,Submission,2,UFC Fight Night: Rockhold vs Philippou
Ramsey Nijem,Justin Edwards,Ramsey Nijem,2014-01-15,Decision - Unanimous,3,UFC Fight Night: Rockhold vs Philippou
Isaac Vallie-Flagg,Elias Silverio,Elias Silverio,2014-01-15,Decision - Unanimous,3,UFC Fight Night: Rockhold vs Philippou
Trevor Smith,Brian Houston,Trevor Smith,2014-01-15,Decision - Split,3,UFC Fight Night: Rockhold vs Philippou
Vinc Pichel,Garett Whiteley,Vinc Pichel,2014-01-15,Decision - Unanimous,3,UFC Fight Night: Rockhold vs Philippou
Alptekin Ozkilic,Louis Smolka,Louis Smolka,2014-01-15,Decision - Unanimous,3,UFC Fight Night: Rockhold vs Philippou
Charlie Brenneman,Beneil Dariush,Beneil Dariush,2014-01-15,Submission,1,UFC Fight Night: Rockhold vs Philippou
Benson Henderson,Josh Thomson,Benson Henderson,2014-01-25,Decision - Split,5,UFC on FOX: Henderson vs Thomson
Donald Cerrone,Adriano Martins,Donald Cerrone,2014-01-25,KO/TKO,1,UFC on FOX: Henderson vs Thomson
Stipe Miocic,Gabriel Gonzaga,Stipe Miocic,2014-01-25,Decision - Unanimous,3,UFC on FOX: Henderson vs Thomson
Eddie Wineland,Yves Jabouin,Eddie Wineland,2014-01-25,KO/TKO,2,UFC on FOX: Henderson vs Thomson
Darren Elkins,Jeremy Stephens,Jeremy Stephens,2014-01-25,Decision - Unanimous,3,UFC on FOX: Henderson vs Thomson
Ramiro Hernandez,Hugo Viana,Hugo Viana,2014-01-25,Decision - Unanimous,3,UFC on FOX: Henderson vs Thomson
Alex Caceres,Sergio Pettis,Alex Caceres,2014-01-25,Submission,3,UFC on FOX: Henderson vs Thomson
Daron Cruickshank,Mike Rio,Daron Cruickshank,2014-01-25,KO/TKO,2,UFC on FOX: Henderson vs Thomson
Walt Harris,Nikita Krylov,Nikita Krylov,2014-01-25,KO/TKO,1,UFC on FOX: Henderson vs Thomson
Tatsuya Kawajiri,Sean Soriano,Tatsuya Kawajiri,2014-01-04,Submission,2,UFC Fight Night: Saffiedine vs Lim
George Sullivan,Mike Rhodes,George Sullivan,2014-01-25,Decision - Unanimous,3,UFC on FOX: Henderson vs Thomson
Tarec Saffiedine,Hyun Gyu Lim,Tarec Saffiedine,2014-01-04,Decision - Unanimous,5,UFC Fight Night: Saffiedine vs Lim
Kyung Ho Kang,Shunichi Shimizu,Kyung Ho Kang,2014-01-04,Submission,3,UFC Fight Night: Saffiedine vs Lim
Max Holloway,Will Chope,Max Holloway,2014-01-04,KO/TKO,2,UFC Fight Night: Saffiedine vs Lim
Kiichi Kunimoto,Luiz Dutra,Kiichi Kunimoto,2014-01-04,DQ,1,UFC Fight Night: Saffiedine vs Lim
Katsunori Kikuno,Quinn Mulhern,Katsunori Kikuno,2014-01-04,Decision - Unanimous,3,UFC Fight Night: Saffiedine vs Lim
Mairbek Taisumov,Tae Hyun Bang,Mairbek Taisumov,2014-01-04,Decision - Unanimous,3,UFC Fight Night: Saffiedine vs Lim
Leandro Issa,Russell Doane,Russell Doane,2014-01-04,Submission,2,UFC Fight Night: Saffiedine vs Lim
Royston Wee,Dave Galera,Royston Wee,2014-01-04,Decision - Unanimous,3,UFC Fight Night: Saffiedine vs Lim
Demetrious Johnson,Joseph Benavidez,Demetrious Johnson,2013-12-14,KO/TKO,1,UFC on FOX: Johnson vs. Benavidez 2
Dustin Kimura,Jon Delos Reyes,Dustin Kimura,2014-01-04,Submission,1,UFC Fight Night: Saffiedine vs Lim
Urijah Faber,Michael McDonald,Urijah Faber,2013-12-14,Submission,2,UFC on FOX: Johnson vs. Benavidez 2
Chad Mendes,Nik Lentz,Chad Mendes,2013-12-14,Decision - Unanimous,3,UFC on FOX: Johnson vs. Benavidez 2
Joe Lauzon,Mac Danzig,Joe Lauzon,2013-12-14,Decision - Unanimous,3,UFC on FOX: Johnson vs. Benavidez 2
Court McGee,Ryan LaFlare,Ryan LaFlare,2013-12-14,Decision - Unanimous,3,UFC on FOX: Johnson vs. Benavidez 2
King Green,Pat Healy,King Green,2013-12-14,Decision - Unanimous,3,UFC on FOX: Johnson vs. Benavidez 2
Scott Jorgensen,Zach Makovsky,Zach Makovsky,2013-12-14,Decision - Unanimous,3,UFC on FOX: Johnson vs. Benavidez 2
Danny Castillo,Edson Barboza,Edson Barboza,2013-12-14,Decision - Majority,3,UFC on FOX: Johnson vs. Benavidez 2
Sam Stout,Cody McKenzie,Sam Stout,2013-12-14,Decision - Unanimous,3,UFC on FOX: Johnson vs. Benavidez 2
Abel Trujillo,Roger Bowling,Abel Trujillo,2013-12-14,KO/TKO,2,UFC on FOX: Johnson vs. Benavidez 2
Darren Uyenoyama,Alptekin Ozkilic,Alptekin Ozkilic,2013-12-14,Decision - Split,3,UFC on FOX: Johnson vs. Benavidez 2
Josh Barnett,Travis Browne,Travis Browne,2013-12-28,KO/TKO,1,UFC 168: Weidman vs Silva 2
Ronda Rousey,Miesha Tate,Ronda Rousey,2013-12-28,Submission,3,UFC 168: Weidman vs Silva 2
Dustin Poirier,Diego Brandao,Dustin Poirier,2013-12-28,KO/TKO,1,UFC 168: Weidman vs Silva 2
Chris Weidman,Anderson Silva,Chris Weidman,2013-12-28,KO/TKO,2,UFC 168: Weidman vs Silva 2
Jim Miller,Fabricio Camoes,Jim Miller,2013-12-28,Submission,1,UFC 168: Weidman vs Silva 2
Gleison Tibau,Michael Johnson,Michael Johnson,2013-12-28,KO/TKO,2,UFC 168: Weidman vs Silva 2
Chris Leben,Uriah Hall,Uriah Hall,2013-12-28,TKO - Doctor's Stoppage,1,UFC 168: Weidman vs Silva 2
John Howard,Siyar Bahadurzada,John Howard,2013-12-28,Decision - Unanimous,3,UFC 168: Weidman vs Silva 2
William Macario,Bobby Voelker,William Macario,2013-12-28,Decision - Unanimous,3,UFC 168: Weidman vs Silva 2
Mauricio Rua,James Te Huna,Mauricio Rua,2013-12-06,KO/TKO,1,UFC Fight Night: Hunt vs Bigfoot
Robert Peralta,Estevan Payan,Robert Peralta,2013-12-28,KO/TKO,3,UFC 168: Weidman vs Silva 2
Ryan Bader,Anthony Perosh,Ryan Bader,2013-12-06,Decision - Unanimous,3,UFC Fight Night: Hunt vs Bigfoot
Pat Barry,Soa Palelei,Soa Palelei,2013-12-06,KO/TKO,1,UFC Fight Night: Hunt vs Bigfoot
Dylan Andrews,Clint Hester,Clint Hester,2013-12-06,TKO - Doctor's Stoppage,2,UFC Fight Night: Hunt vs Bigfoot
Julie Kedzie,Bethe Correia,Bethe Correia,2013-12-06,Decision - Split,3,UFC Fight Night: Hunt vs Bigfoot
Takeya Mizugaki,Nam Phan,Takeya Mizugaki,2013-12-06,Decision - Unanimous,3,UFC Fight Night: Hunt vs Bigfoot
Nick Ring,Caio Magalhaes,Caio Magalhaes,2013-12-06,Decision - Unanimous,3,UFC Fight Night: Hunt vs Bigfoot
Richie Vaculik,Justin Scoggins,Justin Scoggins,2013-12-06,KO/TKO,1,UFC Fight Night: Hunt vs Bigfoot
Ben Wall,Alex Garcia,Alex Garcia,2013-12-06,KO/TKO,1,UFC Fight Night: Hunt vs Bigfoot
Bruno Santos,Krzysztof Jotko,Krzysztof Jotko,2013-12-06,Decision - Unanimous,3,UFC Fight Night: Hunt vs Bigfoot
Chris Holdsworth,Davey Grant,Chris Holdsworth,2013-11-30,Submission,2,The Ultimate Fighter: Team Rousey vs. Team Tate Finale
Julianna Pena,Jessica Rakoczy,Julianna Pena,2013-11-30,KO/TKO,1,The Ultimate Fighter: Team Rousey vs. Team Tate Finale
Gray Maynard,Nate Diaz,Nate Diaz,2013-11-30,KO/TKO,1,The Ultimate Fighter: Team Rousey vs. Team Tate Finale
Jessamyn Duke,Peggy Morgan,Jessamyn Duke,2013-11-30,Decision - Unanimous,3,The Ultimate Fighter: Team Rousey vs. Team Tate Finale
Roxanne Modafferi,Raquel Pennington,Raquel Pennington,2013-11-30,Decision - Unanimous,3,The Ultimate Fighter: Team Rousey vs. Team Tate Finale
Akira Corassani,Maximo Blanco,Akira Corassani,2013-11-30,DQ,1,The Ultimate Fighter: Team Rousey vs. Team Tate Finale
Jared Rosholt,Walt Harris,Jared Rosholt,2013-11-30,Decision - Unanimous,3,The Ultimate Fighter: Team Rousey vs. Team Tate Finale
Sean Spencer,Drew Dober,Sean Spencer,2013-11-30,Decision - Unanimous,3,The Ultimate Fighter: Team Rousey vs. Team Tate Finale
Rani Yahya,Tom Niinimaki,Tom Niinimaki,2013-11-30,Decision - Split,3,The Ultimate Fighter: Team Rousey vs. Team Tate Finale
Josh Sampo,Ryan Benoit,Josh Sampo,2013-11-30,Submission,2,The Ultimate Fighter: Team Rousey vs. Team Tate Finale
Georges St-Pierre,Johny Hendricks,Georges St-Pierre,2013-11-16,Decision - Split,5,UFC 167: St-Pierre vs Hendricks
Rashad Evans,Chael Sonnen,Rashad Evans,2013-11-16,KO/TKO,1,UFC 167: St-Pierre vs Hendricks
Rory MacDonald,Robbie Lawler,Robbie Lawler,2013-11-16,Decision - Split,3,UFC 167: St-Pierre vs Hendricks
Donald Cerrone,Evan Dunham,Donald Cerrone,2013-11-16,Submission,2,UFC 167: St-Pierre vs Hendricks
Josh Koscheck,Tyron Woodley,Tyron Woodley,2013-11-16,KO/TKO,1,UFC 167: St-Pierre vs Hendricks
Tim Elliott,Ali Bagautinov,Ali Bagautinov,2013-11-16,Decision - Unanimous,3,UFC 167: St-Pierre vs Hendricks
Ed Herman,Thales Leites,Thales Leites,2013-11-16,Decision - Unanimous,3,UFC 167: St-Pierre vs Hendricks
Erik Perez,Edwin Figueroa,Erik Perez,2013-11-16,Decision - Unanimous,3,UFC 167: St-Pierre vs Hendricks
Brian Ebersole,Rick Story,Rick Story,2013-11-16,Decision - Unanimous,3,UFC 167: St-Pierre vs Hendricks
Cody Donovan,Gian Villante,Gian Villante,2013-11-16,KO/TKO,2,UFC 167: St-Pierre vs Hendricks
Will Campuzano,Sergio Pettis,Sergio Pettis,2013-11-16,Decision - Unanimous,3,UFC 167: St-Pierre vs Hendricks
Jason High,Anthony Lapsley,Jason High,2013-11-16,Decision - Unanimous,3,UFC 167: St-Pierre vs Hendricks
Rafael Cavalcante,Igor Pokrajac,Rafael Cavalcante,2013-11-09,KO/TKO,1,UFC Fight Night: Belfort vs Henderson 2
Cezar Ferreira,Daniel Sarafian,Cezar Ferreira,2013-11-09,Decision - Split,3,UFC Fight Night: Belfort vs Henderson 2
Vitor Belfort,Dan Henderson,Vitor Belfort,2013-11-09,KO/TKO,1,UFC Fight Night: Belfort vs Henderson 2
Santiago Ponzinibbio,Ryan LaFlare,Ryan LaFlare,2013-11-09,Decision - Unanimous,3,UFC Fight Night: Belfort vs Henderson 2
Rony Jason,Jeremy Stephens,Jeremy Stephens,2013-11-09,KO/TKO,1,UFC Fight Night: Belfort vs Henderson 2
Paulo Thiago,Brandon Thatch,Brandon Thatch,2013-11-09,KO/TKO,1,UFC Fight Night: Belfort vs Henderson 2
Godofredo Pepey,Sam Sicilia,Sam Sicilia,2013-11-09,KO/TKO,1,UFC Fight Night: Belfort vs Henderson 2
Thiago Perpetuo,Omari Akhmedov,Omari Akhmedov,2013-11-09,KO/TKO,1,UFC Fight Night: Belfort vs Henderson 2
Thiago Tavares,Justin Salas,Thiago Tavares,2013-11-09,Submission,1,UFC Fight Night: Belfort vs Henderson 2
Adriano Martins,Daron Cruickshank,Adriano Martins,2013-11-09,Submission,2,UFC Fight Night: Belfort vs Henderson 2
Liz Carmouche,Alexis Davis,Alexis Davis,2013-11-06,Decision - Unanimous,3,UFC Fight Night: Fight for the Troops 3
Tim Kennedy,Rafael Natal,Tim Kennedy,2013-11-06,KO/TKO,1,UFC Fight Night: Fight for the Troops 3
Jose Maria,Dustin Ortiz,Dustin Ortiz,2013-11-09,KO/TKO,3,UFC Fight Night: Belfort vs Henderson 2
Ronny Markes,Yoel Romero,Yoel Romero,2013-11-06,KO/TKO,3,UFC Fight Night: Fight for the Troops 3
Colton Smith,Michael Chiesa,Michael Chiesa,2013-11-06,Submission,2,UFC Fight Night: Fight for the Troops 3
Jorge Masvidal,Rustam Khabilov,Rustam Khabilov,2013-11-06,Decision - Unanimous,3,UFC Fight Night: Fight for the Troops 3
George Roop,Francisco Rivera,Francisco Rivera,2013-11-06,KO/TKO,2,UFC Fight Night: Fight for the Troops 3
King Green,James Krause,King Green,2013-11-06,KO/TKO,1,UFC Fight Night: Fight for the Troops 3
Dennis Bermudez,Steven Siler,Dennis Bermudez,2013-11-06,Decision - Unanimous,3,UFC Fight Night: Fight for the Troops 3
Chris Camozzi,Lorenz Larkin,Lorenz Larkin,2013-11-06,Decision - Unanimous,3,UFC Fight Night: Fight for the Troops 3
Amanda Nunes,Germaine de Randamie,Amanda Nunes,2013-11-06,KO/TKO,1,UFC Fight Night: Fight for the Troops 3
Neil Magny,Seth Baczynski,Seth Baczynski,2013-11-06,Decision - Unanimous,3,UFC Fight Night: Fight for the Troops 3
Derek Brunson,Brian Houston,Derek Brunson,2013-11-06,Submission,1,UFC Fight Night: Fight for the Troops 3
Daniel Cormier,Roy Nelson,Daniel Cormier,2013-10-19,Decision - Unanimous,3,UFC 166: Velasquez vs Dos Santos 3
Cain Velasquez,Junior Dos Santos,Cain Velasquez,2013-10-19,KO/TKO,5,UFC 166: Velasquez vs Dos Santos 3
John Dodson,Darrell Montague,John Dodson,2013-10-19,KO/TKO,1,UFC 166: Velasquez vs Dos Santos 3
Gabriel Gonzaga,Shawn Jordan,Gabriel Gonzaga,2013-10-19,KO/TKO,1,UFC 166: Velasquez vs Dos Santos 3
Gilbert Melendez,Diego Sanchez,Gilbert Melendez,2013-10-19,Decision - Unanimous,3,UFC 166: Velasquez vs Dos Santos 3
Nate Marquardt,Hector Lombard,Hector Lombard,2013-10-19,KO/TKO,1,UFC 166: Velasquez vs Dos Santos 3
Tim Boetsch,CB Dollaway,Tim Boetsch,2013-10-19,Decision - Split,3,UFC 166: Velasquez vs Dos Santos 3
George Sotiropoulos,KJ Noons,KJ Noons,2013-10-19,Decision - Unanimous,3,UFC 166: Velasquez vs Dos Santos 3
TJ Waldburger,Adlan Amagov,Adlan Amagov,2013-10-19,KO/TKO,1,UFC 166: Velasquez vs Dos Santos 3
Tony Ferguson,Mike Rio,Tony Ferguson,2013-10-19,Submission,1,UFC 166: Velasquez vs Dos Santos 3
Lyoto Machida,Mark Munoz,Lyoto Machida,2013-10-26,KO/TKO,1,UFC Fight Night: Machida vs Munoz
Jeremy Larsen,Andre Fili,Andre Fili,2013-10-19,KO/TKO,2,UFC 166: Velasquez vs Dos Santos 3
Dustin Pague,Kyoji Horiguchi,Kyoji Horiguchi,2013-10-19,KO/TKO,2,UFC 166: Velasquez vs Dos Santos 3
Jimi Manuwa,Ryan Jimmo,Jimi Manuwa,2013-10-26,KO/TKO,2,UFC Fight Night: Machida vs Munoz
Norman Parke,Jon Tuck,Norman Parke,2013-10-26,Decision - Unanimous,3,UFC Fight Night: Machida vs Munoz
Alessio Sakara,Nicholas Musoke,Nicholas Musoke,2013-10-26,Submission,1,UFC Fight Night: Machida vs Munoz
Phil Harris,John Lineker,John Lineker,2013-10-26,KO/TKO,1,UFC Fight Night: Machida vs Munoz
Al Iaquinta,Piotr Hallmann,Al Iaquinta,2013-10-26,Decision - Unanimous,3,UFC Fight Night: Machida vs Munoz
Luke Barnatt,Andrew Craig,Luke Barnatt,2013-10-26,Submission,2,UFC Fight Night: Machida vs Munoz
Andy Ogle,Cole Miller,Cole Miller,2013-10-26,Decision - Unanimous,3,UFC Fight Night: Machida vs Munoz
Rosi Sexton,Jessica Andrade,Jessica Andrade,2013-10-26,Decision - Unanimous,3,UFC Fight Night: Machida vs Munoz
Jimy Hettes,Robert Whiteford,Jimy Hettes,2013-10-26,Submission,2,UFC Fight Night: Machida vs Munoz
Demian Maia,Jake Shields,Jake Shields,2013-10-09,Decision - Split,5,UFC Fight Night: Maia vs Shields
Brad Scott,Michael Kuiper,Brad Scott,2013-10-26,Submission,1,UFC Fight Night: Machida vs Munoz
Erick Silva,Dong Hyun Kim,Dong Hyun Kim,2013-10-09,KO/TKO,2,UFC Fight Night: Maia vs Shields
Thiago Silva,Matt Hamill,Thiago Silva,2013-10-09,Decision - Unanimous,3,UFC Fight Night: Maia vs Shields
Fabio Maldonado,Joey Beltran,Fabio Maldonado,2013-10-09,Decision - Split,3,UFC Fight Night: Maia vs Shields
Rousimar Palhares,Mike Pierce,Rousimar Palhares,2013-10-09,Submission,1,UFC Fight Night: Maia vs Shields
Ildemar Alcantara,Igor Araujo,Igor Araujo,2013-10-09,Decision - Unanimous,3,UFC Fight Night: Maia vs Shields
Yan Cabral,David Mitchell,Yan Cabral,2013-10-09,Decision - Unanimous,3,UFC Fight Night: Maia vs Shields
Raphael Assuncao,TJ Dillashaw,Raphael Assuncao,2013-10-09,Decision - Split,3,UFC Fight Night: Maia vs Shields
Alan Patrick,Garett Whiteley,Alan Patrick,2013-10-09,KO/TKO,1,UFC Fight Night: Maia vs Shields
Jon Jones,Alexander Gustafsson,Jon Jones,2013-09-21,Decision - Unanimous,5,UFC 165: Jones vs Gustafsson
Iliarde Santos,Chris Cariaso,Chris Cariaso,2013-10-09,KO/TKO,2,UFC Fight Night: Maia vs Shields
Renan Barao,Eddie Wineland,Renan Barao,2013-09-21,KO/TKO,2,UFC 165: Jones vs Gustafsson
Constantinos Philippou,Francis Carmont,Francis Carmont,2013-09-21,Decision - Unanimous,3,UFC 165: Jones vs Gustafsson
Pat Healy,Khabib Nurmagomedov,Khabib Nurmagomedov,2013-09-21,Decision - Unanimous,3,UFC 165: Jones vs Gustafsson
Brendan Schaub,Matt Mitrione,Brendan Schaub,2013-09-21,Submission,1,UFC 165: Jones vs Gustafsson
Mike Ricci,Myles Jury,Myles Jury,2013-09-21,Decision - Split,3,UFC 165: Jones vs Gustafsson
Ivan Menjivar,Wilson Reis,Wilson Reis,2013-09-21,Decision - Unanimous,3,UFC 165: Jones vs Gustafsson
Chris Clements,Stephen Thompson,Stephen Thompson,2013-09-21,KO/TKO,2,UFC 165: Jones vs Gustafsson
Mitch Gagnon,Dustin Kimura,Mitch Gagnon,2013-09-21,Submission,1,UFC 165: Jones vs Gustafsson
John Makdessi,Renee Forte,John Makdessi,2013-09-21,KO/TKO,1,UFC 165: Jones vs Gustafsson
Michel Prazeres,Jesse Ronson,Michel Prazeres,2013-09-21,Decision - Split,3,UFC 165: Jones vs Gustafsson
Nandor Guelmino,Daniel Omielanczuk,Daniel Omielanczuk,2013-09-21,KO/TKO,3,UFC 165: Jones vs Gustafsson
Roland Delorme,Alex Caceres,Alex Caceres,2013-09-21,Decision - Split,3,UFC 165: Jones vs Gustafsson
Yushin Okami,Jacare Souza,Jacare Souza,2013-09-04,KO/TKO,1,UFC Fight Night: Teixeira vs Bader
Glover Teixeira,Ryan Bader,Glover Teixeira,2013-09-04,KO/TKO,1,UFC Fight Night: Teixeira vs Bader
Joseph Benavidez,Jussier Formiga,Joseph Benavidez,2013-09-04,KO/TKO,1,UFC Fight Night: Teixeira vs Bader
Francisco Trinaldo,Piotr Hallmann,Piotr Hallmann,2013-09-04,Submission,2,UFC Fight Night: Teixeira vs Bader
Rafael Natal,Tor Troeng,Rafael Natal,2013-09-04,Decision - Unanimous,3,UFC Fight Night: Teixeira vs Bader
Marcos Vinicius,Ali Bagautinov,Ali Bagautinov,2013-09-04,KO/TKO,3,UFC Fight Night: Teixeira vs Bader
Felipe Arantes,Edimilson Souza,Edimilson Souza,2013-09-04,Decision - Split,3,UFC Fight Night: Teixeira vs Bader
Lucas Martins,Ramiro Hernandez,Lucas Martins,2013-09-04,Submission,1,UFC Fight Night: Teixeira vs Bader
Joao Zeferino,Elias Silverio,Elias Silverio,2013-09-04,Decision - Unanimous,3,UFC Fight Night: Teixeira vs Bader
Keith Wisniewski,Ivan Jorge,Ivan Jorge,2013-09-04,Decision - Unanimous,3,UFC Fight Night: Teixeira vs Bader
Yuri Villefort,Sean Spencer,Sean Spencer,2013-09-04,Decision - Split,3,UFC Fight Night: Teixeira vs Bader
Frank Mir,Josh Barnett,Josh Barnett,2013-08-31,KO/TKO,1,UFC 164: Henderson vs Pettis 2
Benson Henderson,Anthony Pettis,Anthony Pettis,2013-08-31,Submission,1,UFC 164: Henderson vs Pettis 2
Chad Mendes,Clay Guida,Chad Mendes,2013-08-31,KO/TKO,3,UFC 164: Henderson vs Pettis 2
Erik Koch,Dustin Poirier,Dustin Poirier,2013-08-31,Decision - Unanimous,3,UFC 164: Henderson vs Pettis 2
Jamie Varner,Gleison Tibau,Gleison Tibau,2013-08-31,Decision - Split,3,UFC 164: Henderson vs Pettis 2
Ben Rothwell,Brandon Vera,Ben Rothwell,2013-08-31,KO/TKO,3,UFC 164: Henderson vs Pettis 2
Louis Gaudinot,Tim Elliott,Tim Elliott,2013-08-31,Decision - Unanimous,3,UFC 164: Henderson vs Pettis 2
Pascal Krauss,Hyun Gyu Lim,Hyun Gyu Lim,2013-08-31,KO/TKO,1,UFC 164: Henderson vs Pettis 2
Chico Camus,Kyung Ho Kang,Chico Camus,2013-08-31,Decision - Unanimous,3,UFC 164: Henderson vs Pettis 2
Jared Hamman,Magnus Cedenblad,Magnus Cedenblad,2013-08-31,Submission,1,UFC 164: Henderson vs Pettis 2
Ryan Couture,Al Iaquinta,Al Iaquinta,2013-08-31,Decision - Unanimous,3,UFC 164: Henderson vs Pettis 2
Soa Palelei,Nikita Krylov,Soa Palelei,2013-08-31,KO/TKO,3,UFC 164: Henderson vs Pettis 2
Carlos Condit,Martin Kampmann,Carlos Condit,2013-08-28,KO/TKO,4,UFC Fight Night: Condit vs Kampmann 2
Donald Cerrone,Rafael Dos Anjos,Rafael Dos Anjos,2013-08-28,Decision - Unanimous,3,UFC Fight Night: Condit vs Kampmann 2
Kelvin Gastelum,Brian Melancon,Kelvin Gastelum,2013-08-28,Submission,1,UFC Fight Night: Condit vs Kampmann 2
Takeya Mizugaki,Erik Perez,Takeya Mizugaki,2013-08-28,Decision - Split,3,UFC Fight Night: Condit vs Kampmann 2
Court McGee,Robert Whittaker,Court McGee,2013-08-28,Decision - Split,3,UFC Fight Night: Condit vs Kampmann 2
Brad Tavares,Robert McDaniel,Brad Tavares,2013-08-28,Decision - Unanimous,3,UFC Fight Night: Condit vs Kampmann 2
Justin Edwards,Brandon Thatch,Brandon Thatch,2013-08-28,KO/TKO,1,UFC Fight Night: Condit vs Kampmann 2
Dylan Andrews,Papy Abedi,Dylan Andrews,2013-08-28,KO/TKO,3,UFC Fight Night: Condit vs Kampmann 2
Darren Elkins,Hatsu Hioki,Darren Elkins,2013-08-28,Decision - Unanimous,3,UFC Fight Night: Condit vs Kampmann 2
James Head,Jason High,Jason High,2013-08-28,Submission,1,UFC Fight Night: Condit vs Kampmann 2
Zak Cummings,Ben Alloway,Zak Cummings,2013-08-28,Submission,1,UFC Fight Night: Condit vs Kampmann 2
Cezar Ferreira,Thiago Santos,Cezar Ferreira,2013-08-03,Submission,1,UFC 163: Aldo vs Jung
Lyoto Machida,Phil Davis,Phil Davis,2013-08-03,Decision - Unanimous,3,UFC 163: Aldo vs Jung
Jose Aldo,Chan Sung Jung,Jose Aldo,2013-08-03,KO/TKO,4,UFC 163: Aldo vs Jung
Thales Leites,Tom Watson,Thales Leites,2013-08-03,Decision - Unanimous,3,UFC 163: Aldo vs Jung
John Lineker,Jose Maria,John Lineker,2013-08-03,KO/TKO,2,UFC 163: Aldo vs Jung
Vinny Magalhaes,Anthony Perosh,Anthony Perosh,2013-08-03,KO/TKO,1,UFC 163: Aldo vs Jung
Amanda Nunes,Sheila Gaff,Amanda Nunes,2013-08-03,KO/TKO,1,UFC 163: Aldo vs Jung
Ian McCall,Iliarde Santos,Ian McCall,2013-08-03,Decision - Unanimous,3,UFC 163: Aldo vs Jung
Sergio Moraes,Neil Magny,Sergio Moraes,2013-08-03,Submission,1,UFC 163: Aldo vs Jung
Rani Yahya,Josh Clopton,Rani Yahya,2013-08-03,Decision - Unanimous,3,UFC 163: Aldo vs Jung
Mauricio Rua,Chael Sonnen,Chael Sonnen,2013-08-17,Submission,1,UFC Fight Night: Shogun vs Sonnen
Ednaldo Oliveira,Francimar Barroso,Francimar Barroso,2013-08-03,Decision - Unanimous,3,UFC 163: Aldo vs Jung
Viscardi Andrade,Bristol Marunde,Viscardi Andrade,2013-08-03,KO/TKO,1,UFC 163: Aldo vs Jung
Alistair Overeem,Travis Browne,Travis Browne,2013-08-17,KO/TKO,1,UFC Fight Night: Shogun vs Sonnen
Urijah Faber,Iuri Alcantara,Urijah Faber,2013-08-17,Decision - Unanimous,3,UFC Fight Night: Shogun vs Sonnen
Uriah Hall,John Howard,John Howard,2013-08-17,Decision - Split,3,UFC Fight Night: Shogun vs Sonnen
Joe Lauzon,Michael Johnson,Michael Johnson,2013-08-17,Decision - Unanimous,3,UFC Fight Night: Shogun vs Sonnen
Matt Brown,Mike Pyle,Matt Brown,2013-08-17,KO/TKO,1,UFC Fight Night: Shogun vs Sonnen
Brad Pickett,Michael McDonald,Michael McDonald,2013-08-17,Submission,2,UFC Fight Night: Shogun vs Sonnen
Conor McGregor,Max Holloway,Conor McGregor,2013-08-17,Decision - Unanimous,3,UFC Fight Night: Shogun vs Sonnen
Manvel Gamburyan,Cole Miller,Manvel Gamburyan,2013-08-17,Decision - Unanimous,3,UFC Fight Night: Shogun vs Sonnen
Mike Brown,Steven Siler,Steven Siler,2013-08-17,KO/TKO,1,UFC Fight Night: Shogun vs Sonnen
Diego Brandao,Daniel Pineda,Diego Brandao,2013-08-17,Decision - Unanimous,3,UFC Fight Night: Shogun vs Sonnen
Cody Donovan,Ovince Saint Preux,Ovince Saint Preux,2013-08-17,KO/TKO,1,UFC Fight Night: Shogun vs Sonnen
Demetrious Johnson,John Moraga,Demetrious Johnson,2013-07-27,Submission,5,UFC on FOX: Johnson vs Moraga
Ramsey Nijem,James Vick,James Vick,2013-08-17,Submission,1,UFC Fight Night: Shogun vs Sonnen
Liz Carmouche,Jessica Andrade,Liz Carmouche,2013-07-27,KO/TKO,2,UFC on FOX: Johnson vs Moraga
Rory MacDonald,Jake Ellenberger,Rory MacDonald,2013-07-27,Decision - Unanimous,3,UFC on FOX: Johnson vs Moraga
Robbie Lawler,Bobby Voelker,Robbie Lawler,2013-07-27,KO/TKO,2,UFC on FOX: Johnson vs Moraga
Michael Chiesa,Jorge Masvidal,Jorge Masvidal,2013-07-27,Submission,2,UFC on FOX: Johnson vs Moraga
Mac Danzig,Melvin Guillard,Melvin Guillard,2013-07-27,KO/TKO,2,UFC on FOX: Johnson vs Moraga
Danny Castillo,Tim Means,Danny Castillo,2013-07-27,Decision - Unanimous,3,UFC on FOX: Johnson vs Moraga
Yves Edwards,Daron Cruickshank,Daron Cruickshank,2013-07-27,Decision - Split,3,UFC on FOX: Johnson vs Moraga
Julie Kedzie,Germaine de Randamie,Germaine de Randamie,2013-07-27,Decision - Split,3,UFC on FOX: Johnson vs Moraga
Ed Herman,Trevor Smith,Ed Herman,2013-07-27,Decision - Split,3,UFC on FOX: Johnson vs Moraga
Aaron Riley,Justin Salas,Justin Salas,2013-07-27,Decision - Split,3,UFC on FOX: Johnson vs Moraga
John Albert,Yaotzin Meza,Yaotzin Meza,2013-07-27,Submission,2,UFC on FOX: Johnson vs Moraga
Anderson Silva,Chris Weidman,Chris Weidman,2013-07-06,KO/TKO,2,UFC 162: Silva vs Weidman
Tim Kennedy,Roger Gracie,Tim Kennedy,2013-07-06,Decision - Unanimous,3,UFC 162: Silva vs Weidman
Mark Munoz,Tim Boetsch,Mark Munoz,2013-07-06,Decision - Unanimous,3,UFC 162: Silva vs Weidman
Frankie Edgar,Charles Oliveira,Frankie Edgar,2013-07-06,Decision - Unanimous,3,UFC 162: Silva vs Weidman
Cub Swanson,Dennis Siver,Cub Swanson,2013-07-06,KO/TKO,3,UFC 162: Silva vs Weidman
Chris Leben,Andrew Craig,Andrew Craig,2013-07-06,Decision - Split,3,UFC 162: Silva vs Weidman
Norman Parke,Kazuki Tokudome,Norman Parke,2013-07-06,Decision - Unanimous,3,UFC 162: Silva vs Weidman
Gabriel Gonzaga,Dave Herman,Gabriel Gonzaga,2013-07-06,KO/TKO,1,UFC 162: Silva vs Weidman
Edson Barboza,Rafaello Oliveira,Edson Barboza,2013-07-06,KO/TKO,2,UFC 162: Silva vs Weidman
Seth Baczynski,Brian Melancon,Brian Melancon,2013-07-06,KO/TKO,1,UFC 162: Silva vs Weidman
Mike Pierce,David Mitchell,Mike Pierce,2013-07-06,KO/TKO,2,UFC 162: Silva vs Weidman
William Macario,Leonardo Santos,Leonardo Santos,2013-06-08,Submission,2,UFC on FUEL TV: Nogueira vs. Werdum
Antonio Rodrigo Nogueira,Fabricio Werdum,Fabricio Werdum,2013-06-08,Submission,2,UFC on FUEL TV: Nogueira vs. Werdum
Thiago Silva,Rafael Cavalcante,Thiago Silva,2013-06-08,KO/TKO,1,UFC on FUEL TV: Nogueira vs. Werdum
Erick Silva,Jason High,Erick Silva,2013-06-08,Submission,1,UFC on FUEL TV: Nogueira vs. Werdum
Daniel Sarafian,Eddie Mendez,Daniel Sarafian,2013-06-08,Submission,1,UFC on FUEL TV: Nogueira vs. Werdum
Godofredo Pepey,Felipe Arantes,Felipe Arantes,2013-06-08,KO/TKO,1,UFC on FUEL TV: Nogueira vs. Werdum
Raphael Assuncao,Vaughan Lee,Raphael Assuncao,2013-06-08,Submission,2,UFC on FUEL TV: Nogueira vs. Werdum
Rony Jason,Mike Wilkinson,Rony Jason,2013-06-08,Submission,1,UFC on FUEL TV: Nogueira vs. Werdum
Ildemar Alcantara,Leandro Silva,Ildemar Alcantara,2013-06-08,Decision - Unanimous,3,UFC on FUEL TV: Nogueira vs. Werdum
Rodrigo Damm,Mizuto Hirota,Rodrigo Damm,2013-06-08,Decision - Split,3,UFC on FUEL TV: Nogueira vs. Werdum
Caio Magalhaes,Karlos Vemola,Caio Magalhaes,2013-06-08,Submission,2,UFC on FUEL TV: Nogueira vs. Werdum
Rashad Evans,Dan Henderson,Rashad Evans,2013-06-15,Decision - Split,3,UFC 161: Evans vs Henderson
Antonio Braga Neto,Anthony Smith,Antonio Braga Neto,2013-06-08,Submission,1,UFC on FUEL TV: Nogueira vs. Werdum
Alexis Davis,Rosi Sexton,Alexis Davis,2013-06-15,Decision - Unanimous,3,UFC 161: Evans vs Henderson
Roy Nelson,Stipe Miocic,Stipe Miocic,2013-06-15,Decision - Unanimous,3,UFC 161: Evans vs Henderson
Ryan Jimmo,Igor Pokrajac,Ryan Jimmo,2013-06-15,Decision - Unanimous,3,UFC 161: Evans vs Henderson
Pat Barry,Shawn Jordan,Shawn Jordan,2013-06-15,KO/TKO,1,UFC 161: Evans vs Henderson
Jake Shields,Tyron Woodley,Jake Shields,2013-06-15,Decision - Split,3,UFC 161: Evans vs Henderson
Sam Stout,James Krause,James Krause,2013-06-15,Submission,3,UFC 161: Evans vs Henderson
Roland Delorme,Edwin Figueroa,Roland Delorme,2013-06-15,Decision - Unanimous,3,UFC 161: Evans vs Henderson
Sean Pierson,Kenny Robertson,Sean Pierson,2013-06-15,Decision - Majority,3,UFC 161: Evans vs Henderson
Mitch Clarke,John Maguire,Mitch Clarke,2013-06-15,Decision - Unanimous,3,UFC 161: Evans vs Henderson
Yves Jabouin,Dustin Pague,Yves Jabouin,2013-06-15,Decision - Split,3,UFC 161: Evans vs Henderson
Junior Dos Santos,Mark Hunt,Junior Dos Santos,2013-05-25,KO/TKO,3,UFC 160: Velasquez vs Silva 2
Cain Velasquez,Antonio Silva,Cain Velasquez,2013-05-25,KO/TKO,1,UFC 160: Velasquez vs Silva 2
Glover Teixeira,James Te Huna,Glover Teixeira,2013-05-25,Submission,1,UFC 160: Velasquez vs Silva 2
Donald Cerrone,KJ Noons,Donald Cerrone,2013-05-25,Decision - Unanimous,3,UFC 160: Velasquez vs Silva 2
Gray Maynard,TJ Grant,TJ Grant,2013-05-25,KO/TKO,1,UFC 160: Velasquez vs Silva 2
Mike Pyle,Rick Story,Mike Pyle,2013-05-25,Decision - Split,3,UFC 160: Velasquez vs Silva 2
Dennis Bermudez,Max Holloway,Dennis Bermudez,2013-05-25,Decision - Split,3,UFC 160: Velasquez vs Silva 2
Colton Smith,Robert Whittaker,Robert Whittaker,2013-05-25,KO/TKO,3,UFC 160: Velasquez vs Silva 2
Khabib Nurmagomedov,Abel Trujillo,Khabib Nurmagomedov,2013-05-25,Decision - Unanimous,3,UFC 160: Velasquez vs Silva 2
Stephen Thompson,Nah-Shon Burrell,Stephen Thompson,2013-05-25,Decision - Unanimous,3,UFC 160: Velasquez vs Silva 2
Jeremy Stephens,Estevan Payan,Jeremy Stephens,2013-05-25,Decision - Unanimous,3,UFC 160: Velasquez vs Silva 2
Brian Bowles,George Roop,George Roop,2013-05-25,KO/TKO,2,UFC 160: Velasquez vs Silva 2
Jon Jones,Chael Sonnen,Jon Jones,2013-04-27,KO/TKO,1,UFC 159: Jones vs Sonnen
Michael Bisping,Alan Belcher,Michael Bisping,2013-04-27,Decision - Unanimous,3,UFC 159: Jones vs Sonnen
Phil Davis,Vinny Magalhaes,Phil Davis,2013-04-27,Decision - Unanimous,3,UFC 159: Jones vs Sonnen
Rustam Khabilov,Yancy Medeiros,Rustam Khabilov,2013-04-27,TKO - Doctor's Stoppage,1,UFC 159: Jones vs Sonnen
Gian Villante,Ovince Saint Preux,Ovince Saint Preux,2013-04-27,Decision - Majority,3,UFC 159: Jones vs Sonnen
Roy Nelson,Cheick Kongo,Roy Nelson,2013-04-27,KO/TKO,1,UFC 159: Jones vs Sonnen
Sara McMann,Sheila Gaff,Sara McMann,2013-04-27,KO/TKO,1,UFC 159: Jones vs Sonnen
Leonard Garcia,Cody McKenzie,Cody McKenzie,2013-04-27,Decision - Unanimous,3,UFC 159: Jones vs Sonnen
Bryan Caraway,Johnny Bedford,Bryan Caraway,2013-04-27,Submission,3,UFC 159: Jones vs Sonnen
Steven Siler,Kurt Holobaugh,Steven Siler,2013-04-27,Decision - Unanimous,3,UFC 159: Jones vs Sonnen
Jacare Souza,Chris Camozzi,Jacare Souza,2013-05-18,Submission,1,UFC on FX: Belfort vs. Rockhold
Vitor Belfort,Luke Rockhold,Vitor Belfort,2013-05-18,KO/TKO,1,UFC on FX: Belfort vs. Rockhold
Rafael Dos Anjos,Evan Dunham,Rafael Dos Anjos,2013-05-18,Decision - Unanimous,3,UFC on FX: Belfort vs. Rockhold
Rafael Natal,Joao Zeferino,Rafael Natal,2013-05-18,Decision - Unanimous,3,UFC on FX: Belfort vs. Rockhold
Francisco Trinaldo,Mike Rio,Francisco Trinaldo,2013-05-18,Submission,1,UFC on FX: Belfort vs. Rockhold
Hacran Dias,Nik Lentz,Nik Lentz,2013-05-18,Decision - Unanimous,3,UFC on FX: Belfort vs. Rockhold
Gleison Tibau,John Cholish,Gleison Tibau,2013-05-18,Submission,2,UFC on FX: Belfort vs. Rockhold
Paulo Thiago,Michel Prazeres,Paulo Thiago,2013-05-18,Decision - Unanimous,3,UFC on FX: Belfort vs. Rockhold
Iuri Alcantara,Iliarde Santos,Iuri Alcantara,2013-05-18,KO/TKO,1,UFC on FX: Belfort vs. Rockhold
Fabio Maldonado,Roger Hollett,Fabio Maldonado,2013-05-18,Decision - Unanimous,3,UFC on FX: Belfort vs. Rockhold
Jussier Formiga,Chris Cariaso,Jussier Formiga,2013-05-18,Decision - Unanimous,3,UFC on FX: Belfort vs. Rockhold
Lucas Martins,Jeremy Larsen,Lucas Martins,2013-05-18,KO/TKO,3,UFC on FX: Belfort vs. Rockhold
John Lineker,Azamat Gashimov,John Lineker,2013-05-18,KO/TKO,2,UFC on FX: Belfort vs. Rockhold
Benson Henderson,Gilbert Melendez,Benson Henderson,2013-04-20,Decision - Split,5,UFC on FOX: Henderson vs Melendez
Nate Diaz,Josh Thomson,Josh Thomson,2013-04-20,KO/TKO,2,UFC on FOX: Henderson vs Melendez
Frank Mir,Daniel Cormier,Daniel Cormier,2013-04-20,Decision - Unanimous,3,UFC on FOX: Henderson vs Melendez
Chad Mendes,Darren Elkins,Chad Mendes,2013-04-20,KO/TKO,1,UFC on FOX: Henderson vs Melendez
Francis Carmont,Lorenz Larkin,Francis Carmont,2013-04-20,Decision - Unanimous,3,UFC on FOX: Henderson vs Melendez
Matt Brown,Jordan Mein,Matt Brown,2013-04-20,KO/TKO,2,UFC on FOX: Henderson vs Melendez
Ramsey Nijem,Myles Jury,Myles Jury,2013-04-20,KO/TKO,2,UFC on FOX: Henderson vs Melendez
Joseph Benavidez,Darren Uyenoyama,Joseph Benavidez,2013-04-20,KO/TKO,2,UFC on FOX: Henderson vs Melendez
Tim Means,Jorge Masvidal,Jorge Masvidal,2013-04-20,Decision - Unanimous,3,UFC on FOX: Henderson vs Melendez
Anthony Njokuani,Roger Bowling,Anthony Njokuani,2013-04-20,KO/TKO,2,UFC on FOX: Henderson vs Melendez
TJ Dillashaw,Hugo Viana,TJ Dillashaw,2013-04-20,KO/TKO,1,UFC on FOX: Henderson vs Melendez
Clifford Starks,Yoel Romero,Yoel Romero,2013-04-20,KO/TKO,1,UFC on FOX: Henderson vs Melendez
Urijah Faber,Scott Jorgensen,Urijah Faber,2013-04-13,Submission,4,The Ultimate Fighter: Team Jones vs. Team Sonnen Finale
Uriah Hall,Kelvin Gastelum,Kelvin Gastelum,2013-04-13,Decision - Split,3,The Ultimate Fighter: Team Jones vs. Team Sonnen Finale
Miesha Tate,Cat Zingano,Cat Zingano,2013-04-13,KO/TKO,3,The Ultimate Fighter: Team Jones vs. Team Sonnen Finale
Travis Browne,Gabriel Gonzaga,Travis Browne,2013-04-13,KO/TKO,1,The Ultimate Fighter: Team Jones vs. Team Sonnen Finale
Robert McDaniel,Gilbert Smith,Robert McDaniel,2013-04-13,Submission,3,The Ultimate Fighter: Team Jones vs. Team Sonnen Finale
Josh Samman,Kevin Casey,Josh Samman,2013-04-13,KO/TKO,2,The Ultimate Fighter: Team Jones vs. Team Sonnen Finale
Luke Barnatt,Collin Hart,Luke Barnatt,2013-04-13,Decision - Unanimous,3,The Ultimate Fighter: Team Jones vs. Team Sonnen Finale
Dylan Andrews,Jimmy Quinlan,Dylan Andrews,2013-04-13,KO/TKO,1,The Ultimate Fighter: Team Jones vs. Team Sonnen Finale
Bristol Marunde,Clint Hester,Clint Hester,2013-04-13,KO/TKO,3,The Ultimate Fighter: Team Jones vs. Team Sonnen Finale
Cole Miller,Bart Palaszewski,Cole Miller,2013-04-13,Submission,1,The Ultimate Fighter: Team Jones vs. Team Sonnen Finale
Justin Lawrence,Daniel Pineda,Daniel Pineda,2013-04-13,Submission,1,The Ultimate Fighter: Team Jones vs. Team Sonnen Finale
Sam Sicilia,Maximo Blanco,Maximo Blanco,2013-04-13,Decision - Unanimous,3,The Ultimate Fighter: Team Jones vs. Team Sonnen Finale
Ryan Couture,Ross Pearson,Ross Pearson,2013-04-06,KO/TKO,2,UFC on FUEL TV: Mousasi vs Latifi
Matt Mitrione,Philip De Fries,Matt Mitrione,2013-04-06,KO/TKO,1,UFC on FUEL TV: Mousasi vs Latifi
Gegard Mousasi,Ilir Latifi,Gegard Mousasi,2013-04-06,Decision - Unanimous,3,UFC on FUEL TV: Mousasi vs Latifi
Diego Brandao,Pablo Garza,Diego Brandao,2013-04-06,Submission,1,UFC on FUEL TV: Mousasi vs Latifi
Akira Corassani,Robert Peralta,Akira Corassani,2013-04-06,Decision - Unanimous,3,UFC on FUEL TV: Mousasi vs Latifi
Brad Pickett,Mike Easton,Brad Pickett,2013-04-06,Decision - Split,3,UFC on FUEL TV: Mousasi vs Latifi
Tor Troeng,Adam Cella,Tor Troeng,2013-04-06,Submission,1,UFC on FUEL TV: Mousasi vs Latifi
Chris Spang,Adlan Amagov,Adlan Amagov,2013-04-06,Decision - Unanimous,3,UFC on FUEL TV: Mousasi vs Latifi
Reza Madadi,Michael Johnson,Reza Madadi,2013-04-06,Submission,3,UFC on FUEL TV: Mousasi vs Latifi
Marcus Brimage,Conor McGregor,Conor McGregor,2013-04-06,KO/TKO,1,UFC on FUEL TV: Mousasi vs Latifi
Ben Alloway,Ryan LaFlare,Ryan LaFlare,2013-04-06,Decision - Unanimous,3,UFC on FUEL TV: Mousasi vs Latifi
Michael Kuiper,Tom Lawlor,Tom Lawlor,2013-04-06,Submission,2,UFC on FUEL TV: Mousasi vs Latifi
Papy Abedi,Besam Yousef,Papy Abedi,2013-04-06,Decision - Split,3,UFC on FUEL TV: Mousasi vs Latifi
Wanderlei Silva,Brian Stann,Wanderlei Silva,2013-03-02,KO/TKO,2,UFC on FUEL TV: Silva vs. Stann
Stefan Struve,Mark Hunt,Mark Hunt,2013-03-02,KO/TKO,3,UFC on FUEL TV: Silva vs. Stann
Takanori Gomi,Diego Sanchez,Diego Sanchez,2013-03-02,Decision - Split,3,UFC on FUEL TV: Silva vs. Stann
Mizuto Hirota,Rani Yahya,Rani Yahya,2013-03-02,Decision - Unanimous,3,UFC on FUEL TV: Silva vs. Stann
Yushin Okami,Hector Lombard,Yushin Okami,2013-03-02,Decision - Split,3,UFC on FUEL TV: Silva vs. Stann
Dong Hyun Kim,Siyar Bahadurzada,Dong Hyun Kim,2013-03-02,Decision - Unanimous,3,UFC on FUEL TV: Silva vs. Stann
Riki Fukuda,Brad Tavares,Brad Tavares,2013-03-02,Decision - Unanimous,3,UFC on FUEL TV: Silva vs. Stann
Cristiano Marcello,Kazuki Tokudome,Kazuki Tokudome,2013-03-02,Decision - Unanimous,3,UFC on FUEL TV: Silva vs. Stann
Takeya Mizugaki,Bryan Caraway,Takeya Mizugaki,2013-03-02,Decision - Split,3,UFC on FUEL TV: Silva vs. Stann
Marcelo Guimaraes,Hyun Gyu Lim,Hyun Gyu Lim,2013-03-02,KO/TKO,2,UFC on FUEL TV: Silva vs. Stann
Georges St-Pierre,Nick Diaz,Georges St-Pierre,2013-03-16,Decision - Unanimous,5,UFC 158: St-Pierre vs Diaz
Carlos Condit,Johny Hendricks,Johny Hendricks,2013-03-16,Decision - Unanimous,3,UFC 158: St-Pierre vs Diaz
Nick Ring,Chris Camozzi,Chris Camozzi,2013-03-16,Decision - Split,3,UFC 158: St-Pierre vs Diaz
Jake Ellenberger,Nate Marquardt,Jake Ellenberger,2013-03-16,KO/TKO,1,UFC 158: St-Pierre vs Diaz
Mike Ricci,Colin Fletcher,Mike Ricci,2013-03-16,Decision - Unanimous,3,UFC 158: St-Pierre vs Diaz
Antonio Carvalho,Darren Elkins,Darren Elkins,2013-03-16,KO/TKO,1,UFC 158: St-Pierre vs Diaz
Patrick Cote,Bobby Voelker,Patrick Cote,2013-03-16,Decision - Unanimous,3,UFC 158: St-Pierre vs Diaz
Dan Miller,Jordan Mein,Jordan Mein,2013-03-16,KO/TKO,1,UFC 158: St-Pierre vs Diaz
Rick Story,Quinn Mulhern,Rick Story,2013-03-16,KO/TKO,1,UFC 158: St-Pierre vs Diaz
John Makdessi,Daron Cruickshank,John Makdessi,2013-03-16,Decision - Unanimous,3,UFC 158: St-Pierre vs Diaz
TJ Dillashaw,Issei Tamura,TJ Dillashaw,2013-03-16,KO/TKO,2,UFC 158: St-Pierre vs Diaz
George Roop,Reuben Duran,George Roop,2013-03-16,Decision - Unanimous,3,UFC 158: St-Pierre vs Diaz
Lyoto Machida,Dan Henderson,Lyoto Machida,2013-02-23,Decision - Split,3,UFC 157: Rousey vs Carmouche
Ronda Rousey,Liz Carmouche,Ronda Rousey,2013-02-23,Submission,1,UFC 157: Rousey vs Carmouche
Urijah Faber,Ivan Menjivar,Urijah Faber,2013-02-23,Submission,1,UFC 157: Rousey vs Carmouche
Josh Koscheck,Robbie Lawler,Robbie Lawler,2013-02-23,KO/TKO,1,UFC 157: Rousey vs Carmouche
Court McGee,Josh Neer,Court McGee,2013-02-23,Decision - Unanimous,3,UFC 157: Rousey vs Carmouche
Brendan Schaub,Lavar Johnson,Brendan Schaub,2013-02-23,Decision - Unanimous,3,UFC 157: Rousey vs Carmouche
Michael Chiesa,Anton Kuivanen,Michael Chiesa,2013-02-23,Submission,2,UFC 157: Rousey vs Carmouche
Dennis Bermudez,Matt Grice,Dennis Bermudez,2013-02-23,Decision - Split,3,UFC 157: Rousey vs Carmouche
Kenny Robertson,Brock Jardine,Kenny Robertson,2013-02-23,Submission,1,UFC 157: Rousey vs Carmouche
Sam Stout,Caros Fodor,Sam Stout,2013-02-23,Decision - Split,3,UFC 157: Rousey vs Carmouche
Jon Manley,Neil Magny,Neil Magny,2013-02-23,Decision - Unanimous,3,UFC 157: Rousey vs Carmouche
Nah-Shon Burrell,Yuri Villefort,Nah-Shon Burrell,2013-02-23,Decision - Unanimous,3,UFC 157: Rousey vs Carmouche
Renan Barao,Michael McDonald,Renan Barao,2013-02-16,Submission,4,UFC on FUEL TV: Barao vs McDonald
Cub Swanson,Dustin Poirier,Cub Swanson,2013-02-16,Decision - Unanimous,3,UFC on FUEL TV: Barao vs McDonald
Jimi Manuwa,Cyrille Diabate,Jimi Manuwa,2013-02-16,TKO - Doctor's Stoppage,1,UFC on FUEL TV: Barao vs McDonald
James Te Huna,Ryan Jimmo,James Te Huna,2013-02-16,Decision - Unanimous,3,UFC on FUEL TV: Barao vs McDonald
Gunnar Nelson,Jorge Santiago,Gunnar Nelson,2013-02-16,Decision - Unanimous,3,UFC on FUEL TV: Barao vs McDonald
Terry Etim,Renee Forte,Renee Forte,2013-02-16,Decision - Unanimous,3,UFC on FUEL TV: Barao vs McDonald
Paul Sass,Danny Castillo,Danny Castillo,2013-02-16,Decision - Unanimous,3,UFC on FUEL TV: Barao vs McDonald
Tom Watson,Stanislav Nedkov,Tom Watson,2013-02-16,KO/TKO,2,UFC on FUEL TV: Barao vs McDonald
Vaughan Lee,Motonobu Tezuka,Vaughan Lee,2013-02-16,Decision - Unanimous,3,UFC on FUEL TV: Barao vs McDonald
Andy Ogle,Josh Grispi,Andy Ogle,2013-02-16,Decision - Unanimous,3,UFC on FUEL TV: Barao vs McDonald
Jose Aldo,Frankie Edgar,Jose Aldo,2013-02-02,Decision - Unanimous,5,UFC 156: Aldo vs Edgar
Phil Harris,Ulysses Gomez,Phil Harris,2013-02-16,Decision - Unanimous,3,UFC on FUEL TV: Barao vs McDonald
Rashad Evans,Rogerio Nogueira,Rogerio Nogueira,2013-02-02,Decision - Unanimous,3,UFC 156: Aldo vs Edgar
Joseph Benavidez,Ian McCall,Joseph Benavidez,2013-02-02,Decision - Unanimous,3,UFC 156: Aldo vs Edgar
Alistair Overeem,Antonio Silva,Antonio Silva,2013-02-02,KO/TKO,3,UFC 156: Aldo vs Edgar
Gleison Tibau,Evan Dunham,Evan Dunham,2013-02-02,Decision - Split,3,UFC 156: Aldo vs Edgar
Jon Fitch,Demian Maia,Demian Maia,2013-02-02,Decision - Unanimous,3,UFC 156: Aldo vs Edgar
Yves Edwards,Isaac Vallie-Flagg,Isaac Vallie-Flagg,2013-02-02,Decision - Split,3,UFC 156: Aldo vs Edgar
Tyron Woodley,Jay Hieron,Tyron Woodley,2013-02-02,KO/TKO,1,UFC 156: Aldo vs Edgar
Chico Camus,Dustin Kimura,Dustin Kimura,2013-02-02,Submission,3,UFC 156: Aldo vs Edgar
Jacob Volkmann,King Green,King Green,2013-02-02,Submission,3,UFC 156: Aldo vs Edgar
Edwin Figueroa,Francisco Rivera,Francisco Rivera,2013-02-02,KO/TKO,2,UFC 156: Aldo vs Edgar
Quinton Jackson,Glover Teixeira,Glover Teixeira,2013-01-26,Decision - Unanimous,3,UFC on FOX: Johnson vs Dodson
Anthony Pettis,Donald Cerrone,Anthony Pettis,2013-01-26,KO/TKO,1,UFC on FOX: Johnson vs Dodson
Demetrious Johnson,John Dodson,Demetrious Johnson,2013-01-26,Decision - Unanimous,5,UFC on FOX: Johnson vs Dodson
TJ Grant,Matt Wiman,TJ Grant,2013-01-26,KO/TKO,1,UFC on FOX: Johnson vs Dodson
Erik Koch,Ricardo Lamas,Ricardo Lamas,2013-01-26,KO/TKO,2,UFC on FOX: Johnson vs Dodson
Clay Guida,Hatsu Hioki,Clay Guida,2013-01-26,Decision - Split,3,UFC on FOX: Johnson vs Dodson
Mike Stumpf,Pascal Krauss,Pascal Krauss,2013-01-26,Decision - Unanimous,3,UFC on FOX: Johnson vs Dodson
Ryan Bader,Vladimir Matyushenko,Ryan Bader,2013-01-26,Submission,1,UFC on FOX: Johnson vs Dodson
Mike Russow,Shawn Jordan,Shawn Jordan,2013-01-26,KO/TKO,2,UFC on FOX: Johnson vs Dodson
Simeon Thoresen,David Mitchell,David Mitchell,2013-01-26,Decision - Unanimous,3,UFC on FOX: Johnson vs Dodson
Rafael Natal,Sean Spencer,Rafael Natal,2013-01-26,Submission,3,UFC on FOX: Johnson vs Dodson
Vitor Belfort,Michael Bisping,Vitor Belfort,2013-01-19,KO/TKO,2,UFC on FX: Belfort vs Bisping
Gabriel Gonzaga,Ben Rothwell,Gabriel Gonzaga,2013-01-19,Submission,2,UFC on FX: Belfort vs Bisping
Daniel Sarafian,CB Dollaway,CB Dollaway,2013-01-19,Decision - Split,3,UFC on FX: Belfort vs Bisping
Thiago Tavares,Khabib Nurmagomedov,Khabib Nurmagomedov,2013-01-19,KO/TKO,1,UFC on FX: Belfort vs Bisping
Ronny Markes,Andrew Craig,Ronny Markes,2013-01-19,Decision - Unanimous,3,UFC on FX: Belfort vs Bisping
Diego Nunes,Nik Lentz,Nik Lentz,2013-01-19,Decision - Unanimous,3,UFC on FX: Belfort vs Bisping
Godofredo Pepey,Milton Vieira,Godofredo Pepey,2013-01-19,Decision - Split,3,UFC on FX: Belfort vs Bisping
Edson Barboza,Lucas Martins,Edson Barboza,2013-01-19,KO/TKO,1,UFC on FX: Belfort vs Bisping
Wagner Prado,Ildemar Alcantara,Ildemar Alcantara,2013-01-19,Submission,2,UFC on FX: Belfort vs Bisping
Francisco Trinaldo,CJ Keith,Francisco Trinaldo,2013-01-19,Submission,2,UFC on FX: Belfort vs Bisping
Junior Dos Santos,Cain Velasquez,Cain Velasquez,2012-12-29,Decision - Unanimous,5,UFC 155: Dos Santos vs Velasquez II
Jim Miller,Joe Lauzon,Jim Miller,2012-12-29,Decision - Unanimous,3,UFC 155: Dos Santos vs Velasquez II
Yushin Okami,Alan Belcher,Yushin Okami,2012-12-29,Decision - Unanimous,3,UFC 155: Dos Santos vs Velasquez II
Chris Leben,Derek Brunson,Derek Brunson,2012-12-29,Decision - Unanimous,3,UFC 155: Dos Santos vs Velasquez II
Tim Boetsch,Constantinos Philippou,Constantinos Philippou,2012-12-29,KO/TKO,3,UFC 155: Dos Santos vs Velasquez II
Brad Pickett,Eddie Wineland,Eddie Wineland,2012-12-29,Decision - Split,3,UFC 155: Dos Santos vs Velasquez II
Erik Perez,Byron Bloodworth,Erik Perez,2012-12-29,KO/TKO,1,UFC 155: Dos Santos vs Velasquez II
Melvin Guillard,Jamie Varner,Jamie Varner,2012-12-29,Decision - Split,3,UFC 155: Dos Santos vs Velasquez II
Philip De Fries,Todd Duffee,Todd Duffee,2012-12-29,KO/TKO,1,UFC 155: Dos Santos vs Velasquez II
Michael Johnson,Myles Jury,Myles Jury,2012-12-29,Decision - Unanimous,3,UFC 155: Dos Santos vs Velasquez II
Chris Cariaso,John Moraga,John Moraga,2012-12-29,Submission,3,UFC 155: Dos Santos vs Velasquez II
Roy Nelson,Matt Mitrione,Roy Nelson,2012-12-15,KO/TKO,1,The Ultimate Fighter: Team Carwin vs. Team Nelson Finale
Leonard Garcia,Max Holloway,Max Holloway,2012-12-29,Decision - Split,3,UFC 155: Dos Santos vs Velasquez II
Colton Smith,Mike Ricci,Colton Smith,2012-12-15,Decision - Unanimous,3,The Ultimate Fighter: Team Carwin vs. Team Nelson Finale
Pat Barry,Shane del Rosario,Pat Barry,2012-12-15,KO/TKO,2,The Ultimate Fighter: Team Carwin vs. Team Nelson Finale
Dustin Poirier,Jonathan Brookins,Dustin Poirier,2012-12-15,Submission,1,The Ultimate Fighter: Team Carwin vs. Team Nelson Finale
Mike Pyle,James Head,Mike Pyle,2012-12-15,KO/TKO,1,The Ultimate Fighter: Team Carwin vs. Team Nelson Finale
Johnny Bedford,Marcos Vinicius,Johnny Bedford,2012-12-15,KO/TKO,2,The Ultimate Fighter: Team Carwin vs. Team Nelson Finale
Reuben Duran,Hugo Viana,Hugo Viana,2012-12-15,KO/TKO,1,The Ultimate Fighter: Team Carwin vs. Team Nelson Finale
Vinc Pichel,Rustam Khabilov,Rustam Khabilov,2012-12-15,KO/TKO,1,The Ultimate Fighter: Team Carwin vs. Team Nelson Finale
TJ Waldburger,Nick Catone,TJ Waldburger,2012-12-15,Submission,2,The Ultimate Fighter: Team Carwin vs. Team Nelson Finale
Jared Papazian,Tim Elliott,Tim Elliott,2012-12-15,Decision - Unanimous,3,The Ultimate Fighter: Team Carwin vs. Team Nelson Finale
Mike Rio,John Cofer,Mike Rio,2012-12-15,Submission,3,The Ultimate Fighter: Team Carwin vs. Team Nelson Finale
George Sotiropoulos,Ross Pearson,Ross Pearson,2012-12-14,KO/TKO,3,UFC on FX: Sotiropoulos vs Pearson
Hector Lombard,Rousimar Palhares,Hector Lombard,2012-12-14,KO/TKO,1,UFC on FX: Sotiropoulos vs Pearson
Robert Whittaker,Brad Scott,Robert Whittaker,2012-12-14,Decision - Unanimous,3,UFC on FX: Sotiropoulos vs Pearson
Colin Fletcher,Norman Parke,Norman Parke,2012-12-14,Decision - Unanimous,3,UFC on FX: Sotiropoulos vs Pearson
Chad Mendes,Yaotzin Meza,Chad Mendes,2012-12-14,KO/TKO,1,UFC on FX: Sotiropoulos vs Pearson
Ben Alloway,Manuel Rodriguez,Ben Alloway,2012-12-14,KO/TKO,1,UFC on FX: Sotiropoulos vs Pearson
Mike Pierce,Seth Baczynski,Mike Pierce,2012-12-14,Decision - Unanimous,3,UFC on FX: Sotiropoulos vs Pearson
Brendan Loughnane,Mike Wilkinson,Mike Wilkinson,2012-12-14,Decision - Unanimous,3,UFC on FX: Sotiropoulos vs Pearson
Nick Penner,Cody Donovan,Cody Donovan,2012-12-14,KO/TKO,1,UFC on FX: Sotiropoulos vs Pearson
Benson Henderson,Nate Diaz,Benson Henderson,2012-12-08,Decision - Unanimous,5,UFC on FOX: Henderson vs Diaz
Mauricio Rua,Alexander Gustafsson,Alexander Gustafsson,2012-12-08,Decision - Unanimous,3,UFC on FOX: Henderson vs Diaz
Mike Swick,Matt Brown,Matt Brown,2012-12-08,KO/TKO,2,UFC on FOX: Henderson vs Diaz
BJ Penn,Rory MacDonald,Rory MacDonald,2012-12-08,Decision - Unanimous,3,UFC on FOX: Henderson vs Diaz
Raphael Assuncao,Mike Easton,Raphael Assuncao,2012-12-08,Decision - Unanimous,3,UFC on FOX: Henderson vs Diaz
Yves Edwards,Jeremy Stephens,Yves Edwards,2012-12-08,KO/TKO,1,UFC on FOX: Henderson vs Diaz
Ramsey Nijem,Joe Proctor,Ramsey Nijem,2012-12-08,Decision - Unanimous,3,UFC on FOX: Henderson vs Diaz
Daron Cruickshank,Henry Martinez,Daron Cruickshank,2012-12-08,KO/TKO,2,UFC on FOX: Henderson vs Diaz
Marcus LeVesseur,Abel Trujillo,Abel Trujillo,2012-12-08,KO/TKO,2,UFC on FOX: Henderson vs Diaz
Dennis Siver,Nam Phan,Dennis Siver,2012-12-08,Decision - Unanimous,3,UFC on FOX: Henderson vs Diaz
Scott Jorgensen,John Albert,Scott Jorgensen,2012-12-08,Submission,1,UFC on FOX: Henderson vs Diaz
Dong Hyun Kim,Paulo Thiago,Dong Hyun Kim,2012-11-10,Decision - Unanimous,3,UFC Macao: Franklin vs Le
Rich Franklin,Cung Le,Cung Le,2012-11-10,KO/TKO,1,UFC Macao: Franklin vs Le
Takanori Gomi,Mac Danzig,Takanori Gomi,2012-11-10,Decision - Split,3,UFC Macao: Franklin vs Le
Zhang Tiequan,Jon Tuck,Jon Tuck,2012-11-10,Decision - Unanimous,3,UFC Macao: Franklin vs Le
Alex Caceres,Motonobu Tezuka,Alex Caceres,2012-11-10,Decision - Split,3,UFC Macao: Franklin vs Le
Takeya Mizugaki,Jeff Hougland,Takeya Mizugaki,2012-11-10,Decision - Unanimous,3,UFC Macao: Franklin vs Le
Georges St-Pierre,Carlos Condit,Georges St-Pierre,2012-11-17,Decision - Unanimous,5,UFC 154: St-Pierre vs Condit
Riki Fukuda,Tom DeBlass,Riki Fukuda,2012-11-10,Decision - Unanimous,3,UFC Macao: Franklin vs Le
Yasuhiro Urushitani,John Lineker,John Lineker,2012-11-10,Decision - Unanimous,3,UFC Macao: Franklin vs Le
Johny Hendricks,Martin Kampmann,Johny Hendricks,2012-11-17,KO/TKO,1,UFC 154: St-Pierre vs Condit
Francis Carmont,Tom Lawlor,Francis Carmont,2012-11-17,Decision - Split,3,UFC 154: St-Pierre vs Condit
Mark Bocek,Rafael Dos Anjos,Rafael Dos Anjos,2012-11-17,Decision - Unanimous,3,UFC 154: St-Pierre vs Condit
Patrick Cote,Alessio Sakara,Patrick Cote,2012-11-17,DQ,1,UFC 154: St-Pierre vs Condit
Mark Hominick,Pablo Garza,Pablo Garza,2012-11-17,Decision - Unanimous,3,UFC 154: St-Pierre vs Condit
Cyrille Diabate,Chad Griggs,Cyrille Diabate,2012-11-17,Submission,1,UFC 154: St-Pierre vs Condit
Sam Stout,John Makdessi,John Makdessi,2012-11-17,Decision - Unanimous,3,UFC 154: St-Pierre vs Condit
Antonio Carvalho,Rodrigo Damm,Antonio Carvalho,2012-11-17,Decision - Split,3,UFC 154: St-Pierre vs Condit
Matthew Riddle,John Maguire,Matthew Riddle,2012-11-17,Decision - Unanimous,3,UFC 154: St-Pierre vs Condit
Ivan Menjivar,Azamat Gashimov,Ivan Menjivar,2012-11-17,Submission,1,UFC 154: St-Pierre vs Condit
Steven Siler,Darren Elkins,Darren Elkins,2012-11-17,Decision - Unanimous,3,UFC 154: St-Pierre vs Condit
Anderson Silva,Stephan Bonnar,Anderson Silva,2012-10-13,KO/TKO,1,UFC 153: Silva vs Bonnar
Antonio Rodrigo Nogueira,Dave Herman,Antonio Rodrigo Nogueira,2012-10-13,Submission,2,UFC 153: Silva vs Bonnar
Glover Teixeira,Fabio Maldonado,Glover Teixeira,2012-10-13,TKO - Doctor's Stoppage,2,UFC 153: Silva vs Bonnar
Demian Maia,Rick Story,Demian Maia,2012-10-13,Submission,1,UFC 153: Silva vs Bonnar
Phil Davis,Wagner Prado,Phil Davis,2012-10-13,Submission,2,UFC 153: Silva vs Bonnar
Jon Fitch,Erick Silva,Jon Fitch,2012-10-13,Decision - Unanimous,3,UFC 153: Silva vs Bonnar
Rony Jason,Sam Sicilia,Rony Jason,2012-10-13,KO/TKO,2,UFC 153: Silva vs Bonnar
Gleison Tibau,Francisco Trinaldo,Gleison Tibau,2012-10-13,Decision - Unanimous,3,UFC 153: Silva vs Bonnar
Diego Brandao,Joey Gambino,Diego Brandao,2012-10-13,Decision - Unanimous,3,UFC 153: Silva vs Bonnar
Sergio Moraes,Renee Forte,Sergio Moraes,2012-10-13,Submission,3,UFC 153: Silva vs Bonnar
Luiz Cane,Chris Camozzi,Chris Camozzi,2012-10-13,Decision - Unanimous,3,UFC 153: Silva vs Bonnar
Travis Browne,Antonio Silva,Antonio Silva,2012-10-05,KO/TKO,1,UFC on FX: Browne vs Bigfoot
Cristiano Marcello,Reza Madadi,Cristiano Marcello,2012-10-13,Decision - Split,3,UFC 153: Silva vs Bonnar
John Dodson,Jussier Formiga,John Dodson,2012-10-05,KO/TKO,2,UFC on FX: Browne vs Bigfoot
Jake Ellenberger,Jay Hieron,Jake Ellenberger,2012-10-05,Decision - Unanimous,3,UFC on FX: Browne vs Bigfoot
Josh Neer,Justin Edwards,Justin Edwards,2012-10-05,Submission,1,UFC on FX: Browne vs Bigfoot
Aaron Simpson,Mike Pierce,Mike Pierce,2012-10-05,KO/TKO,2,UFC on FX: Browne vs Bigfoot
Michael Johnson,Danny Castillo,Michael Johnson,2012-10-05,KO/TKO,2,UFC on FX: Browne vs Bigfoot
Marcus LeVesseur,Carlo Prater,Marcus LeVesseur,2012-10-05,Decision - Split,3,UFC on FX: Browne vs Bigfoot
Bart Palaszewski,Diego Nunes,Diego Nunes,2012-10-05,Decision - Unanimous,3,UFC on FX: Browne vs Bigfoot
Jacob Volkmann,Shane Roller,Jacob Volkmann,2012-10-05,Submission,1,UFC on FX: Browne vs Bigfoot
Stefan Struve,Stipe Miocic,Stefan Struve,2012-09-29,KO/TKO,2,UFC on FUEL TV: Struve vs Miocic
Darren Uyenoyama,Phil Harris,Darren Uyenoyama,2012-10-05,Submission,2,UFC on FX: Browne vs Bigfoot
Brad Pickett,Yves Jabouin,Brad Pickett,2012-09-29,KO/TKO,1,UFC on FUEL TV: Struve vs Miocic
Paul Sass,Matt Wiman,Matt Wiman,2012-09-29,Submission,1,UFC on FUEL TV: Struve vs Miocic
Dan Hardy,Amir Sadollah,Dan Hardy,2012-09-29,Decision - Unanimous,3,UFC on FUEL TV: Struve vs Miocic
John Hathaway,John Maguire,John Hathaway,2012-09-29,Decision - Unanimous,3,UFC on FUEL TV: Struve vs Miocic
Che Mills,Duane Ludwig,Che Mills,2012-09-29,KO/TKO,1,UFC on FUEL TV: Struve vs Miocic
Tom Watson,Brad Tavares,Brad Tavares,2012-09-29,Decision - Split,3,UFC on FUEL TV: Struve vs Miocic
Andy Ogle,Akira Corassani,Akira Corassani,2012-09-29,Decision - Split,3,UFC on FUEL TV: Struve vs Miocic
Kyle Kingsbury,Jimi Manuwa,Jimi Manuwa,2012-09-29,TKO - Doctor's Stoppage,2,UFC on FUEL TV: Struve vs Miocic
DaMarques Johnson,Gunnar Nelson,Gunnar Nelson,2012-09-29,Submission,1,UFC on FUEL TV: Struve vs Miocic
Jon Jones,Vitor Belfort,Jon Jones,2012-09-22,Submission,4,UFC 152: Jones vs Belfort
Jason Young,Robert Peralta,Robert Peralta,2012-09-29,KO/TKO,1,UFC on FUEL TV: Struve vs Miocic
Joseph Benavidez,Demetrious Johnson,Demetrious Johnson,2012-09-22,Decision - Split,5,UFC 152: Jones vs Belfort
Matt Hamill,Roger Hollett,Matt Hamill,2012-09-22,Decision - Unanimous,3,UFC 152: Jones vs Belfort
Michael Bisping,Brian Stann,Michael Bisping,2012-09-22,Decision - Unanimous,3,UFC 152: Jones vs Belfort
Cub Swanson,Charles Oliveira,Cub Swanson,2012-09-22,KO/TKO,1,UFC 152: Jones vs Belfort
Igor Pokrajac,Vinny Magalhaes,Vinny Magalhaes,2012-09-22,Submission,2,UFC 152: Jones vs Belfort
TJ Grant,Evan Dunham,TJ Grant,2012-09-22,Decision - Unanimous,3,UFC 152: Jones vs Belfort
Sean Pierson,Lance Benoist,Sean Pierson,2012-09-22,Decision - Unanimous,3,UFC 152: Jones vs Belfort
Seth Baczynski,Simeon Thoresen,Seth Baczynski,2012-09-22,KO/TKO,1,UFC 152: Jones vs Belfort
Jimy Hettes,Marcus Brimage,Marcus Brimage,2012-09-22,Decision - Unanimous,3,UFC 152: Jones vs Belfort
Mitch Gagnon,Walel Watson,Mitch Gagnon,2012-09-22,Submission,1,UFC 152: Jones vs Belfort
Kyle Noke,Charlie Brenneman,Kyle Noke,2012-09-22,KO/TKO,1,UFC 152: Jones vs Belfort
Mauricio Rua,Brandon Vera,Mauricio Rua,2012-08-04,KO/TKO,4,UFC on FOX: Shogun vs Vera
Lyoto Machida,Ryan Bader,Lyoto Machida,2012-08-04,KO/TKO,2,UFC on FOX: Shogun vs Vera
Mike Swick,DaMarques Johnson,Mike Swick,2012-08-04,KO/TKO,2,UFC on FOX: Shogun vs Vera
Joe Lauzon,Jamie Varner,Joe Lauzon,2012-08-04,Submission,3,UFC on FOX: Shogun vs Vera
Cole Miller,Nam Phan,Nam Phan,2012-08-04,Decision - Split,3,UFC on FOX: Shogun vs Vera
Josh Grispi,Rani Yahya,Rani Yahya,2012-08-04,Submission,1,UFC on FOX: Shogun vs Vera
Philip De Fries,Oli Thompson,Philip De Fries,2012-08-04,Submission,2,UFC on FOX: Shogun vs Vera
John Moraga,Ulysses Gomez,John Moraga,2012-08-04,KO/TKO,1,UFC on FOX: Shogun vs Vera
Benson Henderson,Frankie Edgar,Benson Henderson,2012-08-11,Decision - Split,5,UFC 150: Henderson vs Edgar II
Manvel Gamburyan,Michihiro Omigawa,Manvel Gamburyan,2012-08-04,Decision - Unanimous,3,UFC on FOX: Shogun vs Vera
Donald Cerrone,Melvin Guillard,Donald Cerrone,2012-08-11,KO/TKO,1,UFC 150: Henderson vs Edgar II
Justin Lawrence,Max Holloway,Max Holloway,2012-08-11,KO/TKO,2,UFC 150: Henderson vs Edgar II
Yushin Okami,Buddy Roberts,Yushin Okami,2012-08-11,KO/TKO,2,UFC 150: Henderson vs Edgar II
Jared Hamman,Michael Kuiper,Michael Kuiper,2012-08-11,KO/TKO,2,UFC 150: Henderson vs Edgar II
Dennis Bermudez,Tommy Hayden,Dennis Bermudez,2012-08-11,Submission,1,UFC 150: Henderson vs Edgar II
Ken Stone,Erik Perez,Erik Perez,2012-08-11,KO/TKO,1,UFC 150: Henderson vs Edgar II
Dustin Pague,Chico Camus,Chico Camus,2012-08-11,Decision - Unanimous,3,UFC 150: Henderson vs Edgar II
Nik Lentz,Eiji Mitsuoka,Nik Lentz,2012-08-11,KO/TKO,1,UFC 150: Henderson vs Edgar II
Urijah Faber,Renan Barao,Renan Barao,2012-07-21,Decision - Unanimous,5,UFC 149: Faber vs Barao
Hector Lombard,Tim Boetsch,Tim Boetsch,2012-07-21,Decision - Split,3,UFC 149: Faber vs Barao
Cheick Kongo,Shawn Jordan,Cheick Kongo,2012-07-21,Decision - Unanimous,3,UFC 149: Faber vs Barao
Brian Ebersole,James Head,James Head,2012-07-21,Decision - Split,3,UFC 149: Faber vs Barao
Court McGee,Nick Ring,Nick Ring,2012-07-21,Decision - Unanimous,3,UFC 149: Faber vs Barao
Anthony Perosh,Ryan Jimmo,Ryan Jimmo,2012-07-21,KO/TKO,1,UFC 149: Faber vs Barao
Bryan Caraway,Mitch Gagnon,Bryan Caraway,2012-07-21,Submission,3,UFC 149: Faber vs Barao
Mitch Clarke,Anton Kuivanen,Anton Kuivanen,2012-07-21,Decision - Split,3,UFC 149: Faber vs Barao
Mark Munoz,Chris Weidman,Chris Weidman,2012-07-11,KO/TKO,2,UFC on FUEL TV: Munoz vs Weidman
Antonio Carvalho,Daniel Pineda,Antonio Carvalho,2012-07-21,KO/TKO,1,UFC 149: Faber vs Barao
James Te Huna,Joey Beltran,James Te Huna,2012-07-11,Decision - Unanimous,3,UFC on FUEL TV: Munoz vs Weidman
Aaron Simpson,Kenny Robertson,Aaron Simpson,2012-07-11,Decision - Unanimous,3,UFC on FUEL TV: Munoz vs Weidman
Karlos Vemola,Francis Carmont,Francis Carmont,2012-07-11,Submission,2,UFC on FUEL TV: Munoz vs Weidman
TJ Dillashaw,Vaughan Lee,TJ Dillashaw,2012-07-11,Submission,1,UFC on FUEL TV: Munoz vs Weidman
Rafael Dos Anjos,Anthony Njokuani,Rafael Dos Anjos,2012-07-11,Decision - Unanimous,3,UFC on FUEL TV: Munoz vs Weidman
Damacio Page,Alex Caceres,Alex Caceres,2012-07-11,Submission,2,UFC on FUEL TV: Munoz vs Weidman
Chris Cariaso,Josh Ferguson,Chris Cariaso,2012-07-11,Decision - Unanimous,3,UFC on FUEL TV: Munoz vs Weidman
Rafael Natal,Andrew Craig,Andrew Craig,2012-07-11,KO/TKO,2,UFC on FUEL TV: Munoz vs Weidman
Marcelo Guimaraes,Dan Stittgen,Marcelo Guimaraes,2012-07-11,Decision - Split,3,UFC on FUEL TV: Munoz vs Weidman
Anderson Silva,Chael Sonnen,Anderson Silva,2012-07-07,KO/TKO,2,UFC 148: Silva vs Sonnen 2
Raphael Assuncao,Issei Tamura,Raphael Assuncao,2012-07-11,KO/TKO,2,UFC on FUEL TV: Munoz vs Weidman
Cung Le,Patrick Cote,Cung Le,2012-07-07,Decision - Unanimous,3,UFC 148: Silva vs Sonnen 2
Dong Hyun Kim,Demian Maia,Demian Maia,2012-07-07,KO/TKO,1,UFC 148: Silva vs Sonnen 2
Forrest Griffin,Tito Ortiz,Forrest Griffin,2012-07-07,Decision - Unanimous,3,UFC 148: Silva vs Sonnen 2
Chad Mendes,Cody McKenzie,Chad Mendes,2012-07-07,KO/TKO,1,UFC 148: Silva vs Sonnen 2
Ivan Menjivar,Mike Easton,Mike Easton,2012-07-07,Decision - Unanimous,3,UFC 148: Silva vs Sonnen 2
Gleison Tibau,Khabib Nurmagomedov,Khabib Nurmagomedov,2012-07-07,Decision - Unanimous,3,UFC 148: Silva vs Sonnen 2
Constantinos Philippou,Riki Fukuda,Constantinos Philippou,2012-07-07,Decision - Unanimous,3,UFC 148: Silva vs Sonnen 2
Melvin Guillard,Fabricio Camoes,Melvin Guillard,2012-07-07,Decision - Unanimous,3,UFC 148: Silva vs Sonnen 2
Wanderlei Silva,Rich Franklin,Rich Franklin,2012-06-23,Decision - Unanimous,5,UFC 147: Silva vs Franklin 2
John Alessio,Shane Roller,Shane Roller,2012-07-07,Decision - Unanimous,3,UFC 148: Silva vs Sonnen 2
Rafaello Oliveira,Yoislandy Izquierdo,Rafaello Oliveira,2012-07-07,Decision - Unanimous,3,UFC 148: Silva vs Sonnen 2
Godofredo Pepey,Rony Jason,Rony Jason,2012-06-23,Decision - Unanimous,3,UFC 147: Silva vs Franklin 2
Cezar Ferreira,Sergio Moraes,Cezar Ferreira,2012-06-23,Decision - Unanimous,3,UFC 147: Silva vs Franklin 2
Iuri Alcantara,Hacran Dias,Hacran Dias,2012-06-23,Decision - Unanimous,3,UFC 147: Silva vs Franklin 2
Fabricio Werdum,Mike Russow,Fabricio Werdum,2012-06-23,KO/TKO,1,UFC 147: Silva vs Franklin 2
Anistavio Medeiros,Rodrigo Damm,Rodrigo Damm,2012-06-23,Submission,1,UFC 147: Silva vs Franklin 2
Delson Heleno,Francisco Trinaldo,Francisco Trinaldo,2012-06-23,KO/TKO,1,UFC 147: Silva vs Franklin 2
John Teixeira,Hugo Viana,Hugo Viana,2012-06-23,Decision - Split,3,UFC 147: Silva vs Franklin 2
Thiago Perpetuo,Leonardo Mafra,Thiago Perpetuo,2012-06-23,KO/TKO,3,UFC 147: Silva vs Franklin 2
Marcos Vinicius,Wagner Campos,Marcos Vinicius,2012-06-23,KO/TKO,3,UFC 147: Silva vs Franklin 2
Brian Ebersole,TJ Waldburger,Brian Ebersole,2012-06-22,Decision - Unanimous,3,UFC on FX: Maynard vs Guida
Sam Stout,Spencer Fisher,Sam Stout,2012-06-22,Decision - Unanimous,3,UFC on FX: Maynard vs Guida
Gray Maynard,Clay Guida,Gray Maynard,2012-06-22,Decision - Split,5,UFC on FX: Maynard vs Guida
Hatsu Hioki,Ricardo Lamas,Ricardo Lamas,2012-06-22,Decision - Unanimous,3,UFC on FX: Maynard vs Guida
Ramsey Nijem,CJ Keith,Ramsey Nijem,2012-06-22,KO/TKO,1,UFC on FX: Maynard vs Guida
Ross Pearson,Cub Swanson,Cub Swanson,2012-06-22,KO/TKO,2,UFC on FX: Maynard vs Guida
Steven Siler,Joey Gambino,Steven Siler,2012-06-22,Submission,1,UFC on FX: Maynard vs Guida
Rick Story,Brock Jardine,Rick Story,2012-06-22,Decision - Unanimous,3,UFC on FX: Maynard vs Guida
Nick Catone,Chris Camozzi,Chris Camozzi,2012-06-22,TKO - Doctor's Stoppage,3,UFC on FX: Maynard vs Guida
Matt Brown,Luis Ramos,Matt Brown,2012-06-22,KO/TKO,2,UFC on FX: Maynard vs Guida
Demetrious Johnson,Ian McCall,Demetrious Johnson,2012-06-08,Decision - Unanimous,3,UFC on FX: Johnson vs McCall
Dan Miller,Ricardo Funch,Dan Miller,2012-06-22,Submission,3,UFC on FX: Maynard vs Guida
Ken Stone,Dustin Pague,Ken Stone,2012-06-22,Decision - Split,3,UFC on FX: Maynard vs Guida
Erick Silva,Charlie Brenneman,Erick Silva,2012-06-08,Submission,1,UFC on FX: Johnson vs McCall
Mike Pyle,Josh Neer,Mike Pyle,2012-06-08,KO/TKO,1,UFC on FX: Johnson vs McCall
Eddie Wineland,Scott Jorgensen,Eddie Wineland,2012-06-08,KO/TKO,2,UFC on FX: Johnson vs McCall
Seth Baczynski,Lance Benoist,Seth Baczynski,2012-06-08,Decision - Split,3,UFC on FX: Johnson vs McCall
Leonard Garcia,Matt Grice,Matt Grice,2012-06-08,Decision - Unanimous,3,UFC on FX: Johnson vs McCall
Mike Pierce,Carlos Eduardo Rocha,Mike Pierce,2012-06-08,Decision - Unanimous,3,UFC on FX: Johnson vs McCall
Dustin Pague,Jared Papazian,Dustin Pague,2012-06-08,Submission,1,UFC on FX: Johnson vs McCall
Tim Means,Justin Salas,Tim Means,2012-06-08,KO/TKO,1,UFC on FX: Johnson vs McCall
Henry Martinez,Bernardo Magalhaes,Henry Martinez,2012-06-08,Decision - Split,3,UFC on FX: Johnson vs McCall
Buddy Roberts,Caio Magalhaes,Buddy Roberts,2012-06-08,Decision - Unanimous,3,UFC on FX: Johnson vs McCall
Jake Hecht,Sean Pierson,Sean Pierson,2012-06-08,Decision - Unanimous,3,UFC on FX: Johnson vs McCall
Jake Ellenberger,Martin Kampmann,Martin Kampmann,2012-06-01,KO/TKO,2,The Ultimate Fighter: Live Finale
Jonathan Brookins,Charles Oliveira,Charles Oliveira,2012-06-01,Submission,2,The Ultimate Fighter: Live Finale
Michael Chiesa,Al Iaquinta,Michael Chiesa,2012-06-01,Submission,1,The Ultimate Fighter: Live Finale
Justin Lawrence,John Cofer,Justin Lawrence,2012-06-01,KO/TKO,3,The Ultimate Fighter: Live Finale
Max Holloway,Pat Schilling,Max Holloway,2012-06-01,Decision - Unanimous,3,The Ultimate Fighter: Live Finale
Daron Cruickshank,Chris Tickle,Daron Cruickshank,2012-06-01,Decision - Unanimous,3,The Ultimate Fighter: Live Finale
Myles Jury,Chris Saunders,Myles Jury,2012-06-01,Submission,1,The Ultimate Fighter: Live Finale
Cristiano Marcello,Sam Sicilia,Sam Sicilia,2012-06-01,KO/TKO,2,The Ultimate Fighter: Live Finale
Joe Proctor,Jeremy Larsen,Joe Proctor,2012-06-01,KO/TKO,1,The Ultimate Fighter: Live Finale
John Albert,Erik Perez,Erik Perez,2012-06-01,Submission,1,The Ultimate Fighter: Live Finale
Roy Nelson,Dave Herman,Roy Nelson,2012-05-26,KO/TKO,1,UFC 146: Dos Santos vs Mir
Cain Velasquez,Antonio Silva,Cain Velasquez,2012-05-26,KO/TKO,1,UFC 146: Dos Santos vs Mir
Junior Dos Santos,Frank Mir,Junior Dos Santos,2012-05-26,KO/TKO,2,UFC 146: Dos Santos vs Mir
Stipe Miocic,Shane del Rosario,Stipe Miocic,2012-05-26,KO/TKO,2,UFC 146: Dos Santos vs Mir
Stefan Struve,Lavar Johnson,Stefan Struve,2012-05-26,Submission,1,UFC 146: Dos Santos vs Mir
Diego Brandao,Darren Elkins,Darren Elkins,2012-05-26,Decision - Unanimous,3,UFC 146: Dos Santos vs Mir
Dan Hardy,Duane Ludwig,Dan Hardy,2012-05-26,KO/TKO,1,UFC 146: Dos Santos vs Mir
Edson Barboza,Jamie Varner,Jamie Varner,2012-05-26,KO/TKO,1,UFC 146: Dos Santos vs Mir
Jacob Volkmann,Paul Sass,Paul Sass,2012-05-26,Submission,1,UFC 146: Dos Santos vs Mir
Jason Miller,CB Dollaway,CB Dollaway,2012-05-26,Decision - Unanimous,3,UFC 146: Dos Santos vs Mir
Mike Brown,Daniel Pineda,Mike Brown,2012-05-26,Decision - Unanimous,3,UFC 146: Dos Santos vs Mir
Kyle Kingsbury,Glover Teixeira,Glover Teixeira,2012-05-26,Submission,1,UFC 146: Dos Santos vs Mir
Chan Sung Jung,Dustin Poirier,Chan Sung Jung,2012-05-15,Submission,4,UFC on FUEL TV: Korean Zombie vs Poirier
Yves Jabouin,Jeff Hougland,Yves Jabouin,2012-05-15,Decision - Unanimous,3,UFC on FUEL TV: Korean Zombie vs Poirier
Donald Cerrone,Jeremy Stephens,Donald Cerrone,2012-05-15,Decision - Unanimous,3,UFC on FUEL TV: Korean Zombie vs Poirier
Amir Sadollah,Jorge Lopez,Amir Sadollah,2012-05-15,Decision - Split,3,UFC on FUEL TV: Korean Zombie vs Poirier
Jason MacDonald,Tom Lawlor,Tom Lawlor,2012-05-15,KO/TKO,1,UFC on FUEL TV: Korean Zombie vs Poirier
Igor Pokrajac,Fabio Maldonado,Igor Pokrajac,2012-05-15,Decision - Unanimous,3,UFC on FUEL TV: Korean Zombie vs Poirier
Brad Tavares,Dongi Yang,Brad Tavares,2012-05-15,Decision - Unanimous,3,UFC on FUEL TV: Korean Zombie vs Poirier
TJ Grant,Carlo Prater,TJ Grant,2012-05-15,Decision - Unanimous,3,UFC on FUEL TV: Korean Zombie vs Poirier
Cody McKenzie,Marcus LeVesseur,Cody McKenzie,2012-05-15,Submission,1,UFC on FUEL TV: Korean Zombie vs Poirier
Rafael Dos Anjos,Kamal Shalorus,Rafael Dos Anjos,2012-05-15,Submission,1,UFC on FUEL TV: Korean Zombie vs Poirier
Alex Soto,Francisco Rivera,Francisco Rivera,2012-05-15,Decision - Unanimous,3,UFC on FUEL TV: Korean Zombie vs Poirier
Jeff Curran,Johnny Eduardo,Johnny Eduardo,2012-05-15,Decision - Unanimous,3,UFC on FUEL TV: Korean Zombie vs Poirier
Nate Diaz,Jim Miller,Nate Diaz,2012-05-05,Submission,2,UFC on FOX: Diaz vs Miller
Josh Koscheck,Johny Hendricks,Johny Hendricks,2012-05-05,Decision - Split,3,UFC on FOX: Diaz vs Miller
Pat Barry,Lavar Johnson,Lavar Johnson,2012-05-05,KO/TKO,1,UFC on FOX: Diaz vs Miller
Rousimar Palhares,Alan Belcher,Alan Belcher,2012-05-05,KO/TKO,1,UFC on FOX: Diaz vs Miller
John Dodson,Tim Elliott,John Dodson,2012-05-05,Decision - Unanimous,3,UFC on FOX: Diaz vs Miller
John Hathaway,Pascal Krauss,John Hathaway,2012-05-05,Decision - Unanimous,3,UFC on FOX: Diaz vs Miller
Tony Ferguson,Michael Johnson,Michael Johnson,2012-05-05,Decision - Unanimous,3,UFC on FOX: Diaz vs Miller
Danny Castillo,John Cholish,Danny Castillo,2012-05-05,Decision - Unanimous,3,UFC on FOX: Diaz vs Miller
Dennis Bermudez,Pablo Garza,Dennis Bermudez,2012-05-05,Decision - Unanimous,3,UFC on FOX: Diaz vs Miller
Louis Gaudinot,John Lineker,Louis Gaudinot,2012-05-05,Submission,2,UFC on FOX: Diaz vs Miller
Roland Delorme,Nick Denis,Roland Delorme,2012-05-05,Submission,1,UFC on FOX: Diaz vs Miller
Jon Jones,Rashad Evans,Jon Jones,2012-04-21,Decision - Unanimous,5,UFC 145: Jones vs Evans
Rory MacDonald,Che Mills,Rory MacDonald,2012-04-21,KO/TKO,2,UFC 145: Jones vs Evans
Mike Massenzio,Karlos Vemola,Karlos Vemola,2012-05-05,Submission,2,UFC on FOX: Diaz vs Miller
Mark Hominick,Eddie Yagin,Eddie Yagin,2012-04-21,Decision - Split,3,UFC 145: Jones vs Evans
Brendan Schaub,Ben Rothwell,Ben Rothwell,2012-04-21,KO/TKO,1,UFC 145: Jones vs Evans
Miguel Torres,Michael McDonald,Michael McDonald,2012-04-21,KO/TKO,1,UFC 145: Jones vs Evans
Travis Browne,Chad Griggs,Travis Browne,2012-04-21,Submission,1,UFC 145: Jones vs Evans
Mark Bocek,John Alessio,Mark Bocek,2012-04-21,Decision - Unanimous,3,UFC 145: Jones vs Evans
John Makdessi,Anthony Njokuani,Anthony Njokuani,2012-04-21,Decision - Unanimous,3,UFC 145: Jones vs Evans
Matt Brown,Stephen Thompson,Matt Brown,2012-04-21,Decision - Unanimous,3,UFC 145: Jones vs Evans
Mac Danzig,Efrain Escudero,Mac Danzig,2012-04-21,Decision - Unanimous,3,UFC 145: Jones vs Evans
Keith Wisniewski,Chris Clements,Chris Clements,2012-04-21,Decision - Split,3,UFC 145: Jones vs Evans
Marcus Brimage,Maximo Blanco,Marcus Brimage,2012-04-21,Decision - Split,3,UFC 145: Jones vs Evans
Alexander Gustafsson,Thiago Silva,Alexander Gustafsson,2012-04-14,Decision - Unanimous,3,UFC on FUEL TV: Gustafsson vs Silva
Brian Stann,Alessio Sakara,Brian Stann,2012-04-14,KO/TKO,1,UFC on FUEL TV: Gustafsson vs Silva
Paulo Thiago,Siyar Bahadurzada,Siyar Bahadurzada,2012-04-14,KO/TKO,1,UFC on FUEL TV: Gustafsson vs Silva
Dennis Siver,Diego Nunes,Dennis Siver,2012-04-14,Decision - Unanimous,3,UFC on FUEL TV: Gustafsson vs Silva
DaMarques Johnson,John Maguire,John Maguire,2012-04-14,Submission,2,UFC on FUEL TV: Gustafsson vs Silva
Cyrille Diabate,Tom DeBlass,Cyrille Diabate,2012-04-14,Decision - Majority,3,UFC on FUEL TV: Gustafsson vs Silva
Brad Pickett,Damacio Page,Brad Pickett,2012-04-14,Submission,2,UFC on FUEL TV: Gustafsson vs Silva
Papy Abedi,James Head,James Head,2012-04-14,Submission,1,UFC on FUEL TV: Gustafsson vs Silva
Francis Carmont,Magnus Cedenblad,Francis Carmont,2012-04-14,Submission,2,UFC on FUEL TV: Gustafsson vs Silva
Reza Madadi,Yoislandy Izquierdo,Reza Madadi,2012-04-14,Submission,2,UFC on FUEL TV: Gustafsson vs Silva
Simeon Thoresen,Besam Yousef,Simeon Thoresen,2012-04-14,Submission,2,UFC on FUEL TV: Gustafsson vs Silva
Joseph Benavidez,Yasuhiro Urushitani,Joseph Benavidez,2012-03-02,KO/TKO,2,UFC on FX: Alves vs Kampmann
Jason Young,Eric Wisely,Jason Young,2012-04-14,Decision - Unanimous,3,UFC on FUEL TV: Gustafsson vs Silva
Court McGee,Constantinos Philippou,Constantinos Philippou,2012-03-02,Decision - Unanimous,3,UFC on FX: Alves vs Kampmann
Thiago Alves,Martin Kampmann,Martin Kampmann,2012-03-02,Submission,3,UFC on FX: Alves vs Kampmann
Anthony Perosh,Nick Penner,Anthony Perosh,2012-03-02,KO/TKO,1,UFC on FX: Alves vs Kampmann
James Te Huna,Aaron Rosa,James Te Huna,2012-03-02,KO/TKO,1,UFC on FX: Alves vs Kampmann
Cole Miller,Steven Siler,Steven Siler,2012-03-02,Decision - Unanimous,3,UFC on FX: Alves vs Kampmann
TJ Waldburger,Jake Hecht,TJ Waldburger,2012-03-02,Submission,1,UFC on FX: Alves vs Kampmann
Kyle Noke,Andrew Craig,Andrew Craig,2012-03-02,Decision - Unanimous,3,UFC on FX: Alves vs Kampmann
Mackens Semerzier,Daniel Pineda,Daniel Pineda,2012-03-02,Submission,1,UFC on FX: Alves vs Kampmann
Oli Thompson,Shawn Jordan,Shawn Jordan,2012-03-02,KO/TKO,2,UFC on FX: Alves vs Kampmann
Diego Sanchez,Jake Ellenberger,Jake Ellenberger,2012-02-15,Decision - Unanimous,3,UFC on FUEL TV: Sanchez vs Ellenberger
Aaron Simpson,Ronny Markes,Ronny Markes,2012-02-15,Decision - Split,3,UFC on FUEL TV: Sanchez vs Ellenberger
Stefan Struve,Dave Herman,Stefan Struve,2012-02-15,KO/TKO,2,UFC on FUEL TV: Sanchez vs Ellenberger
Stipe Miocic,Philip De Fries,Stipe Miocic,2012-02-15,KO/TKO,1,UFC on FUEL TV: Sanchez vs Ellenberger
Ivan Menjivar,John Albert,Ivan Menjivar,2012-02-15,Submission,1,UFC on FUEL TV: Sanchez vs Ellenberger
TJ Dillashaw,Walel Watson,TJ Dillashaw,2012-02-15,Decision - Unanimous,3,UFC on FUEL TV: Sanchez vs Ellenberger
Jonathan Brookins,Vagner Rocha,Jonathan Brookins,2012-02-15,KO/TKO,1,UFC on FUEL TV: Sanchez vs Ellenberger
Anton Kuivanen,Justin Salas,Justin Salas,2012-02-15,Decision - Unanimous,3,UFC on FUEL TV: Sanchez vs Ellenberger
Tim Means,Bernardo Magalhaes,Tim Means,2012-02-15,Decision - Unanimous,3,UFC on FUEL TV: Sanchez vs Ellenberger
Frankie Edgar,Benson Henderson,Benson Henderson,2012-02-25,Decision - Unanimous,5,UFC 144: Edgar vs Henderson
Quinton Jackson,Ryan Bader,Ryan Bader,2012-02-25,Decision - Unanimous,3,UFC 144: Edgar vs Henderson
Mark Hunt,Cheick Kongo,Mark Hunt,2012-02-25,KO/TKO,1,UFC 144: Edgar vs Henderson
Yoshihiro Akiyama,Jake Shields,Jake Shields,2012-02-25,Decision - Unanimous,3,UFC 144: Edgar vs Henderson
Yushin Okami,Tim Boetsch,Tim Boetsch,2012-02-25,KO/TKO,3,UFC 144: Edgar vs Henderson
Hatsu Hioki,Bart Palaszewski,Hatsu Hioki,2012-02-25,Decision - Unanimous,3,UFC 144: Edgar vs Henderson
Takanori Gomi,Eiji Mitsuoka,Takanori Gomi,2012-02-25,KO/TKO,2,UFC 144: Edgar vs Henderson
Anthony Pettis,Joe Lauzon,Anthony Pettis,2012-02-25,KO/TKO,1,UFC 144: Edgar vs Henderson
Norifumi Yamamoto,Vaughan Lee,Vaughan Lee,2012-02-25,Submission,1,UFC 144: Edgar vs Henderson
Riki Fukuda,Steve Cantwell,Riki Fukuda,2012-02-25,Decision - Unanimous,3,UFC 144: Edgar vs Henderson
Zhang Tiequan,Issei Tamura,Issei Tamura,2012-02-25,KO/TKO,2,UFC 144: Edgar vs Henderson
Nick Diaz,Carlos Condit,Carlos Condit,2012-02-04,Decision - Unanimous,5,UFC 143: Diaz vs Condit
Takeya Mizugaki,Chris Cariaso,Chris Cariaso,2012-02-25,Decision - Unanimous,3,UFC 144: Edgar vs Henderson
Roy Nelson,Fabricio Werdum,Fabricio Werdum,2012-02-04,Decision - Unanimous,3,UFC 143: Diaz vs Condit
Josh Koscheck,Mike Pierce,Josh Koscheck,2012-02-04,Decision - Split,3,UFC 143: Diaz vs Condit
Renan Barao,Scott Jorgensen,Renan Barao,2012-02-04,Decision - Unanimous,3,UFC 143: Diaz vs Condit
Dustin Poirier,Max Holloway,Dustin Poirier,2012-02-04,Submission,1,UFC 143: Diaz vs Condit
Ed Herman,Clifford Starks,Ed Herman,2012-02-04,Submission,2,UFC 143: Diaz vs Condit
Matthew Riddle,Henry Martinez,Matthew Riddle,2012-02-04,Decision - Split,3,UFC 143: Diaz vs Condit
Matt Brown,Chris Cope,Matt Brown,2012-02-04,KO/TKO,2,UFC 143: Diaz vs Condit
Alex Caceres,Edwin Figueroa,Edwin Figueroa,2012-02-04,Decision - Split,3,UFC 143: Diaz vs Condit
Dan Stittgen,Stephen Thompson,Stephen Thompson,2012-02-04,KO/TKO,1,UFC 143: Diaz vs Condit
Rafael Natal,Michael Kuiper,Rafael Natal,2012-02-04,Decision - Unanimous,3,UFC 143: Diaz vs Condit
Rashad Evans,Phil Davis,Rashad Evans,2012-01-28,Decision - Unanimous,5,UFC on FOX: Evans vs Davis
Chael Sonnen,Michael Bisping,Chael Sonnen,2012-01-28,Decision - Unanimous,3,UFC on FOX: Evans vs Davis
Demian Maia,Chris Weidman,Chris Weidman,2012-01-28,Decision - Unanimous,3,UFC on FOX: Evans vs Davis
Mike Russow,Jon Olav Einemo,Mike Russow,2012-01-28,Decision - Unanimous,3,UFC on FOX: Evans vs Davis
Evan Dunham,Nik Lentz,Evan Dunham,2012-01-28,TKO - Doctor's Stoppage,2,UFC on FOX: Evans vs Davis
Cub Swanson,George Roop,Cub Swanson,2012-01-28,KO/TKO,2,UFC on FOX: Evans vs Davis
Michael Johnson,Shane Roller,Michael Johnson,2012-01-28,Decision - Unanimous,3,UFC on FOX: Evans vs Davis
Charles Oliveira,Eric Wisely,Charles Oliveira,2012-01-28,Submission,1,UFC on FOX: Evans vs Davis
Joey Beltran,Lavar Johnson,Lavar Johnson,2012-01-28,KO/TKO,1,UFC on FOX: Evans vs Davis
Chris Camozzi,Dustin Jacoby,Chris Camozzi,2012-01-28,Submission,3,UFC on FOX: Evans vs Davis
Melvin Guillard,Jim Miller,Jim Miller,2012-01-20,Submission,1,UFC on FX: Guillard vs Miller
Duane Ludwig,Josh Neer,Josh Neer,2012-01-20,Submission,1,UFC on FX: Guillard vs Miller
Mike Easton,Jared Papazian,Mike Easton,2012-01-20,Decision - Majority,3,UFC on FX: Guillard vs Miller
Pat Barry,Christian Morecraft,Pat Barry,2012-01-20,KO/TKO,1,UFC on FX: Guillard vs Miller
Kamal Shalorus,Khabib Nurmagomedov,Khabib Nurmagomedov,2012-01-20,Submission,3,UFC on FX: Guillard vs Miller
Fabricio Camoes,Tommy Hayden,Fabricio Camoes,2012-01-20,Submission,1,UFC on FX: Guillard vs Miller
Jorge Rivera,Eric Schafer,Jorge Rivera,2012-01-20,KO/TKO,2,UFC on FX: Guillard vs Miller
Charlie Brenneman,Daniel Roberts,Charlie Brenneman,2012-01-20,Decision - Unanimous,3,UFC on FX: Guillard vs Miller
Daniel Pineda,Pat Schilling,Daniel Pineda,2012-01-20,Submission,1,UFC on FX: Guillard vs Miller
Jose Aldo,Chad Mendes,Jose Aldo,2012-01-14,KO/TKO,1,UFC 142: Aldo vs Mendes
Joseph Sandoval,Nick Denis,Nick Denis,2012-01-20,KO/TKO,1,UFC on FX: Guillard vs Miller
Rousimar Palhares,Mike Massenzio,Rousimar Palhares,2012-01-14,Submission,1,UFC 142: Aldo vs Mendes
Vitor Belfort,Anthony Johnson,Vitor Belfort,2012-01-14,Submission,1,UFC 142: Aldo vs Mendes
Erick Silva,Carlo Prater,Carlo Prater,2012-01-14,DQ,1,UFC 142: Aldo vs Mendes
Edson Barboza,Terry Etim,Edson Barboza,2012-01-14,KO/TKO,3,UFC 142: Aldo vs Mendes
Thiago Tavares,Sam Stout,Thiago Tavares,2012-01-14,Decision - Unanimous,3,UFC 142: Aldo vs Mendes
Iuri Alcantara,Michihiro Omigawa,Iuri Alcantara,2012-01-14,Decision - Unanimous,3,UFC 142: Aldo vs Mendes
Gabriel Gonzaga,Ednaldo Oliveira,Gabriel Gonzaga,2012-01-14,Submission,1,UFC 142: Aldo vs Mendes
Ricardo Funch,Mike Pyle,Mike Pyle,2012-01-14,KO/TKO,1,UFC 142: Aldo vs Mendes
Felipe Arantes,Antonio Carvalho,Felipe Arantes,2012-01-14,Decision - Unanimous,3,UFC 142: Aldo vs Mendes
Brock Lesnar,Alistair Overeem,Alistair Overeem,2011-12-30,KO/TKO,1,UFC 141: Lesnar vs Overeem
Nate Diaz,Donald Cerrone,Nate Diaz,2011-12-30,Decision - Unanimous,3,UFC 141: Lesnar vs Overeem
Jon Fitch,Johny Hendricks,Johny Hendricks,2011-12-30,KO/TKO,1,UFC 141: Lesnar vs Overeem
Vladimir Matyushenko,Alexander Gustafsson,Alexander Gustafsson,2011-12-30,KO/TKO,1,UFC 141: Lesnar vs Overeem
Nam Phan,Jimy Hettes,Jimy Hettes,2011-12-30,Decision - Unanimous,3,UFC 141: Lesnar vs Overeem
Ross Pearson,Junior Assuncao,Ross Pearson,2011-12-30,Decision - Unanimous,3,UFC 141: Lesnar vs Overeem
Anthony Njokuani,Danny Castillo,Danny Castillo,2011-12-30,Decision - Split,3,UFC 141: Lesnar vs Overeem
Jacob Volkmann,Efrain Escudero,Jacob Volkmann,2011-12-30,Decision - Unanimous,3,UFC 141: Lesnar vs Overeem
Manvel Gamburyan,Diego Nunes,Diego Nunes,2011-12-30,Decision - Unanimous,3,UFC 141: Lesnar vs Overeem
Dong Hyun Kim,Sean Pierson,Dong Hyun Kim,2011-12-30,Decision - Unanimous,3,UFC 141: Lesnar vs Overeem
Frank Mir,Antonio Rodrigo Nogueira,Frank Mir,2011-12-10,Submission,1,UFC 140: Jones vs Machida
Tito Ortiz,Rogerio Nogueira,Rogerio Nogueira,2011-12-10,KO/TKO,1,UFC 140: Jones vs Machida
Mark Hominick,Chan Sung Jung,Chan Sung Jung,2011-12-10,KO/TKO,1,UFC 140: Jones vs Machida
Jon Jones,Lyoto Machida,Jon Jones,2011-12-10,Submission,2,UFC 140: Jones vs Machida
Claude Patrick,Brian Ebersole,Brian Ebersole,2011-12-10,Decision - Split,3,UFC 140: Jones vs Machida
Jared Hamman,Constantinos Philippou,Constantinos Philippou,2011-12-10,KO/TKO,1,UFC 140: Jones vs Machida
Krzysztof Soszynski,Igor Pokrajac,Igor Pokrajac,2011-12-10,KO/TKO,1,UFC 140: Jones vs Machida
John Makdessi,Dennis Hallman,Dennis Hallman,2011-12-10,Submission,1,UFC 140: Jones vs Machida
Mark Bocek,Nik Lentz,Mark Bocek,2011-12-10,Decision - Unanimous,3,UFC 140: Jones vs Machida
Walel Watson,Yves Jabouin,Yves Jabouin,2011-12-10,Decision - Split,3,UFC 140: Jones vs Machida
Rich Attonito,Jake Hecht,Jake Hecht,2011-12-10,KO/TKO,2,UFC 140: Jones vs Machida
Michael Bisping,Jason Miller,Michael Bisping,2011-12-03,KO/TKO,3,The Ultimate Fighter: Team Bisping vs Team Miller Finale
Mitch Clarke,John Cholish,John Cholish,2011-12-10,KO/TKO,2,UFC 140: Jones vs Machida
TJ Dillashaw,John Dodson,John Dodson,2011-12-03,KO/TKO,1,The Ultimate Fighter: Team Bisping vs Team Miller Finale
Diego Brandao,Dennis Bermudez,Diego Brandao,2011-12-03,Submission,1,The Ultimate Fighter: Team Bisping vs Team Miller Finale
Tony Ferguson,Yves Edwards,Tony Ferguson,2011-12-03,Decision - Unanimous,3,The Ultimate Fighter: Team Bisping vs Team Miller Finale
Louis Gaudinot,Johnny Bedford,Johnny Bedford,2011-12-03,KO/TKO,3,The Ultimate Fighter: Team Bisping vs Team Miller Finale
Marcus Brimage,Stephen Bass,Marcus Brimage,2011-12-03,Decision - Unanimous,3,The Ultimate Fighter: Team Bisping vs Team Miller Finale
Dustin Pague,John Albert,John Albert,2011-12-03,KO/TKO,1,The Ultimate Fighter: Team Bisping vs Team Miller Finale
Roland Delorme,Josh Ferguson,Roland Delorme,2011-12-03,Submission,3,The Ultimate Fighter: Team Bisping vs Team Miller Finale
Mauricio Rua,Dan Henderson,Dan Henderson,2011-11-19,Decision - Unanimous,5,UFC 139: Shogun vs Henderson
Steven Siler,Josh Clopton,Steven Siler,2011-12-03,Decision - Unanimous,3,The Ultimate Fighter: Team Bisping vs Team Miller Finale
Bryan Caraway,Dustin Neace,Bryan Caraway,2011-12-03,Submission,2,The Ultimate Fighter: Team Bisping vs Team Miller Finale
Urijah Faber,Brian Bowles,Urijah Faber,2011-11-19,Submission,2,UFC 139: Shogun vs Henderson
Wanderlei Silva,Cung Le,Wanderlei Silva,2011-11-19,KO/TKO,2,UFC 139: Shogun vs Henderson
Rick Story,Martin Kampmann,Martin Kampmann,2011-11-19,Decision - Split,3,UFC 139: Shogun vs Henderson
Stephan Bonnar,Kyle Kingsbury,Stephan Bonnar,2011-11-19,Decision - Unanimous,3,UFC 139: Shogun vs Henderson
Michael McDonald,Alex Soto,Michael McDonald,2011-11-19,KO/TKO,1,UFC 139: Shogun vs Henderson
Ryan Bader,Jason Brilz,Ryan Bader,2011-11-19,KO/TKO,1,UFC 139: Shogun vs Henderson
Tom Lawlor,Chris Weidman,Chris Weidman,2011-11-19,Submission,1,UFC 139: Shogun vs Henderson
Miguel Torres,Nick Pace,Miguel Torres,2011-11-19,Decision - Unanimous,3,UFC 139: Shogun vs Henderson
Matt Brown,Seth Baczynski,Seth Baczynski,2011-11-19,Submission,2,UFC 139: Shogun vs Henderson
Gleison Tibau,Rafael Dos Anjos,Gleison Tibau,2011-11-19,Decision - Split,3,UFC 139: Shogun vs Henderson
Cain Velasquez,Junior Dos Santos,Junior Dos Santos,2011-11-12,KO/TKO,1,UFC on FOX: Velasquez vs Dos Santos
Danny Castillo,Shamar Bailey,Danny Castillo,2011-11-19,KO/TKO,1,UFC 139: Shogun vs Henderson
Clay Guida,Benson Henderson,Benson Henderson,2011-11-12,Decision - Unanimous,3,UFC on FOX: Velasquez vs Dos Santos
Cub Swanson,Ricardo Lamas,Ricardo Lamas,2011-11-12,Submission,2,UFC on FOX: Velasquez vs Dos Santos
Dustin Poirier,Pablo Garza,Dustin Poirier,2011-11-12,Submission,2,UFC on FOX: Velasquez vs Dos Santos
Norifumi Yamamoto,Darren Uyenoyama,Darren Uyenoyama,2011-11-12,Decision - Unanimous,3,UFC on FOX: Velasquez vs Dos Santos
DaMarques Johnson,Clay Harvison,DaMarques Johnson,2011-11-12,KO/TKO,1,UFC on FOX: Velasquez vs Dos Santos
Alex Caceres,Cole Escovedo,Alex Caceres,2011-11-12,Decision - Unanimous,3,UFC on FOX: Velasquez vs Dos Santos
Mike Pierce,Paul Bradley,Mike Pierce,2011-11-12,Decision - Split,3,UFC on FOX: Velasquez vs Dos Santos
Aaron Rosa,Matt Lucas,Aaron Rosa,2011-11-12,Decision - Majority,3,UFC on FOX: Velasquez vs Dos Santos
Frankie Edgar,Gray Maynard,Frankie Edgar,2011-10-08,KO/TKO,4,UFC 136: Edgar vs Maynard 3
Jose Aldo,Kenny Florian,Jose Aldo,2011-10-08,Decision - Unanimous,5,UFC 136: Edgar vs Maynard 3
Chael Sonnen,Brian Stann,Chael Sonnen,2011-10-08,Submission,2,UFC 136: Edgar vs Maynard 3
Leonard Garcia,Nam Phan,Nam Phan,2011-10-08,Decision - Unanimous,3,UFC 136: Edgar vs Maynard 3
Melvin Guillard,Joe Lauzon,Joe Lauzon,2011-10-08,Submission,1,UFC 136: Edgar vs Maynard 3
Demian Maia,Jorge Santiago,Demian Maia,2011-10-08,Decision - Unanimous,3,UFC 136: Edgar vs Maynard 3
Joey Beltran,Stipe Miocic,Stipe Miocic,2011-10-08,Decision - Unanimous,3,UFC 136: Edgar vs Maynard 3
Anthony Pettis,Jeremy Stephens,Anthony Pettis,2011-10-08,Decision - Split,3,UFC 136: Edgar vs Maynard 3
Zhang Tiequan,Darren Elkins,Darren Elkins,2011-10-08,Decision - Unanimous,3,UFC 136: Edgar vs Maynard 3
Steve Cantwell,Mike Massenzio,Mike Massenzio,2011-10-08,Decision - Unanimous,3,UFC 136: Edgar vs Maynard 3
Aaron Simpson,Eric Schafer,Aaron Simpson,2011-10-08,Decision - Unanimous,3,UFC 136: Edgar vs Maynard 3
Thiago Alves,Papy Abedi,Thiago Alves,2011-11-05,Submission,1,UFC 138: Leben vs Munoz
Brad Pickett,Renan Barao,Renan Barao,2011-11-05,Submission,1,UFC 138: Leben vs Munoz
Chris Leben,Mark Munoz,Mark Munoz,2011-11-05,KO/TKO,2,UFC 138: Leben vs Munoz
Cyrille Diabate,Anthony Perosh,Anthony Perosh,2011-11-05,Submission,2,UFC 138: Leben vs Munoz
John Maguire,Justin Edwards,John Maguire,2011-11-05,Decision - Unanimous,3,UFC 138: Leben vs Munoz
Terry Etim,Edward Faaloloto,Terry Etim,2011-11-05,Submission,1,UFC 138: Leben vs Munoz
Rob Broughton,Philip De Fries,Philip De Fries,2011-11-05,Decision - Unanimous,3,UFC 138: Leben vs Munoz
Michihiro Omigawa,Jason Young,Michihiro Omigawa,2011-11-05,Decision - Unanimous,3,UFC 138: Leben vs Munoz
Chris Cope,Che Mills,Che Mills,2011-11-05,KO/TKO,1,UFC 138: Leben vs Munoz
Chris Cariaso,Vaughan Lee,Chris Cariaso,2011-11-05,Decision - Split,3,UFC 138: Leben vs Munoz
BJ Penn,Nick Diaz,Nick Diaz,2011-10-29,Decision - Unanimous,3,UFC 137: Penn vs Diaz
Scott Jorgensen,Jeff Curran,Scott Jorgensen,2011-10-29,Decision - Unanimous,3,UFC 137: Penn vs Diaz
Cheick Kongo,Matt Mitrione,Cheick Kongo,2011-10-29,Decision - Unanimous,3,UFC 137: Penn vs Diaz
Mirko Filipovic,Roy Nelson,Roy Nelson,2011-10-29,KO/TKO,3,UFC 137: Penn vs Diaz
Hatsu Hioki,George Roop,Hatsu Hioki,2011-10-29,Decision - Split,3,UFC 137: Penn vs Diaz
Dennis Siver,Donald Cerrone,Donald Cerrone,2011-10-29,Submission,1,UFC 137: Penn vs Diaz
Tyson Griffin,Bart Palaszewski,Bart Palaszewski,2011-10-29,KO/TKO,1,UFC 137: Penn vs Diaz
Brandon Vera,Eliot Marshall,Brandon Vera,2011-10-29,Decision - Unanimous,3,UFC 137: Penn vs Diaz
Chris Camozzi,Francis Carmont,Francis Carmont,2011-10-29,Decision - Unanimous,3,UFC 137: Penn vs Diaz
Ramsey Nijem,Danny Downes,Ramsey Nijem,2011-10-29,Decision - Unanimous,3,UFC 137: Penn vs Diaz
Dustin Jacoby,Clifford Starks,Clifford Starks,2011-10-29,Decision - Unanimous,3,UFC 137: Penn vs Diaz
Jon Jones,Quinton Jackson,Jon Jones,2011-09-24,Submission,4,UFC 135: Jones vs Rampage
Ben Rothwell,Mark Hunt,Mark Hunt,2011-09-24,Decision - Unanimous,3,UFC 135: Jones vs Rampage
Matt Hughes,Josh Koscheck,Josh Koscheck,2011-09-24,KO/TKO,1,UFC 135: Jones vs Rampage
Travis Browne,Rob Broughton,Travis Browne,2011-09-24,Decision - Unanimous,3,UFC 135: Jones vs Rampage
Nate Diaz,Takanori Gomi,Nate Diaz,2011-09-24,Submission,1,UFC 135: Jones vs Rampage
Nick Ring,Tim Boetsch,Tim Boetsch,2011-09-24,Decision - Unanimous,3,UFC 135: Jones vs Rampage
Tony Ferguson,Aaron Riley,Tony Ferguson,2011-09-24,TKO - Doctor's Stoppage,1,UFC 135: Jones vs Rampage
Junior Assuncao,Eddie Yagin,Junior Assuncao,2011-09-24,Decision - Unanimous,3,UFC 135: Jones vs Rampage
Takeya Mizugaki,Cole Escovedo,Takeya Mizugaki,2011-09-24,KO/TKO,2,UFC 135: Jones vs Rampage
James Te Huna,Ricardo Romero,James Te Huna,2011-09-24,KO/TKO,1,UFC 135: Jones vs Rampage
Anthony Johnson,Charlie Brenneman,Anthony Johnson,2011-10-01,KO/TKO,1,UFC Live: Cruz vs Johnson
Pat Barry,Stefan Struve,Stefan Struve,2011-10-01,Submission,2,UFC Live: Cruz vs Johnson
Dominick Cruz,Demetrious Johnson,Dominick Cruz,2011-10-01,Decision - Unanimous,5,UFC Live: Cruz vs Johnson
Yves Edwards,Rafaello Oliveira,Yves Edwards,2011-10-01,KO/TKO,2,UFC Live: Cruz vs Johnson
Matt Wiman,Mac Danzig,Matt Wiman,2011-10-01,Decision - Unanimous,3,UFC Live: Cruz vs Johnson
Mike Easton,Byron Bloodworth,Mike Easton,2011-10-01,KO/TKO,2,UFC Live: Cruz vs Johnson
Michael Johnson,Paul Sass,Paul Sass,2011-10-01,Submission,1,UFC Live: Cruz vs Johnson
Shane Roller,TJ Grant,TJ Grant,2011-10-01,Submission,3,UFC Live: Cruz vs Johnson
Walel Watson,Joseph Sandoval,Walel Watson,2011-10-01,KO/TKO,1,UFC Live: Cruz vs Johnson
Josh Neer,Keith Wisniewski,Josh Neer,2011-10-01,TKO - Doctor's Stoppage,2,UFC Live: Cruz vs Johnson
Court McGee,Dongi Yang,Court McGee,2011-09-17,Decision - Unanimous,3,UFC Fight Night: Shields vs Ellenberger
Jake Shields,Jake Ellenberger,Jake Ellenberger,2011-09-17,KO/TKO,1,UFC Fight Night: Shields vs Ellenberger
Jonathan Brookins,Erik Koch,Erik Koch,2011-09-17,Decision - Unanimous,3,UFC Fight Night: Shields vs Ellenberger
Cody McKenzie,Vagner Rocha,Vagner Rocha,2011-09-17,Submission,2,UFC Fight Night: Shields vs Ellenberger
Alan Belcher,Jason MacDonald,Alan Belcher,2011-09-17,KO/TKO,1,UFC Fight Night: Shields vs Ellenberger
Evan Dunham,Shamar Bailey,Evan Dunham,2011-09-17,Decision - Unanimous,3,UFC Fight Night: Shields vs Ellenberger
Matthew Riddle,Lance Benoist,Lance Benoist,2011-09-17,Decision - Unanimous,3,UFC Fight Night: Shields vs Ellenberger
Clay Harvison,Seth Baczynski,Seth Baczynski,2011-09-17,Submission,2,UFC Fight Night: Shields vs Ellenberger
Ken Stone,Donny Walker,Ken Stone,2011-09-17,Submission,1,UFC Fight Night: Shields vs Ellenberger
Justin Edwards,Jorge Lopez,Justin Edwards,2011-09-17,Decision - Unanimous,3,UFC Fight Night: Shields vs Ellenberger
TJ Waldburger,Mike Stumpf,TJ Waldburger,2011-09-17,Submission,1,UFC Fight Night: Shields vs Ellenberger
Robert Peralta,Mike Lullo,Robert Peralta,2011-09-17,Decision - Unanimous,3,UFC Fight Night: Shields vs Ellenberger
Jim Miller,Benson Henderson,Benson Henderson,2011-08-14,Decision - Unanimous,3,UFC Live: Hardy vs Lytle
Donald Cerrone,Charles Oliveira,Donald Cerrone,2011-08-14,KO/TKO,1,UFC Live: Hardy vs Lytle
Dan Hardy,Chris Lytle,Chris Lytle,2011-08-14,Submission,3,UFC Live: Hardy vs Lytle
Amir Sadollah,Duane Ludwig,Duane Ludwig,2011-08-14,Decision - Unanimous,3,UFC Live: Hardy vs Lytle
CB Dollaway,Jared Hamman,Jared Hamman,2011-08-14,KO/TKO,2,UFC Live: Hardy vs Lytle
Joseph Benavidez,Eddie Wineland,Joseph Benavidez,2011-08-14,Decision - Unanimous,3,UFC Live: Hardy vs Lytle
Ed Herman,Kyle Noke,Ed Herman,2011-08-14,Submission,1,UFC Live: Hardy vs Lytle
Jimy Hettes,Alex Caceres,Jimy Hettes,2011-08-14,Submission,2,UFC Live: Hardy vs Lytle
Cole Miller,TJ O'Brien,Cole Miller,2011-08-14,Submission,2,UFC Live: Hardy vs Lytle
Ronny Markes,Karlos Vemola,Ronny Markes,2011-08-14,Decision - Unanimous,3,UFC Live: Hardy vs Lytle
Jacob Volkmann,Danny Castillo,Jacob Volkmann,2011-08-14,Decision - Unanimous,3,UFC Live: Hardy vs Lytle
Rashad Evans,Tito Ortiz,Rashad Evans,2011-08-06,KO/TKO,2,UFC 133: Evans vs Ortiz 2
Vitor Belfort,Yoshihiro Akiyama,Vitor Belfort,2011-08-06,KO/TKO,1,UFC 133: Evans vs Ortiz 2
Dennis Hallman,Brian Ebersole,Brian Ebersole,2011-08-06,KO/TKO,1,UFC 133: Evans vs Ortiz 2
Edwin Figueroa,Jason Reinhardt,Edwin Figueroa,2011-08-14,KO/TKO,2,UFC Live: Hardy vs Lytle
Jorge Rivera,Constantinos Philippou,Constantinos Philippou,2011-08-06,Decision - Split,3,UFC 133: Evans vs Ortiz 2
Rory MacDonald,Mike Pyle,Rory MacDonald,2011-08-06,KO/TKO,1,UFC 133: Evans vs Ortiz 2
Matt Hamill,Alexander Gustafsson,Alexander Gustafsson,2011-08-06,KO/TKO,2,UFC 133: Evans vs Ortiz 2
Ivan Menjivar,Nick Pace,Ivan Menjivar,2011-08-06,Decision - Unanimous,3,UFC 133: Evans vs Ortiz 2
Chad Mendes,Rani Yahya,Chad Mendes,2011-08-06,Decision - Unanimous,3,UFC 133: Evans vs Ortiz 2
Johny Hendricks,Mike Pierce,Johny Hendricks,2011-08-06,Decision - Split,3,UFC 133: Evans vs Ortiz 2
Mike Brown,Nam Phan,Mike Brown,2011-08-06,Decision - Unanimous,3,UFC 133: Evans vs Ortiz 2
Rafael Natal,Paul Bradley,Rafael Natal,2011-08-06,Decision - Unanimous,3,UFC 133: Evans vs Ortiz 2
Anderson Silva,Yushin Okami,Anderson Silva,2011-08-27,KO/TKO,2,UFC 134: Silva vs Okami
Ross Pearson,Edson Barboza,Edson Barboza,2011-08-27,Decision - Split,3,UFC 134: Silva vs Okami
Mauricio Rua,Forrest Griffin,Mauricio Rua,2011-08-27,KO/TKO,1,UFC 134: Silva vs Okami
Antonio Rodrigo Nogueira,Brendan Schaub,Antonio Rodrigo Nogueira,2011-08-27,KO/TKO,1,UFC 134: Silva vs Okami
Luiz Cane,Stanislav Nedkov,Stanislav Nedkov,2011-08-27,KO/TKO,1,UFC 134: Silva vs Okami
Thiago Tavares,Spencer Fisher,Thiago Tavares,2011-08-27,KO/TKO,2,UFC 134: Silva vs Okami
Rousimar Palhares,Dan Miller,Rousimar Palhares,2011-08-27,Decision - Unanimous,3,UFC 134: Silva vs Okami
Raphael Assuncao,Johnny Eduardo,Raphael Assuncao,2011-08-27,Decision - Unanimous,3,UFC 134: Silva vs Okami
Paulo Thiago,David Mitchell,Paulo Thiago,2011-08-27,Decision - Unanimous,3,UFC 134: Silva vs Okami
Erick Silva,Luis Ramos,Erick Silva,2011-08-27,KO/TKO,1,UFC 134: Silva vs Okami
Dominick Cruz,Urijah Faber,Dominick Cruz,2011-07-02,Decision - Unanimous,5,UFC 132: Cruz vs Faber
Iuri Alcantara,Felipe Arantes,Iuri Alcantara,2011-08-27,Decision - Unanimous,3,UFC 134: Silva vs Okami
Yves Jabouin,Ian Loveland,Yves Jabouin,2011-08-27,Decision - Split,3,UFC 134: Silva vs Okami
Wanderlei Silva,Chris Leben,Chris Leben,2011-07-02,KO/TKO,1,UFC 132: Cruz vs Faber
Tito Ortiz,Ryan Bader,Tito Ortiz,2011-07-02,Submission,1,UFC 132: Cruz vs Faber
Dennis Siver,Matt Wiman,Dennis Siver,2011-07-02,Decision - Unanimous,3,UFC 132: Cruz vs Faber
Carlos Condit,Dong Hyun Kim,Carlos Condit,2011-07-02,KO/TKO,1,UFC 132: Cruz vs Faber
Melvin Guillard,Shane Roller,Melvin Guillard,2011-07-02,KO/TKO,1,UFC 132: Cruz vs Faber
Brian Bowles,Takeya Mizugaki,Brian Bowles,2011-07-02,Decision - Unanimous,3,UFC 132: Cruz vs Faber
George Sotiropoulos,Rafael Dos Anjos,Rafael Dos Anjos,2011-07-02,KO/TKO,1,UFC 132: Cruz vs Faber
Brad Tavares,Aaron Simpson,Aaron Simpson,2011-07-02,Decision - Unanimous,3,UFC 132: Cruz vs Faber
Jeff Hougland,Donny Walker,Jeff Hougland,2011-07-02,Decision - Unanimous,3,UFC 132: Cruz vs Faber
Anthony Njokuani,Andre Winner,Anthony Njokuani,2011-07-02,Decision - Unanimous,3,UFC 132: Cruz vs Faber
Shane Carwin,Junior Dos Santos,Junior Dos Santos,2011-06-11,Decision - Unanimous,3,UFC 131: Dos Santos vs Carwin
Kenny Florian,Diego Nunes,Kenny Florian,2011-06-11,Decision - Unanimous,3,UFC 131: Dos Santos vs Carwin
Dave Herman,Jon Olav Einemo,Dave Herman,2011-06-11,KO/TKO,2,UFC 131: Dos Santos vs Carwin
Mark Munoz,Demian Maia,Mark Munoz,2011-06-11,Decision - Unanimous,3,UFC 131: Dos Santos vs Carwin
Vagner Rocha,Donald Cerrone,Donald Cerrone,2011-06-11,Decision - Unanimous,3,UFC 131: Dos Santos vs Carwin
Jesse Bongfeldt,Chris Weidman,Chris Weidman,2011-06-11,Submission,1,UFC 131: Dos Santos vs Carwin
Yves Edwards,Sam Stout,Sam Stout,2011-06-11,KO/TKO,1,UFC 131: Dos Santos vs Carwin
Mike Massenzio,Krzysztof Soszynski,Krzysztof Soszynski,2011-06-11,Decision - Unanimous,3,UFC 131: Dos Santos vs Carwin
Nick Ring,James Head,Nick Ring,2011-06-11,Submission,3,UFC 131: Dos Santos vs Carwin
Dustin Poirier,Jason Young,Dustin Poirier,2011-06-11,Decision - Unanimous,3,UFC 131: Dos Santos vs Carwin
Joey Beltran,Aaron Rosa,Joey Beltran,2011-06-11,KO/TKO,3,UFC 131: Dos Santos vs Carwin
Ramsey Nijem,Tony Ferguson,Tony Ferguson,2011-06-04,KO/TKO,1,The Ultimate Fighter: Team Lesnar vs Team dos Santos Finale
Darren Elkins,Michihiro Omigawa,Darren Elkins,2011-06-11,Decision - Unanimous,3,UFC 131: Dos Santos vs Carwin
Clay Guida,Anthony Pettis,Clay Guida,2011-06-04,Decision - Unanimous,3,The Ultimate Fighter: Team Lesnar vs Team dos Santos Finale
Ed Herman,Tim Credeur,Ed Herman,2011-06-04,KO/TKO,1,The Ultimate Fighter: Team Lesnar vs Team dos Santos Finale
Fabio Maldonado,Kyle Kingsbury,Kyle Kingsbury,2011-06-04,Decision - Unanimous,3,The Ultimate Fighter: Team Lesnar vs Team dos Santos Finale
Chuck O'Neil,Chris Cope,Chris Cope,2011-06-04,Decision - Unanimous,3,The Ultimate Fighter: Team Lesnar vs Team dos Santos Finale
Danny Downes,Jeremy Stephens,Jeremy Stephens,2011-06-04,Decision - Unanimous,3,The Ultimate Fighter: Team Lesnar vs Team dos Santos Finale
Ryan McGillivray,Shamar Bailey,Shamar Bailey,2011-06-04,Decision - Unanimous,3,The Ultimate Fighter: Team Lesnar vs Team dos Santos Finale
Clay Harvison,Justin Edwards,Clay Harvison,2011-06-04,Decision - Split,3,The Ultimate Fighter: Team Lesnar vs Team dos Santos Finale
Josh Grispi,George Roop,George Roop,2011-06-04,KO/TKO,3,The Ultimate Fighter: Team Lesnar vs Team dos Santos Finale
Cheick Kongo,Pat Barry,Cheick Kongo,2011-06-26,KO/TKO,1,UFC Live: Kongo vs Barry
Scott Jorgensen,Ken Stone,Scott Jorgensen,2011-06-04,KO/TKO,1,The Ultimate Fighter: Team Lesnar vs Team dos Santos Finale
Reuben Duran,Francisco Rivera,Reuben Duran,2011-06-04,Submission,3,The Ultimate Fighter: Team Lesnar vs Team dos Santos Finale
Charlie Brenneman,Rick Story,Charlie Brenneman,2011-06-26,Decision - Unanimous,3,UFC Live: Kongo vs Barry
Matt Brown,John Howard,Matt Brown,2011-06-26,Decision - Unanimous,3,UFC Live: Kongo vs Barry
Christian Morecraft,Matt Mitrione,Matt Mitrione,2011-06-26,KO/TKO,2,UFC Live: Kongo vs Barry
Tyson Griffin,Manvel Gamburyan,Tyson Griffin,2011-06-26,Decision - Unanimous,3,UFC Live: Kongo vs Barry
Joe Stevenson,Javier Vazquez,Javier Vazquez,2011-06-26,Decision - Unanimous,3,UFC Live: Kongo vs Barry
Joe Lauzon,Curt Warburton,Joe Lauzon,2011-06-26,Submission,1,UFC Live: Kongo vs Barry
Daniel Roberts,Rich Attonito,Rich Attonito,2011-06-26,Decision - Unanimous,3,UFC Live: Kongo vs Barry
Michael Johnson,Edward Faaloloto,Michael Johnson,2011-06-26,KO/TKO,1,UFC Live: Kongo vs Barry
Ricardo Lamas,Matt Grice,Ricardo Lamas,2011-06-26,KO/TKO,1,UFC Live: Kongo vs Barry
Georges St-Pierre,Jake Shields,Georges St-Pierre,2011-04-30,Decision - Unanimous,5,UFC 129: St-Pierre vs Shields
Jose Aldo,Mark Hominick,Jose Aldo,2011-04-30,Decision - Unanimous,5,UFC 129: St-Pierre vs Shields
Lyoto Machida,Randy Couture,Lyoto Machida,2011-04-30,KO/TKO,2,UFC 129: St-Pierre vs Shields
Vladimir Matyushenko,Jason Brilz,Vladimir Matyushenko,2011-04-30,KO/TKO,1,UFC 129: St-Pierre vs Shields
Jake Ellenberger,Sean Pierson,Jake Ellenberger,2011-04-30,KO/TKO,1,UFC 129: St-Pierre vs Shields
Nate Diaz,Rory MacDonald,Rory MacDonald,2011-04-30,Decision - Unanimous,3,UFC 129: St-Pierre vs Shields
Mark Bocek,Benson Henderson,Benson Henderson,2011-04-30,Decision - Unanimous,3,UFC 129: St-Pierre vs Shields
Daniel Roberts,Claude Patrick,Claude Patrick,2011-04-30,Decision - Unanimous,3,UFC 129: St-Pierre vs Shields
Ivan Menjivar,Charlie Valencia,Ivan Menjivar,2011-04-30,KO/TKO,1,UFC 129: St-Pierre vs Shields
Jason MacDonald,Ryan Jensen,Jason MacDonald,2011-04-30,Submission,1,UFC 129: St-Pierre vs Shields
Yves Jabouin,Pablo Garza,Pablo Garza,2011-04-30,Submission,1,UFC 129: St-Pierre vs Shields
John Makdessi,Kyle Watson,John Makdessi,2011-04-30,KO/TKO,3,UFC 129: St-Pierre vs Shields
Phil Davis,Rogerio Nogueira,Phil Davis,2011-03-26,Decision - Unanimous,3,UFC Fight Night: Nogueira vs Davis
Anthony Johnson,Dan Hardy,Anthony Johnson,2011-03-26,Decision - Unanimous,3,UFC Fight Night: Nogueira vs Davis
DaMarques Johnson,Amir Sadollah,Amir Sadollah,2011-03-26,KO/TKO,2,UFC Fight Night: Nogueira vs Davis
Chan Sung Jung,Leonard Garcia,Chan Sung Jung,2011-03-26,Submission,2,UFC Fight Night: Nogueira vs Davis
Alex Caceres,Mackens Semerzier,Mackens Semerzier,2011-03-26,Submission,1,UFC Fight Night: Nogueira vs Davis
Jon Madsen,Mike Russow,Mike Russow,2011-03-26,TKO - Doctor's Stoppage,2,UFC Fight Night: Nogueira vs Davis
John Hathaway,Kris McCray,John Hathaway,2011-03-26,Decision - Split,3,UFC Fight Night: Nogueira vs Davis
Michael McDonald,Edwin Figueroa,Michael McDonald,2011-03-26,Decision - Unanimous,3,UFC Fight Night: Nogueira vs Davis
Sean McCorkle,Christian Morecraft,Christian Morecraft,2011-03-26,Submission,2,UFC Fight Night: Nogueira vs Davis
Johny Hendricks,TJ Waldburger,Johny Hendricks,2011-03-26,KO/TKO,1,UFC Fight Night: Nogueira vs Davis
Waylon Lowe,Nik Lentz,Nik Lentz,2011-03-26,Submission,3,UFC Fight Night: Nogueira vs Davis
Mario Miranda,Aaron Simpson,Aaron Simpson,2011-03-26,Decision - Unanimous,3,UFC Fight Night: Nogueira vs Davis
Diego Sanchez,Martin Kampmann,Diego Sanchez,2011-03-03,Decision - Unanimous,3,UFC Live: Sanchez vs Kampmann
CB Dollaway,Mark Munoz,Mark Munoz,2011-03-03,KO/TKO,1,UFC Live: Sanchez vs Kampmann
Alessio Sakara,Chris Weidman,Chris Weidman,2011-03-03,Decision - Unanimous,3,UFC Live: Sanchez vs Kampmann
Brian Bowles,Damacio Page,Brian Bowles,2011-03-03,Submission,1,UFC Live: Sanchez vs Kampmann
Steve Cantwell,Cyrille Diabate,Cyrille Diabate,2011-03-03,Decision - Unanimous,3,UFC Live: Sanchez vs Kampmann
Joe Stevenson,Danny Castillo,Danny Castillo,2011-03-03,Decision - Unanimous,3,UFC Live: Sanchez vs Kampmann
Takeya Mizugaki,Reuben Duran,Takeya Mizugaki,2011-03-03,Decision - Split,3,UFC Live: Sanchez vs Kampmann
Thiago Tavares,Shane Roller,Shane Roller,2011-03-03,KO/TKO,2,UFC Live: Sanchez vs Kampmann
Rob Kimmons,Dongi Yang,Dongi Yang,2011-03-03,KO/TKO,2,UFC Live: Sanchez vs Kampmann
David Branch,Rousimar Palhares,Rousimar Palhares,2011-03-03,Submission,2,UFC Live: Sanchez vs Kampmann
Igor Pokrajac,Todd Brown,Igor Pokrajac,2011-03-03,KO/TKO,1,UFC Live: Sanchez vs Kampmann
Michael Bisping,Jorge Rivera,Michael Bisping,2011-02-26,KO/TKO,2,UFC 127: Penn vs Fitch
George Sotiropoulos,Dennis Siver,Dennis Siver,2011-02-26,Decision - Unanimous,3,UFC 127: Penn vs Fitch
Chris Camozzi,Kyle Noke,Kyle Noke,2011-02-26,Submission,1,UFC 127: Penn vs Fitch
Ross Pearson,Spencer Fisher,Ross Pearson,2011-02-26,Decision - Unanimous,3,UFC 127: Penn vs Fitch
Brian Ebersole,Chris Lytle,Brian Ebersole,2011-02-26,Decision - Unanimous,3,UFC 127: Penn vs Fitch
Alexander Gustafsson,James Te Huna,Alexander Gustafsson,2011-02-26,Submission,1,UFC 127: Penn vs Fitch
Nick Ring,Riki Fukuda,Nick Ring,2011-02-26,Decision - Unanimous,3,UFC 127: Penn vs Fitch
Tom Blackledge,Anthony Perosh,Anthony Perosh,2011-02-26,Submission,1,UFC 127: Penn vs Fitch
Zhang Tiequan,Jason Reinhardt,Zhang Tiequan,2011-02-26,Submission,1,UFC 127: Penn vs Fitch
Quinton Jackson,Matt Hamill,Quinton Jackson,2011-05-28,Decision - Unanimous,3,UFC 130: Rampage vs Hamill
Maciej Jewtuszko,Curt Warburton,Curt Warburton,2011-02-26,Decision - Unanimous,3,UFC 127: Penn vs Fitch
Mark Hunt,Chris Tuchscherer,Mark Hunt,2011-02-26,KO/TKO,2,UFC 127: Penn vs Fitch
Frank Mir,Roy Nelson,Frank Mir,2011-05-28,Decision - Unanimous,3,UFC 130: Rampage vs Hamill
Thiago Alves,Rick Story,Rick Story,2011-05-28,Decision - Unanimous,3,UFC 130: Rampage vs Hamill
Stefan Struve,Travis Browne,Travis Browne,2011-05-28,KO/TKO,1,UFC 130: Rampage vs Hamill
Miguel Torres,Demetrious Johnson,Demetrious Johnson,2011-05-28,Decision - Unanimous,3,UFC 130: Rampage vs Hamill
Brian Stann,Jorge Santiago,Brian Stann,2011-05-28,KO/TKO,2,UFC 130: Rampage vs Hamill
Gleison Tibau,Rafaello Oliveira,Gleison Tibau,2011-05-28,Submission,2,UFC 130: Rampage vs Hamill
Kendall Grove,Tim Boetsch,Tim Boetsch,2011-05-28,Decision - Unanimous,3,UFC 130: Rampage vs Hamill
Michael McDonald,Chris Cariaso,Michael McDonald,2011-05-28,Decision - Split,3,UFC 130: Rampage vs Hamill
Cole Escovedo,Renan Barao,Renan Barao,2011-05-28,Decision - Unanimous,3,UFC 130: Rampage vs Hamill
Melvin Guillard,Evan Dunham,Melvin Guillard,2011-01-22,KO/TKO,1,UFC Fight Night: Fight for the Troops 2
Mark Hominick,George Roop,Mark Hominick,2011-01-22,KO/TKO,1,UFC Fight Night: Fight for the Troops 2
Pat Barry,Joey Beltran,Pat Barry,2011-01-22,Decision - Unanimous,3,UFC Fight Night: Fight for the Troops 2
Matt Mitrione,Tim Hague,Matt Mitrione,2011-01-22,KO/TKO,1,UFC Fight Night: Fight for the Troops 2
DaMarques Johnson,Mike Guymon,DaMarques Johnson,2011-01-22,Submission,1,UFC Fight Night: Fight for the Troops 2
Cole Miller,Matt Wiman,Matt Wiman,2011-01-22,Decision - Unanimous,3,UFC Fight Night: Fight for the Troops 2
Cody McKenzie,Yves Edwards,Yves Edwards,2011-01-22,Submission,2,UFC Fight Night: Fight for the Troops 2
Charlie Brenneman,Amilcar Alves,Charlie Brenneman,2011-01-22,Decision - Unanimous,3,UFC Fight Night: Fight for the Troops 2
Waylon Lowe,Willamy Freire,Waylon Lowe,2011-01-22,Decision - Unanimous,3,UFC Fight Night: Fight for the Troops 2
Rani Yahya,Mike Brown,Rani Yahya,2011-01-22,Decision - Unanimous,3,UFC Fight Night: Fight for the Troops 2
Will Campuzano,Chris Cariaso,Chris Cariaso,2011-01-22,Decision - Unanimous,3,UFC Fight Night: Fight for the Troops 2
Urijah Faber,Eddie Wineland,Urijah Faber,2011-03-19,Decision - Unanimous,3,UFC 128: Shogun vs Jones
Mauricio Rua,Jon Jones,Jon Jones,2011-03-19,KO/TKO,3,UFC 128: Shogun vs Jones
Jim Miller,Kamal Shalorus,Jim Miller,2011-03-19,KO/TKO,3,UFC 128: Shogun vs Jones
Mirko Filipovic,Brendan Schaub,Brendan Schaub,2011-03-19,KO/TKO,3,UFC 128: Shogun vs Jones
Dan Miller,Nate Marquardt,Nate Marquardt,2011-03-19,Decision - Unanimous,3,UFC 128: Shogun vs Jones
Edson Barboza,Anthony Njokuani,Edson Barboza,2011-03-19,Decision - Unanimous,3,UFC 128: Shogun vs Jones
Luiz Cane,Eliot Marshall,Luiz Cane,2011-03-19,KO/TKO,1,UFC 128: Shogun vs Jones
Ricardo Almeida,Mike Pyle,Mike Pyle,2011-03-19,Decision - Unanimous,3,UFC 128: Shogun vs Jones
Kurt Pellegrino,Gleison Tibau,Gleison Tibau,2011-03-19,Decision - Split,3,UFC 128: Shogun vs Jones
Joseph Benavidez,Ian Loveland,Joseph Benavidez,2011-03-19,Decision - Unanimous,3,UFC 128: Shogun vs Jones
Constantinos Philippou,Nick Catone,Nick Catone,2011-03-19,Decision - Unanimous,3,UFC 128: Shogun vs Jones
Erik Koch,Raphael Assuncao,Erik Koch,2011-03-19,KO/TKO,1,UFC 128: Shogun vs Jones
Chris Leben,Brian Stann,Brian Stann,2011-01-01,KO/TKO,1,UFC 125: Resolution
Clay Guida,Takanori Gomi,Clay Guida,2011-01-01,Submission,2,UFC 125: Resolution
Nate Diaz,Dong Hyun Kim,Dong Hyun Kim,2011-01-01,Decision - Unanimous,3,UFC 125: Resolution
Dustin Poirier,Josh Grispi,Dustin Poirier,2011-01-01,Decision - Unanimous,3,UFC 125: Resolution
Jeremy Stephens,Marcus Davis,Jeremy Stephens,2011-01-01,KO/TKO,3,UFC 125: Resolution
Mike Brown,Diego Nunes,Diego Nunes,2011-01-01,Decision - Split,3,UFC 125: Resolution
Phil Baroni,Brad Tavares,Brad Tavares,2011-01-01,KO/TKO,1,UFC 125: Resolution
Daniel Roberts,Greg Soto,Daniel Roberts,2011-01-01,Submission,1,UFC 125: Resolution
Jacob Volkmann,Antonio McKee,Jacob Volkmann,2011-01-01,Decision - Split,3,UFC 125: Resolution
Jon Jones,Ryan Bader,Jon Jones,2011-02-05,Submission,2,UFC 126: Silva vs Belfort
Anderson Silva,Vitor Belfort,Anderson Silva,2011-02-05,KO/TKO,1,UFC 126: Silva vs Belfort
Forrest Griffin,Rich Franklin,Forrest Griffin,2011-02-05,Decision - Unanimous,3,UFC 126: Silva vs Belfort
Jake Ellenberger,Carlos Eduardo Rocha,Jake Ellenberger,2011-02-05,Decision - Split,3,UFC 126: Silva vs Belfort
Miguel Torres,Antonio Banuelos,Miguel Torres,2011-02-05,Decision - Unanimous,3,UFC 126: Silva vs Belfort
Donald Cerrone,Paul Kelly,Donald Cerrone,2011-02-05,Submission,2,UFC 126: Silva vs Belfort
Chad Mendes,Michihiro Omigawa,Chad Mendes,2011-02-05,Decision - Unanimous,3,UFC 126: Silva vs Belfort
Norifumi Yamamoto,Demetrious Johnson,Demetrious Johnson,2011-02-05,Decision - Unanimous,3,UFC 126: Silva vs Belfort
Kyle Kingsbury,Ricardo Romero,Kyle Kingsbury,2011-02-05,KO/TKO,1,UFC 126: Silva vs Belfort
Paul Taylor,Gabe Ruediger,Paul Taylor,2011-02-05,KO/TKO,2,UFC 126: Silva vs Belfort
Jonathan Brookins,Michael Johnson,Jonathan Brookins,2010-12-04,Decision - Unanimous,3,The Ultimate Fighter: Team GSP vs Team Koscheck Finale
Stephan Bonnar,Igor Pokrajac,Stephan Bonnar,2010-12-04,Decision - Unanimous,3,The Ultimate Fighter: Team GSP vs Team Koscheck Finale
Mike Pierce,Kenny Robertson,Mike Pierce,2011-02-05,KO/TKO,2,UFC 126: Silva vs Belfort
Kendall Grove,Demian Maia,Demian Maia,2010-12-04,Decision - Unanimous,3,The Ultimate Fighter: Team GSP vs Team Koscheck Finale
Cody McKenzie,Aaron Wilkinson,Cody McKenzie,2010-12-04,Submission,1,The Ultimate Fighter: Team GSP vs Team Koscheck Finale
Johny Hendricks,Rick Story,Rick Story,2010-12-04,Decision - Unanimous,3,The Ultimate Fighter: Team GSP vs Team Koscheck Finale
Nam Phan,Leonard Garcia,Leonard Garcia,2010-12-04,Decision - Split,3,The Ultimate Fighter: Team GSP vs Team Koscheck Finale
Will Campuzano,Nick Pace,Nick Pace,2010-12-04,Submission,3,The Ultimate Fighter: Team GSP vs Team Koscheck Finale
Sako Chivitchian,Kyle Watson,Kyle Watson,2010-12-04,Decision - Unanimous,3,The Ultimate Fighter: Team GSP vs Team Koscheck Finale
Ian Loveland,Tyler Toner,Ian Loveland,2010-12-04,Decision - Unanimous,3,The Ultimate Fighter: Team GSP vs Team Koscheck Finale
Quinton Jackson,Lyoto Machida,Quinton Jackson,2010-11-20,Decision - Split,3,UFC 123: Rampage vs Machida
Fredson Paixao,Pablo Garza,Pablo Garza,2010-12-04,KO/TKO,1,The Ultimate Fighter: Team GSP vs Team Koscheck Finale
Rich Attonito,David Branch,David Branch,2010-12-04,Decision - Unanimous,3,The Ultimate Fighter: Team GSP vs Team Koscheck Finale
Matt Hughes,BJ Penn,BJ Penn,2010-11-20,KO/TKO,1,UFC 123: Rampage vs Machida
Phil Davis,Tim Boetsch,Phil Davis,2010-11-20,Submission,2,UFC 123: Rampage vs Machida
Gerald Harris,Maiquel Falcao,Maiquel Falcao,2010-11-20,Decision - Unanimous,3,UFC 123: Rampage vs Machida
George Sotiropoulos,Joe Lauzon,George Sotiropoulos,2010-11-20,Submission,2,UFC 123: Rampage vs Machida
Aaron Simpson,Mark Munoz,Mark Munoz,2010-11-20,Decision - Unanimous,3,UFC 123: Rampage vs Machida
Matt Brown,Brian Foster,Brian Foster,2010-11-20,Submission,2,UFC 123: Rampage vs Machida
Karo Parisyan,Dennis Hallman,Dennis Hallman,2010-11-20,KO/TKO,1,UFC 123: Rampage vs Machida
Mike Lullo,Edson Barboza,Edson Barboza,2010-11-20,KO/TKO,3,UFC 123: Rampage vs Machida
Paul Kelly,TJ O'Brien,Paul Kelly,2010-11-20,KO/TKO,2,UFC 123: Rampage vs Machida
Tyson Griffin,Nik Lentz,Nik Lentz,2010-11-20,Decision - Split,3,UFC 123: Rampage vs Machida
Nate Marquardt,Yushin Okami,Yushin Okami,2010-11-13,Decision - Unanimous,3,UFC 122: Marquardt vs Okami
Dennis Siver,Andre Winner,Dennis Siver,2010-11-13,Submission,1,UFC 122: Marquardt vs Okami
Amir Sadollah,Peter Sobotta,Amir Sadollah,2010-11-13,Decision - Unanimous,3,UFC 122: Marquardt vs Okami
Krzysztof Soszynski,Goran Reljic,Krzysztof Soszynski,2010-11-13,Decision - Unanimous,3,UFC 122: Marquardt vs Okami
Vladimir Matyushenko,Alexandre Ferreira,Vladimir Matyushenko,2010-11-13,KO/TKO,1,UFC 122: Marquardt vs Okami
Duane Ludwig,Nick Osipczak,Duane Ludwig,2010-11-13,Decision - Split,3,UFC 122: Marquardt vs Okami
Pascal Krauss,Mark Scanlon,Pascal Krauss,2010-11-13,Decision - Unanimous,3,UFC 122: Marquardt vs Okami
Kyle Noke,Rob Kimmons,Kyle Noke,2010-11-13,Submission,2,UFC 122: Marquardt vs Okami
Seth Petruzelli,Karlos Vemola,Karlos Vemola,2010-11-13,KO/TKO,1,UFC 122: Marquardt vs Okami
Kris McCray,Carlos Eduardo Rocha,Carlos Eduardo Rocha,2010-11-13,Submission,1,UFC 122: Marquardt vs Okami
Brock Lesnar,Cain Velasquez,Cain Velasquez,2010-10-23,KO/TKO,1,UFC 121: Lesnar vs Velasquez
Diego Sanchez,Paulo Thiago,Diego Sanchez,2010-10-23,Decision - Unanimous,3,UFC 121: Lesnar vs Velasquez
Jake Shields,Martin Kampmann,Jake Shields,2010-10-23,Decision - Split,3,UFC 121: Lesnar vs Velasquez
Tito Ortiz,Matt Hamill,Matt Hamill,2010-10-23,Decision - Unanimous,3,UFC 121: Lesnar vs Velasquez
Court McGee,Ryan Jensen,Court McGee,2010-10-23,Submission,3,UFC 121: Lesnar vs Velasquez
Brendan Schaub,Gabriel Gonzaga,Brendan Schaub,2010-10-23,Decision - Unanimous,3,UFC 121: Lesnar vs Velasquez
Sam Stout,Paul Taylor,Sam Stout,2010-10-23,Decision - Split,3,UFC 121: Lesnar vs Velasquez
Mike Guymon,Daniel Roberts,Daniel Roberts,2010-10-23,Submission,1,UFC 121: Lesnar vs Velasquez
Patrick Cote,Tom Lawlor,Tom Lawlor,2010-10-23,Decision - Unanimous,3,UFC 121: Lesnar vs Velasquez
Jon Madsen,Gilbert Yvel,Jon Madsen,2010-10-23,KO/TKO,1,UFC 121: Lesnar vs Velasquez
Chris Camozzi,Dongi Yang,Chris Camozzi,2010-10-23,Decision - Split,3,UFC 121: Lesnar vs Velasquez
Dan Hardy,Carlos Condit,Carlos Condit,2010-10-16,KO/TKO,1,UFC 120: Bisping vs Akiyama
Michael Bisping,Yoshihiro Akiyama,Michael Bisping,2010-10-16,Decision - Unanimous,3,UFC 120: Bisping vs Akiyama
John Hathaway,Mike Pyle,Mike Pyle,2010-10-16,Decision - Unanimous,3,UFC 120: Bisping vs Akiyama
James Wilks,Claude Patrick,Claude Patrick,2010-10-16,Decision - Unanimous,3,UFC 120: Bisping vs Akiyama
Cyrille Diabate,Alexander Gustafsson,Alexander Gustafsson,2010-10-16,Submission,2,UFC 120: Bisping vs Akiyama
Rob Broughton,Vinicius Queiroz,Rob Broughton,2010-10-16,Submission,3,UFC 120: Bisping vs Akiyama
Paul Sass,Mark Holst,Paul Sass,2010-10-16,Submission,1,UFC 120: Bisping vs Akiyama
Spencer Fisher,Curt Warburton,Spencer Fisher,2010-10-16,Decision - Unanimous,3,UFC 120: Bisping vs Akiyama
Nate Marquardt,Rousimar Palhares,Nate Marquardt,2010-09-15,KO/TKO,1,UFC Fight Night: Marquardt vs Palhares
James McSweeney,Fabio Maldonado,Fabio Maldonado,2010-10-16,KO/TKO,3,UFC 120: Bisping vs Akiyama
Efrain Escudero,Charles Oliveira,Charles Oliveira,2010-09-15,Submission,3,UFC Fight Night: Marquardt vs Palhares
Jim Miller,Gleison Tibau,Jim Miller,2010-09-15,Decision - Unanimous,3,UFC Fight Night: Marquardt vs Palhares
Yves Edwards,John Gunderson,Yves Edwards,2010-09-15,Decision - Unanimous,3,UFC Fight Night: Marquardt vs Palhares
Cole Miller,Ross Pearson,Cole Miller,2010-09-15,Submission,2,UFC Fight Night: Marquardt vs Palhares
Jared Hamman,Kyle Kingsbury,Kyle Kingsbury,2010-09-15,Decision - Unanimous,3,UFC Fight Night: Marquardt vs Palhares
Tomasz Drwal,David Branch,David Branch,2010-09-15,Decision - Unanimous,3,UFC Fight Night: Marquardt vs Palhares
TJ Waldburger,David Mitchell,TJ Waldburger,2010-09-15,Decision - Unanimous,3,UFC Fight Night: Marquardt vs Palhares
Rich Attonito,Rafael Natal,Rich Attonito,2010-09-15,Decision - Unanimous,3,UFC Fight Night: Marquardt vs Palhares
Brian Foster,Forrest Petz,Brian Foster,2010-09-15,KO/TKO,1,UFC Fight Night: Marquardt vs Palhares
Rogerio Nogueira,Ryan Bader,Ryan Bader,2010-09-25,Decision - Unanimous,3,UFC 119: Mir vs Cro Cop
Frank Mir,Mirko Filipovic,Frank Mir,2010-09-25,KO/TKO,3,UFC 119: Mir vs Cro Cop
Matt Serra,Chris Lytle,Chris Lytle,2010-09-25,Decision - Unanimous,3,UFC 119: Mir vs Cro Cop
Melvin Guillard,Jeremy Stephens,Melvin Guillard,2010-09-25,Decision - Split,3,UFC 119: Mir vs Cro Cop
Sean Sherk,Evan Dunham,Sean Sherk,2010-09-25,Decision - Split,3,UFC 119: Mir vs Cro Cop
Matt Mitrione,Joey Beltran,Matt Mitrione,2010-09-25,Decision - Unanimous,3,UFC 119: Mir vs Cro Cop
Thiago Tavares,Pat Audinwood,Thiago Tavares,2010-09-25,Submission,1,UFC 119: Mir vs Cro Cop
CB Dollaway,Joe Doerksen,CB Dollaway,2010-09-25,Submission,1,UFC 119: Mir vs Cro Cop
Steve Lopez,Waylon Lowe,Waylon Lowe,2010-09-25,Decision - Split,3,UFC 119: Mir vs Cro Cop
TJ Grant,Julio Paulino,TJ Grant,2010-09-25,Decision - Unanimous,3,UFC 119: Mir vs Cro Cop
Mark Hunt,Sean McCorkle,Sean McCorkle,2010-09-25,Submission,1,UFC 119: Mir vs Cro Cop
Clay Guida,Rafael Dos Anjos,Clay Guida,2010-08-07,Submission,3,UFC 117: Silva vs Sonnen
Anderson Silva,Chael Sonnen,Anderson Silva,2010-08-07,Submission,5,UFC 117: Silva vs Sonnen
Jon Fitch,Thiago Alves,Jon Fitch,2010-08-07,Decision - Unanimous,3,UFC 117: Silva vs Sonnen
Matt Hughes,Ricardo Almeida,Matt Hughes,2010-08-07,Submission,1,UFC 117: Silva vs Sonnen
Dustin Hazelett,Rick Story,Rick Story,2010-08-07,KO/TKO,2,UFC 117: Silva vs Sonnen
Roy Nelson,Junior Dos Santos,Junior Dos Santos,2010-08-07,Decision - Unanimous,3,UFC 117: Silva vs Sonnen
Johny Hendricks,Charlie Brenneman,Johny Hendricks,2010-08-07,KO/TKO,2,UFC 117: Silva vs Sonnen
Rodney Wallace,Phil Davis,Phil Davis,2010-08-07,Decision - Unanimous,3,UFC 117: Silva vs Sonnen
Todd Brown,Tim Boetsch,Tim Boetsch,2010-08-07,Decision - Unanimous,3,UFC 117: Silva vs Sonnen
Stefan Struve,Christian Morecraft,Stefan Struve,2010-08-07,KO/TKO,2,UFC 117: Silva vs Sonnen
Ben Saunders,Dennis Hallman,Dennis Hallman,2010-08-07,Decision - Unanimous,3,UFC 117: Silva vs Sonnen
Frankie Edgar,BJ Penn,Frankie Edgar,2010-08-28,Decision - Unanimous,5,UFC 118: Edgar vs Penn 2
Randy Couture,James Toney,Randy Couture,2010-08-28,Submission,1,UFC 118: Edgar vs Penn 2
Demian Maia,Mario Miranda,Demian Maia,2010-08-28,Decision - Unanimous,3,UFC 118: Edgar vs Penn 2
Kenny Florian,Gray Maynard,Gray Maynard,2010-08-28,Decision - Unanimous,3,UFC 118: Edgar vs Penn 2
Joe Lauzon,Gabe Ruediger,Joe Lauzon,2010-08-28,Submission,1,UFC 118: Edgar vs Penn 2
Andre Winner,Nik Lentz,Nik Lentz,2010-08-28,Decision - Unanimous,3,UFC 118: Edgar vs Penn 2
Nate Diaz,Marcus Davis,Nate Diaz,2010-08-28,Submission,3,UFC 118: Edgar vs Penn 2
Nick Osipczak,Greg Soto,Greg Soto,2010-08-28,Decision - Unanimous,3,UFC 118: Edgar vs Penn 2
Mike Pierce,Amilcar Alves,Mike Pierce,2010-08-28,Submission,3,UFC 118: Edgar vs Penn 2
Dan Miller,John Salter,Dan Miller,2010-08-28,Submission,2,UFC 118: Edgar vs Penn 2
Jon Jones,Vladimir Matyushenko,Jon Jones,2010-08-01,KO/TKO,1,UFC Live: Jones vs Matyushenko
Tyson Griffin,Takanori Gomi,Takanori Gomi,2010-08-01,KO/TKO,1,UFC Live: Jones vs Matyushenko
John Howard,Jake Ellenberger,Jake Ellenberger,2010-08-01,TKO - Doctor's Stoppage,3,UFC Live: Jones vs Matyushenko
Mark Munoz,Yushin Okami,Yushin Okami,2010-08-01,Decision - Split,3,UFC Live: Jones vs Matyushenko
Paul Kelly,Jacob Volkmann,Jacob Volkmann,2010-08-01,Decision - Unanimous,3,UFC Live: Jones vs Matyushenko
DaMarques Johnson,Matthew Riddle,Matthew Riddle,2010-08-01,KO/TKO,2,UFC Live: Jones vs Matyushenko
James Irvin,Igor Pokrajac,Igor Pokrajac,2010-08-01,Submission,1,UFC Live: Jones vs Matyushenko
Brian Stann,Mike Massenzio,Brian Stann,2010-08-01,Submission,3,UFC Live: Jones vs Matyushenko
Darren Elkins,Charles Oliveira,Charles Oliveira,2010-08-01,Submission,1,UFC Live: Jones vs Matyushenko
Brock Lesnar,Shane Carwin,Brock Lesnar,2010-07-03,Submission,2,UFC 116: Lesnar vs Carwin
Rob Kimmons,Steve Steinbeiss,Rob Kimmons,2010-08-01,Decision - Unanimous,3,UFC Live: Jones vs Matyushenko
Krzysztof Soszynski,Stephan Bonnar,Stephan Bonnar,2010-07-03,KO/TKO,2,UFC 116: Lesnar vs Carwin
Chris Lytle,Matt Brown,Chris Lytle,2010-07-03,Submission,2,UFC 116: Lesnar vs Carwin
Chris Leben,Yoshihiro Akiyama,Chris Leben,2010-07-03,Submission,3,UFC 116: Lesnar vs Carwin
George Sotiropoulos,Kurt Pellegrino,George Sotiropoulos,2010-07-03,Decision - Unanimous,3,UFC 116: Lesnar vs Carwin
Brendan Schaub,Chris Tuchscherer,Brendan Schaub,2010-07-03,KO/TKO,1,UFC 116: Lesnar vs Carwin
Seth Petruzelli,Ricardo Romero,Ricardo Romero,2010-07-03,Submission,2,UFC 116: Lesnar vs Carwin
Kendall Grove,Goran Reljic,Kendall Grove,2010-07-03,Decision - Split,3,UFC 116: Lesnar vs Carwin
Gerald Harris,David Branch,Gerald Harris,2010-07-03,KO/TKO,3,UFC 116: Lesnar vs Carwin
Jon Madsen,Karlos Vemola,Jon Madsen,2010-07-03,Decision - Unanimous,3,UFC 116: Lesnar vs Carwin
Forrest Petz,Daniel Roberts,Daniel Roberts,2010-07-03,Decision - Split,3,UFC 116: Lesnar vs Carwin
Georges St-Pierre,Josh Koscheck,Georges St-Pierre,2010-12-11,Decision - Unanimous,5,UFC 124: St-Pierre vs Koscheck 2
Joe Stevenson,Mac Danzig,Mac Danzig,2010-12-11,KO/TKO,1,UFC 124: St-Pierre vs Koscheck 2
Stefan Struve,Sean McCorkle,Stefan Struve,2010-12-11,KO/TKO,1,UFC 124: St-Pierre vs Koscheck 2
Jim Miller,Charles Oliveira,Jim Miller,2010-12-11,Submission,1,UFC 124: St-Pierre vs Koscheck 2
Mark Bocek,Dustin Hazelett,Mark Bocek,2010-12-11,Submission,1,UFC 124: St-Pierre vs Koscheck 2
Thiago Alves,John Howard,Thiago Alves,2010-12-11,Decision - Unanimous,3,UFC 124: St-Pierre vs Koscheck 2
Joe Doerksen,Dan Miller,Dan Miller,2010-12-11,Decision - Split,3,UFC 124: St-Pierre vs Koscheck 2
Matthew Riddle,Sean Pierson,Sean Pierson,2010-12-11,Decision - Unanimous,3,UFC 124: St-Pierre vs Koscheck 2
TJ Grant,Ricardo Almeida,Ricardo Almeida,2010-12-11,Decision - Unanimous,3,UFC 124: St-Pierre vs Koscheck 2
Court McGee,Kris McCray,Court McGee,2010-06-19,Submission,2,The Ultimate Fighter: Team Liddell vs Team Ortiz Finale
Pat Audinwood,John Makdessi,John Makdessi,2010-12-11,Decision - Unanimous,3,UFC 124: St-Pierre vs Koscheck 2
Chris Leben,Aaron Simpson,Chris Leben,2010-06-19,KO/TKO,2,The Ultimate Fighter: Team Liddell vs Team Ortiz Finale
Spencer Fisher,Dennis Siver,Dennis Siver,2010-06-19,Decision - Unanimous,3,The Ultimate Fighter: Team Liddell vs Team Ortiz Finale
Keith Jardine,Matt Hamill,Matt Hamill,2010-06-19,Decision - Majority,3,The Ultimate Fighter: Team Liddell vs Team Ortiz Finale
John Gunderson,Mark Holst,John Gunderson,2010-06-19,Decision - Unanimous,3,The Ultimate Fighter: Team Liddell vs Team Ortiz Finale
Jamie Yager,Rich Attonito,Rich Attonito,2010-06-19,KO/TKO,2,The Ultimate Fighter: Team Liddell vs Team Ortiz Finale
Brad Tavares,Seth Baczynski,Brad Tavares,2010-06-19,Decision - Unanimous,3,The Ultimate Fighter: Team Liddell vs Team Ortiz Finale
Josh Bryant,Kyle Noke,Kyle Noke,2010-06-19,KO/TKO,2,The Ultimate Fighter: Team Liddell vs Team Ortiz Finale
James McSweeney,Travis Browne,Travis Browne,2010-06-19,KO/TKO,1,The Ultimate Fighter: Team Liddell vs Team Ortiz Finale
Chris Camozzi,James Hammortree,Chris Camozzi,2010-06-19,Decision - Unanimous,3,The Ultimate Fighter: Team Liddell vs Team Ortiz Finale
Mirko Filipovic,Pat Barry,Mirko Filipovic,2010-06-12,Submission,3,UFC 115: Liddell vs Franklin
Chuck Liddell,Rich Franklin,Rich Franklin,2010-06-12,KO/TKO,1,UFC 115: Liddell vs Franklin
Paulo Thiago,Martin Kampmann,Martin Kampmann,2010-06-12,Decision - Unanimous,3,UFC 115: Liddell vs Franklin
Carlos Condit,Rory MacDonald,Carlos Condit,2010-06-12,KO/TKO,3,UFC 115: Liddell vs Franklin
Ben Rothwell,Gilbert Yvel,Ben Rothwell,2010-06-12,Decision - Unanimous,3,UFC 115: Liddell vs Franklin
Mac Danzig,Matt Wiman,Matt Wiman,2010-06-12,Submission,1,UFC 115: Liddell vs Franklin
Tyson Griffin,Evan Dunham,Evan Dunham,2010-06-12,Decision - Split,3,UFC 115: Liddell vs Franklin
David Loiseau,Mario Miranda,Mario Miranda,2010-06-12,KO/TKO,2,UFC 115: Liddell vs Franklin
James Wilks,Peter Sobotta,James Wilks,2010-06-12,Decision - Unanimous,3,UFC 115: Liddell vs Franklin
Ricardo Funch,Claude Patrick,Claude Patrick,2010-06-12,Submission,2,UFC 115: Liddell vs Franklin
Quinton Jackson,Rashad Evans,Rashad Evans,2010-05-29,Decision - Unanimous,3,UFC 114: Rampage vs Evans
Mike Pyle,Jesse Lennox,Mike Pyle,2010-06-12,Submission,3,UFC 115: Liddell vs Franklin
Michael Bisping,Dan Miller,Michael Bisping,2010-05-29,Decision - Unanimous,3,UFC 114: Rampage vs Evans
Todd Duffee,Mike Russow,Mike Russow,2010-05-29,KO/TKO,3,UFC 114: Rampage vs Evans
Diego Sanchez,John Hathaway,John Hathaway,2010-05-29,Decision - Unanimous,3,UFC 114: Rampage vs Evans
Jason Brilz,Rogerio Nogueira,Rogerio Nogueira,2010-05-29,Decision - Split,3,UFC 114: Rampage vs Evans
Amir Sadollah,Dong Hyun Kim,Dong Hyun Kim,2010-05-29,Decision - Unanimous,3,UFC 114: Rampage vs Evans
Melvin Guillard,Waylon Lowe,Melvin Guillard,2010-05-29,KO/TKO,1,UFC 114: Rampage vs Evans
Luiz Cane,Cyrille Diabate,Cyrille Diabate,2010-05-29,KO/TKO,1,UFC 114: Rampage vs Evans
Efrain Escudero,Dan Lauzon,Efrain Escudero,2010-05-29,Decision - Unanimous,3,UFC 114: Rampage vs Evans
Aaron Riley,Joe Brammer,Aaron Riley,2010-05-29,Decision - Unanimous,3,UFC 114: Rampage vs Evans
Jesse Forbes,Ryan Jensen,Ryan Jensen,2010-05-29,Submission,1,UFC 114: Rampage vs Evans
Lyoto Machida,Mauricio Rua,Mauricio Rua,2010-05-08,KO/TKO,1,UFC 113: Machida vs Shogun 2
Sam Stout,Jeremy Stephens,Jeremy Stephens,2010-05-08,Decision - Split,3,UFC 113: Machida vs Shogun 2
Josh Koscheck,Paul Daley,Josh Koscheck,2010-05-08,Decision - Unanimous,3,UFC 113: Machida vs Shogun 2
Patrick Cote,Alan Belcher,Alan Belcher,2010-05-08,Submission,2,UFC 113: Machida vs Shogun 2
Kevin Ferguson,Matt Mitrione,Matt Mitrione,2010-05-08,KO/TKO,2,UFC 113: Machida vs Shogun 2
Tom Lawlor,Joe Doerksen,Joe Doerksen,2010-05-08,Submission,2,UFC 113: Machida vs Shogun 2
TJ Grant,Johny Hendricks,Johny Hendricks,2010-05-08,Decision - Majority,3,UFC 113: Machida vs Shogun 2
Marcus Davis,Jonathan Goulet,Marcus Davis,2010-05-08,KO/TKO,2,UFC 113: Machida vs Shogun 2
Yoshiyuki Yoshida,Mike Guymon,Mike Guymon,2010-05-08,Decision - Unanimous,3,UFC 113: Machida vs Shogun 2
Joey Beltran,Tim Hague,Joey Beltran,2010-05-08,Decision - Unanimous,3,UFC 113: Machida vs Shogun 2
Jason MacDonald,John Salter,John Salter,2010-05-08,KO/TKO,1,UFC 113: Machida vs Shogun 2
Anderson Silva,Demian Maia,Anderson Silva,2010-04-10,Decision - Unanimous,5,UFC 112: Invincible
BJ Penn,Frankie Edgar,Frankie Edgar,2010-04-10,Decision - Unanimous,5,UFC 112: Invincible
Matt Hughes,Renzo Gracie,Matt Hughes,2010-04-10,KO/TKO,3,UFC 112: Invincible
Terry Etim,Rafael Dos Anjos,Rafael Dos Anjos,2010-04-10,Submission,2,UFC 112: Invincible
Kendall Grove,Mark Munoz,Mark Munoz,2010-04-10,KO/TKO,2,UFC 112: Invincible
Alexander Gustafsson,Phil Davis,Phil Davis,2010-04-10,Submission,1,UFC 112: Invincible
Nick Osipczak,Rick Story,Rick Story,2010-04-10,Decision - Split,3,UFC 112: Invincible
DaMarques Johnson,Brad Blackburn,DaMarques Johnson,2010-04-10,KO/TKO,3,UFC 112: Invincible
Paul Kelly,Matt Veach,Paul Kelly,2010-04-10,Submission,2,UFC 112: Invincible
Jon Madsen,Mostapha Al-Turk,Jon Madsen,2010-04-10,Decision - Unanimous,3,UFC 112: Invincible
Roy Nelson,Stefan Struve,Roy Nelson,2010-03-31,KO/TKO,1,UFC Fight Night: Florian vs Gomi
Kenny Florian,Takanori Gomi,Kenny Florian,2010-03-31,Submission,3,UFC Fight Night: Florian vs Gomi
Ross Pearson,Dennis Siver,Ross Pearson,2010-03-31,Decision - Unanimous,3,UFC Fight Night: Florian vs Gomi
Andre Winner,Rafaello Oliveira,Andre Winner,2010-03-31,Decision - Unanimous,3,UFC Fight Night: Florian vs Gomi
Nate Quarry,Jorge Rivera,Jorge Rivera,2010-03-31,KO/TKO,2,UFC Fight Night: Florian vs Gomi
Jacob Volkmann,Ronys Torres,Jacob Volkmann,2010-03-31,Decision - Split,3,UFC Fight Night: Florian vs Gomi
Yushin Okami,Lucio Linhares,Yushin Okami,2010-03-31,TKO - Doctor's Stoppage,2,UFC Fight Night: Florian vs Gomi
Rob Emerson,Nik Lentz,Nik Lentz,2010-03-31,Decision - Unanimous,3,UFC Fight Night: Florian vs Gomi
Gerald Harris,Mario Miranda,Gerald Harris,2010-03-31,KO/TKO,1,UFC Fight Night: Florian vs Gomi
Caol Uno,Gleison Tibau,Gleison Tibau,2010-03-31,KO/TKO,1,UFC Fight Night: Florian vs Gomi
Charlie Brenneman,Jason High,Charlie Brenneman,2010-03-31,Decision - Unanimous,3,UFC Fight Night: Florian vs Gomi
Frank Mir,Shane Carwin,Shane Carwin,2010-03-27,KO/TKO,1,UFC 111: St-Pierre vs Hardy
Ben Saunders,Jon Fitch,Jon Fitch,2010-03-27,Decision - Unanimous,3,UFC 111: St-Pierre vs Hardy
Georges St-Pierre,Dan Hardy,Georges St-Pierre,2010-03-27,Decision - Unanimous,5,UFC 111: St-Pierre vs Hardy
Kurt Pellegrino,Fabricio Camoes,Kurt Pellegrino,2010-03-27,Submission,2,UFC 111: St-Pierre vs Hardy
Jim Miller,Mark Bocek,Jim Miller,2010-03-27,Decision - Unanimous,3,UFC 111: St-Pierre vs Hardy
Ricardo Almeida,Matt Brown,Ricardo Almeida,2010-03-27,Submission,2,UFC 111: St-Pierre vs Hardy
Nate Diaz,Rory Markham,Nate Diaz,2010-03-27,KO/TKO,1,UFC 111: St-Pierre vs Hardy
Rousimar Palhares,Tomasz Drwal,Rousimar Palhares,2010-03-27,Submission,1,UFC 111: St-Pierre vs Hardy
Matthew Riddle,Greg Soto,Matthew Riddle,2010-03-27,DQ,3,UFC 111: St-Pierre vs Hardy
Rodney Wallace,Jared Hamman,Jared Hamman,2010-03-27,Decision - Unanimous,3,UFC 111: St-Pierre vs Hardy
Brandon Vera,Jon Jones,Jon Jones,2010-03-21,KO/TKO,1,UFC Live: Vera vs Jones
Junior Dos Santos,Gabriel Gonzaga,Junior Dos Santos,2010-03-21,KO/TKO,1,UFC Live: Vera vs Jones
Alessio Sakara,James Irvin,Alessio Sakara,2010-03-21,KO/TKO,1,UFC Live: Vera vs Jones
Cheick Kongo,Paul Buentello,Cheick Kongo,2010-03-21,KO/TKO,3,UFC Live: Vera vs Jones
Clay Guida,Shannon Gugerty,Clay Guida,2010-03-21,Submission,2,UFC Live: Vera vs Jones
Duane Ludwig,Darren Elkins,Darren Elkins,2010-03-21,KO/TKO,1,UFC Live: Vera vs Jones
Eliot Marshall,Vladimir Matyushenko,Vladimir Matyushenko,2010-03-21,Decision - Split,3,UFC Live: Vera vs Jones
John Howard,Daniel Roberts,John Howard,2010-03-21,KO/TKO,1,UFC Live: Vera vs Jones
Mike Pierce,Julio Paulino,Mike Pierce,2010-03-21,Decision - Unanimous,3,UFC Live: Vera vs Jones
Brendan Schaub,Chase Gormley,Brendan Schaub,2010-03-21,KO/TKO,1,UFC Live: Vera vs Jones
Eric Schafer,Jason Brilz,Jason Brilz,2010-03-21,Decision - Unanimous,3,UFC Live: Vera vs Jones
Wanderlei Silva,Michael Bisping,Wanderlei Silva,2010-02-20,Decision - Unanimous,3,UFC 110: Nogueira vs Velasquez
George Sotiropoulos,Joe Stevenson,George Sotiropoulos,2010-02-20,Decision - Unanimous,3,UFC 110: Nogueira vs Velasquez
Cain Velasquez,Antonio Rodrigo Nogueira,Cain Velasquez,2010-02-20,KO/TKO,1,UFC 110: Nogueira vs Velasquez
Ryan Bader,Keith Jardine,Ryan Bader,2010-02-20,KO/TKO,3,UFC 110: Nogueira vs Velasquez
Krzysztof Soszynski,Stephan Bonnar,Krzysztof Soszynski,2010-02-20,TKO - Doctor's Stoppage,3,UFC 110: Nogueira vs Velasquez
Mirko Filipovic,Anthony Perosh,Mirko Filipovic,2010-02-20,TKO - Doctor's Stoppage,2,UFC 110: Nogueira vs Velasquez
CB Dollaway,Goran Reljic,CB Dollaway,2010-02-20,Decision - Unanimous,3,UFC 110: Nogueira vs Velasquez
Chris Lytle,Brian Foster,Chris Lytle,2010-02-20,Submission,1,UFC 110: Nogueira vs Velasquez
Randy Couture,Mark Coleman,Randy Couture,2010-02-06,Submission,2,UFC 109: Relentless
Chael Sonnen,Nate Marquardt,Chael Sonnen,2010-02-06,Decision - Unanimous,3,UFC 109: Relentless
Demian Maia,Dan Miller,Demian Maia,2010-02-06,Decision - Unanimous,3,UFC 109: Relentless
Paulo Thiago,Mike Swick,Paulo Thiago,2010-02-06,Submission,2,UFC 109: Relentless
James Te Huna,Igor Pokrajac,James Te Huna,2010-02-20,KO/TKO,3,UFC 110: Nogueira vs Velasquez
Matt Serra,Frank Trigg,Matt Serra,2010-02-06,KO/TKO,1,UFC 109: Relentless
Melvin Guillard,Ronys Torres,Melvin Guillard,2010-02-06,Decision - Unanimous,3,UFC 109: Relentless
Mac Danzig,Justin Buchholz,Mac Danzig,2010-02-06,Decision - Unanimous,3,UFC 109: Relentless
Rob Emerson,Phillipe Nover,Rob Emerson,2010-02-06,Decision - Unanimous,3,UFC 109: Relentless
Chris Tuchscherer,Tim Hague,Chris Tuchscherer,2010-02-06,Decision - Majority,3,UFC 109: Relentless
Phil Davis,Brian Stann,Phil Davis,2010-02-06,Decision - Unanimous,3,UFC 109: Relentless
Evan Dunham,Efrain Escudero,Evan Dunham,2010-01-11,Submission,3,UFC Fight Night: Maynard vs Diaz
Gray Maynard,Nate Diaz,Gray Maynard,2010-01-11,Decision - Split,3,UFC Fight Night: Maynard vs Diaz
Aaron Simpson,Tom Lawlor,Aaron Simpson,2010-01-11,Decision - Split,3,UFC Fight Night: Maynard vs Diaz
Joey Beltran,Rolles Gracie,Joey Beltran,2010-02-06,KO/TKO,2,UFC 109: Relentless
Amir Sadollah,Brad Blackburn,Amir Sadollah,2010-01-11,Decision - Unanimous,3,UFC Fight Night: Maynard vs Diaz
Rick Story,Jesse Lennox,Rick Story,2010-01-11,Decision - Split,3,UFC Fight Night: Maynard vs Diaz
Chris Leben,Jay Silva,Chris Leben,2010-01-11,Decision - Unanimous,3,UFC Fight Night: Maynard vs Diaz
Rory MacDonald,Mike Guymon,Rory MacDonald,2010-01-11,Submission,1,UFC Fight Night: Maynard vs Diaz
Nick Catone,Jesse Forbes,Nick Catone,2010-01-11,Decision - Split,3,UFC Fight Night: Maynard vs Diaz
Gerald Harris,John Salter,Gerald Harris,2010-01-11,KO/TKO,3,UFC Fight Night: Maynard vs Diaz
Rafael Dos Anjos,Kyle Bradley,Rafael Dos Anjos,2010-01-11,Decision - Unanimous,3,UFC Fight Night: Maynard vs Diaz
Frank Mir,Cheick Kongo,Frank Mir,2009-12-12,Submission,1,UFC 107: Penn vs Sanchez
Jon Fitch,Mike Pierce,Jon Fitch,2009-12-12,Decision - Unanimous,3,UFC 107: Penn vs Sanchez
BJ Penn,Diego Sanchez,BJ Penn,2009-12-12,TKO - Doctor's Stoppage,5,UFC 107: Penn vs Sanchez
Kenny Florian,Clay Guida,Kenny Florian,2009-12-12,Submission,2,UFC 107: Penn vs Sanchez
Stefan Struve,Paul Buentello,Stefan Struve,2009-12-12,Decision - Majority,3,UFC 107: Penn vs Sanchez
Matt Wiman,Shane Nelson,Matt Wiman,2009-12-12,Decision - Unanimous,3,UFC 107: Penn vs Sanchez
Alan Belcher,Wilson Gouveia,Alan Belcher,2009-12-12,KO/TKO,1,UFC 107: Penn vs Sanchez
Rousimar Palhares,Lucio Linhares,Rousimar Palhares,2009-12-12,Submission,2,UFC 107: Penn vs Sanchez
Johny Hendricks,Ricardo Funch,Johny Hendricks,2009-12-12,Decision - Unanimous,3,UFC 107: Penn vs Sanchez
DaMarques Johnson,Edgar Garcia,DaMarques Johnson,2009-12-12,Submission,1,UFC 107: Penn vs Sanchez
Paul Daley,Dustin Hazelett,Paul Daley,2010-01-02,KO/TKO,1,UFC 108: Evans vs Silva
Rashad Evans,Thiago Silva,Rashad Evans,2010-01-02,Decision - Unanimous,3,UFC 108: Evans vs Silva
Sam Stout,Joe Lauzon,Sam Stout,2010-01-02,Decision - Unanimous,3,UFC 108: Evans vs Silva
Jim Miller,Duane Ludwig,Jim Miller,2010-01-02,Submission,1,UFC 108: Evans vs Silva
TJ Grant,Kevin Burns,TJ Grant,2009-12-12,KO/TKO,1,UFC 107: Penn vs Sanchez
Junior Dos Santos,Gilbert Yvel,Junior Dos Santos,2010-01-02,KO/TKO,1,UFC 108: Evans vs Silva
Cole Miller,Dan Lauzon,Cole Miller,2010-01-02,Submission,1,UFC 108: Evans vs Silva
Martin Kampmann,Jacob Volkmann,Martin Kampmann,2010-01-02,Submission,1,UFC 108: Evans vs Silva
Jake Ellenberger,Mike Pyle,Jake Ellenberger,2010-01-02,KO/TKO,2,UFC 108: Evans vs Silva
Mark Munoz,Ryan Jensen,Mark Munoz,2010-01-02,KO/TKO,1,UFC 108: Evans vs Silva
Rafaello Oliveira,John Gunderson,Rafaello Oliveira,2010-01-02,Decision - Unanimous,3,UFC 108: Evans vs Silva
Roy Nelson,Brendan Schaub,Roy Nelson,2009-12-05,KO/TKO,1,The Ultimate Fighter: Heavyweights Finale
Matt Hamill,Jon Jones,Matt Hamill,2009-12-05,DQ,1,The Ultimate Fighter: Heavyweights Finale
Frankie Edgar,Matt Veach,Frankie Edgar,2009-12-05,Submission,2,The Ultimate Fighter: Heavyweights Finale
Kevin Ferguson,Houston Alexander,Kevin Ferguson,2009-12-05,Decision - Unanimous,3,The Ultimate Fighter: Heavyweights Finale
Matt Mitrione,Marcus Jones,Matt Mitrione,2009-12-05,KO/TKO,2,The Ultimate Fighter: Heavyweights Finale
James McSweeney,Darrill Schoonover,James McSweeney,2009-12-05,KO/TKO,3,The Ultimate Fighter: Heavyweights Finale
Jon Madsen,Justin Wren,Jon Madsen,2009-12-05,Decision - Split,3,The Ultimate Fighter: Heavyweights Finale
Brian Stann,Rodney Wallace,Brian Stann,2009-12-05,Decision - Unanimous,3,The Ultimate Fighter: Heavyweights Finale
Mark Bocek,Joe Brammer,Mark Bocek,2009-12-05,Submission,1,The Ultimate Fighter: Heavyweights Finale
Forrest Griffin,Tito Ortiz,Forrest Griffin,2009-11-21,Decision - Split,3,UFC 106: Ortiz vs Griffin 2
John Howard,Dennis Hallman,John Howard,2009-12-05,KO/TKO,3,The Ultimate Fighter: Heavyweights Finale
Paulo Thiago,Jacob Volkmann,Paulo Thiago,2009-11-21,Decision - Unanimous,3,UFC 106: Ortiz vs Griffin 2
Rogerio Nogueira,Luiz Cane,Rogerio Nogueira,2009-11-21,KO/TKO,1,UFC 106: Ortiz vs Griffin 2
Josh Koscheck,Anthony Johnson,Josh Koscheck,2009-11-21,Submission,2,UFC 106: Ortiz vs Griffin 2
Amir Sadollah,Phil Baroni,Amir Sadollah,2009-11-21,Decision - Unanimous,3,UFC 106: Ortiz vs Griffin 2
Ben Saunders,Marcus Davis,Ben Saunders,2009-11-21,KO/TKO,1,UFC 106: Ortiz vs Griffin 2
Kendall Grove,Jake Rosholt,Kendall Grove,2009-11-21,Submission,1,UFC 106: Ortiz vs Griffin 2
Brian Foster,Brock Larson,Brian Foster,2009-11-21,KO/TKO,2,UFC 106: Ortiz vs Griffin 2
Randy Couture,Brandon Vera,Randy Couture,2009-11-14,Decision - Unanimous,3,UFC 105: Couture vs Vera
Dan Hardy,Mike Swick,Dan Hardy,2009-11-14,Decision - Unanimous,3,UFC 105: Couture vs Vera
George Sotiropoulos,Jason Dent,George Sotiropoulos,2009-11-21,Submission,2,UFC 106: Ortiz vs Griffin 2
Matt Brown,James Wilks,Matt Brown,2009-11-14,KO/TKO,3,UFC 105: Couture vs Vera
Michael Bisping,Denis Kang,Michael Bisping,2009-11-14,KO/TKO,2,UFC 105: Couture vs Vera
John Hathaway,Paul Taylor,John Hathaway,2009-11-14,Decision - Unanimous,3,UFC 105: Couture vs Vera
Ross Pearson,Aaron Riley,Ross Pearson,2009-11-14,TKO - Doctor's Stoppage,2,UFC 105: Couture vs Vera
Terry Etim,Shannon Gugerty,Terry Etim,2009-11-14,Submission,2,UFC 105: Couture vs Vera
Nick Osipczak,Matthew Riddle,Nick Osipczak,2009-11-14,KO/TKO,3,UFC 105: Couture vs Vera
Dennis Siver,Paul Kelly,Dennis Siver,2009-11-14,KO/TKO,2,UFC 105: Couture vs Vera
Alexander Gustafsson,Jared Hamman,Alexander Gustafsson,2009-11-14,KO/TKO,1,UFC 105: Couture vs Vera
Cain Velasquez,Ben Rothwell,Cain Velasquez,2009-10-24,KO/TKO,2,UFC 104: Machida vs Shogun
Lyoto Machida,Mauricio Rua,Lyoto Machida,2009-10-24,Decision - Unanimous,5,UFC 104: Machida vs Shogun
Andre Winner,Rolando Delgado,Andre Winner,2009-11-14,KO/TKO,1,UFC 105: Couture vs Vera
Anthony Johnson,Yoshiyuki Yoshida,Anthony Johnson,2009-10-24,KO/TKO,1,UFC 104: Machida vs Shogun
Gleison Tibau,Josh Neer,Gleison Tibau,2009-10-24,Decision - Unanimous,3,UFC 104: Machida vs Shogun
Joe Stevenson,Spencer Fisher,Joe Stevenson,2009-10-24,KO/TKO,2,UFC 104: Machida vs Shogun
Pat Barry,Antoni Hardonk,Pat Barry,2009-10-24,KO/TKO,2,UFC 104: Machida vs Shogun
Ryan Bader,Eric Schafer,Ryan Bader,2009-10-24,Decision - Unanimous,3,UFC 104: Machida vs Shogun
Chael Sonnen,Yushin Okami,Chael Sonnen,2009-10-24,Decision - Unanimous,3,UFC 104: Machida vs Shogun
Jorge Rivera,Rob Kimmons,Jorge Rivera,2009-10-24,KO/TKO,3,UFC 104: Machida vs Shogun
Stefan Struve,Chase Gormley,Stefan Struve,2009-10-24,Submission,1,UFC 104: Machida vs Shogun
Kyle Kingsbury,Razak Al-Hassan,Kyle Kingsbury,2009-10-24,Decision - Split,3,UFC 104: Machida vs Shogun
Vitor Belfort,Rich Franklin,Vitor Belfort,2009-09-19,KO/TKO,1,UFC 103: Franklin vs Belfort
Junior Dos Santos,Mirko Filipovic,Junior Dos Santos,2009-09-19,KO/TKO,3,UFC 103: Franklin vs Belfort
Josh Koscheck,Frank Trigg,Josh Koscheck,2009-09-19,KO/TKO,1,UFC 103: Franklin vs Belfort
Paul Daley,Martin Kampmann,Paul Daley,2009-09-19,KO/TKO,1,UFC 103: Franklin vs Belfort
Efrain Escudero,Cole Miller,Efrain Escudero,2009-09-19,KO/TKO,1,UFC 103: Franklin vs Belfort
Tomasz Drwal,Drew McFedries,Tomasz Drwal,2009-09-19,Submission,2,UFC 103: Franklin vs Belfort
Tyson Griffin,Hermes Franca,Tyson Griffin,2009-09-19,KO/TKO,2,UFC 103: Franklin vs Belfort
Jim Miller,Steve Lopez,Jim Miller,2009-09-19,KO/TKO,2,UFC 103: Franklin vs Belfort
Nik Lentz,Rafaello Oliveira,Nik Lentz,2009-09-19,Decision - Unanimous,3,UFC 103: Franklin vs Belfort
Rick Story,Brian Foster,Rick Story,2009-09-19,Submission,2,UFC 103: Franklin vs Belfort
Eliot Marshall,Jason Brilz,Eliot Marshall,2009-09-19,Decision - Split,3,UFC 103: Franklin vs Belfort
Rafael Dos Anjos,Rob Emerson,Rafael Dos Anjos,2009-09-19,Decision - Unanimous,3,UFC 103: Franklin vs Belfort
Nate Diaz,Melvin Guillard,Nate Diaz,2009-09-16,Submission,2,UFC Fight Night: Diaz vs Guillard
Vladimir Matyushenko,Igor Pokrajac,Vladimir Matyushenko,2009-09-19,Decision - Unanimous,3,UFC 103: Franklin vs Belfort
Gray Maynard,Roger Huerta,Gray Maynard,2009-09-16,Decision - Split,3,UFC Fight Night: Diaz vs Guillard
Nate Quarry,Tim Credeur,Nate Quarry,2009-09-16,Decision - Unanimous,3,UFC Fight Night: Diaz vs Guillard
Carlos Condit,Jake Ellenberger,Carlos Condit,2009-09-16,Decision - Split,3,UFC Fight Night: Diaz vs Guillard
Brian Stann,Steve Cantwell,Brian Stann,2009-09-16,Decision - Unanimous,3,UFC Fight Night: Diaz vs Guillard
CB Dollaway,Jay Silva,CB Dollaway,2009-09-16,Decision - Unanimous,3,UFC Fight Night: Diaz vs Guillard
Mike Pyle,Chris Wilson,Mike Pyle,2009-09-16,Submission,3,UFC Fight Night: Diaz vs Guillard
Mike Pierce,Brock Larson,Mike Pierce,2009-09-16,Decision - Unanimous,3,UFC Fight Night: Diaz vs Guillard
Ryan Jensen,Steve Steinbeiss,Ryan Jensen,2009-09-16,Submission,1,UFC Fight Night: Diaz vs Guillard
Jeremy Stephens,Justin Buchholz,Jeremy Stephens,2009-09-16,TKO - Doctor's Stoppage,1,UFC Fight Night: Diaz vs Guillard
Thiago Silva,Keith Jardine,Thiago Silva,2009-08-29,KO/TKO,1,UFC 102: Couture vs Nogueira
Antonio Rodrigo Nogueira,Randy Couture,Antonio Rodrigo Nogueira,2009-08-29,Decision - Unanimous,3,UFC 102: Couture vs Nogueira
Jake Rosholt,Chris Leben,Jake Rosholt,2009-08-29,Submission,3,UFC 102: Couture vs Nogueira
Brandon Vera,Krzysztof Soszynski,Brandon Vera,2009-08-29,Decision - Unanimous,3,UFC 102: Couture vs Nogueira
Nate Marquardt,Demian Maia,Nate Marquardt,2009-08-29,KO/TKO,1,UFC 102: Couture vs Nogueira
Aaron Simpson,Ed Herman,Aaron Simpson,2009-08-29,KO/TKO,2,UFC 102: Couture vs Nogueira
Todd Duffee,Tim Hague,Todd Duffee,2009-08-29,KO/TKO,1,UFC 102: Couture vs Nogueira
Gabriel Gonzaga,Chris Tuchscherer,Gabriel Gonzaga,2009-08-29,KO/TKO,1,UFC 102: Couture vs Nogueira
Mark Munoz,Nick Catone,Mark Munoz,2009-08-29,Decision - Split,3,UFC 102: Couture vs Nogueira
Mike Russow,Justin McCully,Mike Russow,2009-08-29,Decision - Unanimous,3,UFC 102: Couture vs Nogueira
Evan Dunham,Marcus Aurelio,Evan Dunham,2009-08-29,Decision - Split,3,UFC 102: Couture vs Nogueira
BJ Penn,Kenny Florian,BJ Penn,2009-08-08,Submission,4,UFC 101: Declaration
Anderson Silva,Forrest Griffin,Anderson Silva,2009-08-08,KO/TKO,1,UFC 101: Declaration
Aaron Riley,Shane Nelson,Aaron Riley,2009-08-08,Decision - Unanimous,3,UFC 101: Declaration
Ricardo Almeida,Kendall Grove,Ricardo Almeida,2009-08-08,Decision - Unanimous,3,UFC 101: Declaration
Johny Hendricks,Amir Sadollah,Johny Hendricks,2009-08-08,KO/TKO,1,UFC 101: Declaration
Kurt Pellegrino,Josh Neer,Kurt Pellegrino,2009-08-08,Decision - Unanimous,3,UFC 101: Declaration
Matthew Riddle,Dan Cramer,Matthew Riddle,2009-08-08,Decision - Unanimous,3,UFC 101: Declaration
Alessio Sakara,Thales Leites,Alessio Sakara,2009-08-08,Decision - Split,3,UFC 101: Declaration
John Howard,Tamdan McCrory,John Howard,2009-08-08,Decision - Split,3,UFC 101: Declaration
Jon Fitch,Paulo Thiago,Jon Fitch,2009-07-11,Decision - Unanimous,3,UFC 100
George Sotiropoulos,George Roop,George Sotiropoulos,2009-08-08,Submission,2,UFC 101: Declaration
Jesse Lennox,Danillo Villefort,Jesse Lennox,2009-08-08,TKO - Doctor's Stoppage,3,UFC 101: Declaration
Georges St-Pierre,Thiago Alves,Georges St-Pierre,2009-07-11,Decision - Unanimous,5,UFC 100
Dan Henderson,Michael Bisping,Dan Henderson,2009-07-11,KO/TKO,2,UFC 100
Brock Lesnar,Frank Mir,Brock Lesnar,2009-07-11,KO/TKO,2,UFC 100
Yoshihiro Akiyama,Alan Belcher,Yoshihiro Akiyama,2009-07-11,Decision - Split,3,UFC 100
Jim Miller,Mac Danzig,Jim Miller,2009-07-11,Decision - Unanimous,3,UFC 100
Mark Coleman,Stephan Bonnar,Mark Coleman,2009-07-11,Decision - Unanimous,3,UFC 100
Dong Hyun Kim,TJ Grant,Dong Hyun Kim,2009-07-11,Decision - Unanimous,3,UFC 100
Tom Lawlor,CB Dollaway,Tom Lawlor,2009-07-11,Submission,1,UFC 100
Jon Jones,Jake O'Brien,Jon Jones,2009-07-11,Submission,2,UFC 100
Shannon Gugerty,Matt Grice,Shannon Gugerty,2009-07-11,Submission,1,UFC 100
James Wilks,DaMarques Johnson,James Wilks,2009-06-20,Submission,1,The Ultimate Fighter: United States vs. United Kingdom Finale
Ross Pearson,Andre Winner,Ross Pearson,2009-06-20,Decision - Unanimous,3,The Ultimate Fighter: United States vs. United Kingdom Finale
Diego Sanchez,Clay Guida,Diego Sanchez,2009-06-20,Decision - Split,3,The Ultimate Fighter: United States vs. United Kingdom Finale
Chris Lytle,Kevin Burns,Chris Lytle,2009-06-20,Decision - Unanimous,3,The Ultimate Fighter: United States vs. United Kingdom Finale
Melvin Guillard,Gleison Tibau,Melvin Guillard,2009-06-20,Decision - Split,3,The Ultimate Fighter: United States vs. United Kingdom Finale
Joe Stevenson,Nate Diaz,Joe Stevenson,2009-06-20,Decision - Unanimous,3,The Ultimate Fighter: United States vs. United Kingdom Finale
Brad Blackburn,Edgar Garcia,Brad Blackburn,2009-06-20,Decision - Split,3,The Ultimate Fighter: United States vs. United Kingdom Finale
Nick Osipczak,Frank Lester,Nick Osipczak,2009-06-20,Submission,1,The Ultimate Fighter: United States vs. United Kingdom Finale
Tomasz Drwal,Mike Ciesnolevicz,Tomasz Drwal,2009-06-20,KO/TKO,1,The Ultimate Fighter: United States vs. United Kingdom Finale
Jason Dent,Cameron Dollar,Jason Dent,2009-06-20,Submission,1,The Ultimate Fighter: United States vs. United Kingdom Finale
Rich Franklin,Wanderlei Silva,Rich Franklin,2009-06-13,Decision - Unanimous,3,UFC 99: The Comeback
Cain Velasquez,Cheick Kongo,Cain Velasquez,2009-06-13,Decision - Unanimous,3,UFC 99: The Comeback
Mirko Filipovic,Mostapha Al-Turk,Mirko Filipovic,2009-06-13,KO/TKO,1,UFC 99: The Comeback
Mike Swick,Ben Saunders,Mike Swick,2009-06-13,KO/TKO,2,UFC 99: The Comeback
Spencer Fisher,Caol Uno,Spencer Fisher,2009-06-13,Decision - Unanimous,3,UFC 99: The Comeback
Dan Hardy,Marcus Davis,Dan Hardy,2009-06-13,Decision - Split,3,UFC 99: The Comeback
Terry Etim,Justin Buchholz,Terry Etim,2009-06-13,Submission,2,UFC 99: The Comeback
Paul Taylor,Peter Sobotta,Paul Taylor,2009-06-13,Decision - Unanimous,3,UFC 99: The Comeback
Dennis Siver,Dale Hartt,Dennis Siver,2009-06-13,Submission,1,UFC 99: The Comeback
Paul Kelly,Rolando Delgado,Paul Kelly,2009-06-13,Decision - Unanimous,3,UFC 99: The Comeback
Stefan Struve,Denis Stojnic,Stefan Struve,2009-06-13,Submission,2,UFC 99: The Comeback
Martin Kampmann,Carlos Condit,Martin Kampmann,2009-04-01,Decision - Split,3,UFC Fight Night: Condit vs Kampmann
John Hathaway,Rick Story,John Hathaway,2009-06-13,Decision - Unanimous,3,UFC 99: The Comeback
Tyson Griffin,Rafael Dos Anjos,Tyson Griffin,2009-04-01,Decision - Unanimous,3,UFC Fight Night: Condit vs Kampmann
Ryan Bader,Carmelo Marrero,Ryan Bader,2009-04-01,Decision - Unanimous,3,UFC Fight Night: Condit vs Kampmann
Gleison Tibau,Jeremy Stephens,Gleison Tibau,2009-04-01,Decision - Unanimous,3,UFC Fight Night: Condit vs Kampmann
Cole Miller,Junie Browning,Cole Miller,2009-04-01,Submission,1,UFC Fight Night: Condit vs Kampmann
Ricardo Almeida,Matt Horwich,Ricardo Almeida,2009-04-01,Decision - Unanimous,3,UFC Fight Night: Condit vs Kampmann
Tim Credeur,Nick Catone,Tim Credeur,2009-04-01,Submission,2,UFC Fight Night: Condit vs Kampmann
Brock Larson,Jesse Sanders,Brock Larson,2009-04-01,Submission,1,UFC Fight Night: Condit vs Kampmann
Jorge Rivera,Nissen Osterneck,Jorge Rivera,2009-04-01,Decision - Split,3,UFC Fight Night: Condit vs Kampmann
Anderson Silva,Thales Leites,Anderson Silva,2009-04-18,Decision - Unanimous,5,UFC 97: Redemption
Rob Kimmons,Joe Vedepo,Rob Kimmons,2009-04-01,Submission,1,UFC Fight Night: Condit vs Kampmann
Aaron Simpson,Tim McKenzie,Aaron Simpson,2009-04-01,KO/TKO,1,UFC Fight Night: Condit vs Kampmann
Mauricio Rua,Chuck Liddell,Mauricio Rua,2009-04-18,KO/TKO,1,UFC 97: Redemption
Krzysztof Soszynski,Brian Stann,Krzysztof Soszynski,2009-04-18,Submission,1,UFC 97: Redemption
Sam Stout,Matt Wiman,Sam Stout,2009-04-18,Decision - Unanimous,3,UFC 97: Redemption
Cheick Kongo,Antoni Hardonk,Cheick Kongo,2009-04-18,KO/TKO,2,UFC 97: Redemption
Luiz Cane,Steve Cantwell,Luiz Cane,2009-04-18,Decision - Unanimous,3,UFC 97: Redemption
Nate Quarry,Jason MacDonald,Nate Quarry,2009-04-18,KO/TKO,1,UFC 97: Redemption
Denis Kang,Xavier Foupa-Pokam,Denis Kang,2009-04-18,Decision - Unanimous,3,UFC 97: Redemption
Ed Herman,David Loiseau,Ed Herman,2009-04-18,Decision - Unanimous,3,UFC 97: Redemption
TJ Grant,Ryo Chonan,TJ Grant,2009-04-18,Decision - Split,3,UFC 97: Redemption
Mark Bocek,David Bielkheden,Mark Bocek,2009-04-18,Submission,1,UFC 97: Redemption
Eliot Marshall,Vinny Magalhaes,Eliot Marshall,2009-04-18,Decision - Unanimous,3,UFC 97: Redemption
Lyoto Machida,Rashad Evans,Lyoto Machida,2009-05-23,KO/TKO,2,UFC 98: Evans vs Machida
Drew McFedries,Xavier Foupa-Pokam,Drew McFedries,2009-05-23,KO/TKO,1,UFC 98: Evans vs Machida
Matt Hughes,Matt Serra,Matt Hughes,2009-05-23,Decision - Unanimous,3,UFC 98: Evans vs Machida
Frankie Edgar,Sean Sherk,Frankie Edgar,2009-05-23,Decision - Unanimous,3,UFC 98: Evans vs Machida
Chael Sonnen,Dan Miller,Chael Sonnen,2009-05-23,Decision - Unanimous,3,UFC 98: Evans vs Machida
Tim Hague,Pat Barry,Tim Hague,2009-05-23,Submission,1,UFC 98: Evans vs Machida
Kyle Bradley,Phillipe Nover,Kyle Bradley,2009-05-23,KO/TKO,1,UFC 98: Evans vs Machida
Brock Larson,Mike Pyle,Brock Larson,2009-05-23,Submission,1,UFC 98: Evans vs Machida
Krzysztof Soszynski,Andre Gusmao,Krzysztof Soszynski,2009-05-23,KO/TKO,1,UFC 98: Evans vs Machida
Yoshiyuki Yoshida,Brandon Wolff,Yoshiyuki Yoshida,2009-05-23,Submission,1,UFC 98: Evans vs Machida
Joe Lauzon,Jeremy Stephens,Joe Lauzon,2009-02-07,Submission,2,UFC Fight Night: Lauzon vs Stephens
George Roop,David Kaplan,George Roop,2009-05-23,Decision - Split,3,UFC 98: Evans vs Machida
Cain Velasquez,Denis Stojnic,Cain Velasquez,2009-02-07,KO/TKO,2,UFC Fight Night: Lauzon vs Stephens
Josh Neer,Mac Danzig,Josh Neer,2009-02-07,Submission,2,UFC Fight Night: Lauzon vs Stephens
Anthony Johnson,Luigi Fioravanti,Anthony Johnson,2009-02-07,KO/TKO,1,UFC Fight Night: Lauzon vs Stephens
Kurt Pellegrino,Rob Emerson,Kurt Pellegrino,2009-02-07,Submission,2,UFC Fight Night: Lauzon vs Stephens
Dan Miller,Jake Rosholt,Dan Miller,2009-02-07,Submission,1,UFC Fight Night: Lauzon vs Stephens
Matt Veach,Matt Grice,Matt Veach,2009-02-07,KO/TKO,1,UFC Fight Night: Lauzon vs Stephens
Gleison Tibau,Rich Clementi,Gleison Tibau,2009-02-07,Submission,1,UFC Fight Night: Lauzon vs Stephens
Nick Catone,Derek Downey,Nick Catone,2009-02-07,Submission,2,UFC Fight Night: Lauzon vs Stephens
Matthew Riddle,Steve Bruno,Matthew Riddle,2009-02-07,Decision - Unanimous,3,UFC Fight Night: Lauzon vs Stephens
Quinton Jackson,Keith Jardine,Quinton Jackson,2009-03-07,Decision - Unanimous,3,UFC 96: Jackson vs Jardine
Shane Carwin,Gabriel Gonzaga,Shane Carwin,2009-03-07,KO/TKO,1,UFC 96: Jackson vs Jardine
Matt Brown,Pete Sell,Matt Brown,2009-03-07,KO/TKO,1,UFC 96: Jackson vs Jardine
Matt Hamill,Mark Munoz,Matt Hamill,2009-03-07,KO/TKO,1,UFC 96: Jackson vs Jardine
Gray Maynard,Jim Miller,Gray Maynard,2009-03-07,Decision - Unanimous,3,UFC 96: Jackson vs Jardine
Tamdan McCrory,Ryan Madigan,Tamdan McCrory,2009-03-07,KO/TKO,1,UFC 96: Jackson vs Jardine
Kendall Grove,Jason Day,Kendall Grove,2009-03-07,KO/TKO,1,UFC 96: Jackson vs Jardine
Jason Brilz,Tim Boetsch,Jason Brilz,2009-03-07,Decision - Unanimous,3,UFC 96: Jackson vs Jardine
Shane Nelson,Aaron Riley,Shane Nelson,2009-03-07,KO/TKO,1,UFC 96: Jackson vs Jardine
Brandon Vera,Michael Patt,Brandon Vera,2009-03-07,KO/TKO,2,UFC 96: Jackson vs Jardine
Diego Sanchez,Joe Stevenson,Diego Sanchez,2009-02-21,Decision - Unanimous,3,UFC 95: Sanchez vs Stevenson
Dan Hardy,Rory Markham,Dan Hardy,2009-02-21,KO/TKO,1,UFC 95: Sanchez vs Stevenson
Demian Maia,Chael Sonnen,Demian Maia,2009-02-21,Submission,1,UFC 95: Sanchez vs Stevenson
Nate Marquardt,Wilson Gouveia,Nate Marquardt,2009-02-21,KO/TKO,3,UFC 95: Sanchez vs Stevenson
Paulo Thiago,Josh Koscheck,Paulo Thiago,2009-02-21,KO/TKO,1,UFC 95: Sanchez vs Stevenson
Terry Etim,Brian Cobb,Terry Etim,2009-02-21,KO/TKO,2,UFC 95: Sanchez vs Stevenson
Junior Dos Santos,Stefan Struve,Junior Dos Santos,2009-02-21,KO/TKO,1,UFC 95: Sanchez vs Stevenson
Evan Dunham,Per Eklund,Evan Dunham,2009-02-21,KO/TKO,1,UFC 95: Sanchez vs Stevenson
Mike Ciesnolevicz,Neil Grove,Mike Ciesnolevicz,2009-02-21,Submission,1,UFC 95: Sanchez vs Stevenson
Dan Henderson,Rich Franklin,Dan Henderson,2009-01-17,Decision - Split,3,UFC 93: Franklin vs Henderson
Mauricio Rua,Mark Coleman,Mauricio Rua,2009-01-17,KO/TKO,3,UFC 93: Franklin vs Henderson
Paul Kelly,Troy Mandaloniz,Paul Kelly,2009-02-21,Decision - Unanimous,3,UFC 95: Sanchez vs Stevenson
Rousimar Palhares,Jeremy Horn,Rousimar Palhares,2009-01-17,Decision - Unanimous,3,UFC 93: Franklin vs Henderson
Alan Belcher,Denis Kang,Alan Belcher,2009-01-17,Submission,2,UFC 93: Franklin vs Henderson
John Hathaway,Tom Egan,John Hathaway,2009-01-17,KO/TKO,1,UFC 93: Franklin vs Henderson
Marcus Davis,Chris Lytle,Marcus Davis,2009-01-17,Decision - Split,3,UFC 93: Franklin vs Henderson
Martin Kampmann,Alexandre Barros,Martin Kampmann,2009-01-17,KO/TKO,2,UFC 93: Franklin vs Henderson
Eric Schafer,Antonio Mendes,Eric Schafer,2009-01-17,KO/TKO,1,UFC 93: Franklin vs Henderson
Tomasz Drwal,Ivan Serati,Tomasz Drwal,2009-01-17,KO/TKO,1,UFC 93: Franklin vs Henderson
Dennis Siver,Nate Mohr,Dennis Siver,2009-01-17,KO/TKO,3,UFC 93: Franklin vs Henderson
Lyoto Machida,Thiago Silva,Lyoto Machida,2009-01-31,KO/TKO,1,UFC 94: St-Pierre vs Penn 2
Georges St-Pierre,BJ Penn,Georges St-Pierre,2009-01-31,KO/TKO,4,UFC 94: St-Pierre vs Penn 2
Jon Jones,Stephan Bonnar,Jon Jones,2009-01-31,Decision - Unanimous,3,UFC 94: St-Pierre vs Penn 2
Clay Guida,Nate Diaz,Clay Guida,2009-01-31,Decision - Split,3,UFC 94: St-Pierre vs Penn 2
John Howard,Chris Wilson,John Howard,2009-01-31,Decision - Split,3,UFC 94: St-Pierre vs Penn 2
Jon Fitch,Akihiro Gono,Jon Fitch,2009-01-31,Decision - Unanimous,3,UFC 94: St-Pierre vs Penn 2
Thiago Tavares,Manvel Gamburyan,Thiago Tavares,2009-01-31,Decision - Unanimous,3,UFC 94: St-Pierre vs Penn 2
Jake O'Brien,Christian Wellisch,Jake O'Brien,2009-01-31,Decision - Split,3,UFC 94: St-Pierre vs Penn 2
Dan Cramer,Matt Arroyo,Dan Cramer,2009-01-31,Decision - Split,3,UFC 94: St-Pierre vs Penn 2
Rashad Evans,Forrest Griffin,Rashad Evans,2008-12-27,KO/TKO,3,UFC 92: The Ultimate 2008
Frank Mir,Antonio Rodrigo Nogueira,Frank Mir,2008-12-27,KO/TKO,2,UFC 92: The Ultimate 2008
CB Dollaway,Mike Massenzio,CB Dollaway,2008-12-27,KO/TKO,1,UFC 92: The Ultimate 2008
Quinton Jackson,Wanderlei Silva,Quinton Jackson,2008-12-27,KO/TKO,1,UFC 92: The Ultimate 2008
Cheick Kongo,Mostapha Al-Turk,Cheick Kongo,2008-12-27,KO/TKO,1,UFC 92: The Ultimate 2008
Antoni Hardonk,Mike Wessel,Antoni Hardonk,2008-12-27,KO/TKO,2,UFC 92: The Ultimate 2008
Yushin Okami,Dean Lister,Yushin Okami,2008-12-27,Decision - Unanimous,3,UFC 92: The Ultimate 2008
Matt Hamill,Reese Andy,Matt Hamill,2008-12-27,KO/TKO,2,UFC 92: The Ultimate 2008
Brad Blackburn,Ryo Chonan,Brad Blackburn,2008-12-27,Decision - Unanimous,3,UFC 92: The Ultimate 2008
Mike Swick,Jonathan Goulet,Mike Swick,2008-12-10,KO/TKO,1,UFC Fight Night - Fight for the Troops
Pat Barry,Dan Evensen,Pat Barry,2008-12-27,KO/TKO,1,UFC 92: The Ultimate 2008
Josh Koscheck,Yoshiyuki Yoshida,Josh Koscheck,2008-12-10,KO/TKO,1,UFC Fight Night - Fight for the Troops
Steve Cantwell,Razak Al-Hassan,Steve Cantwell,2008-12-10,Submission,1,UFC Fight Night - Fight for the Troops
Jim Miller,Matt Wiman,Jim Miller,2008-12-10,Decision - Unanimous,3,UFC Fight Night - Fight for the Troops
Tim Credeur,Nate Loughran,Tim Credeur,2008-12-10,KO/TKO,2,UFC Fight Night - Fight for the Troops
Luigi Fioravanti,Brodie Farber,Luigi Fioravanti,2008-12-10,Decision - Unanimous,3,UFC Fight Night - Fight for the Troops
Ben Saunders,Brandon Wolff,Ben Saunders,2008-12-10,KO/TKO,1,UFC Fight Night - Fight for the Troops
Steve Bruno,Johnny Rees,Steve Bruno,2008-12-10,Submission,2,UFC Fight Night - Fight for the Troops
Justin McCully,Eddie Sanchez,Justin McCully,2008-12-10,Decision - Unanimous,3,UFC Fight Night - Fight for the Troops
Dale Hartt,Corey Hill,Dale Hartt,2008-12-10,KO/TKO,2,UFC Fight Night - Fight for the Troops
Anthony Johnson,Kevin Burns,Anthony Johnson,2008-12-13,KO/TKO,3,The Ultimate Fighter: Team Nogueira vs. Team Mir Finale
Ryan Bader,Vinny Magalhaes,Ryan Bader,2008-12-13,KO/TKO,1,The Ultimate Fighter: Team Nogueira vs. Team Mir Finale
Efrain Escudero,Phillipe Nover,Efrain Escudero,2008-12-13,Decision - Unanimous,3,The Ultimate Fighter: Team Nogueira vs. Team Mir Finale
Wilson Gouveia,Jason MacDonald,Wilson Gouveia,2008-12-13,KO/TKO,1,The Ultimate Fighter: Team Nogueira vs. Team Mir Finale
Junie Browning,David Kaplan,Junie Browning,2008-12-13,Submission,2,The Ultimate Fighter: Team Nogueira vs. Team Mir Finale
Krzysztof Soszynski,Shane Primm,Krzysztof Soszynski,2008-12-13,Submission,2,The Ultimate Fighter: Team Nogueira vs. Team Mir Finale
Eliot Marshall,Jules Bruchez,Eliot Marshall,2008-12-13,Submission,1,The Ultimate Fighter: Team Nogueira vs. Team Mir Finale
Tom Lawlor,Kyle Kingsbury,Tom Lawlor,2008-12-13,Decision - Unanimous,3,The Ultimate Fighter: Team Nogueira vs. Team Mir Finale
Shane Nelson,George Roop,Shane Nelson,2008-12-13,Decision - Split,3,The Ultimate Fighter: Team Nogueira vs. Team Mir Finale
Brock Lesnar,Randy Couture,Brock Lesnar,2008-11-15,KO/TKO,2,UFC 91: Couture vs Lesnar
Kenny Florian,Joe Stevenson,Kenny Florian,2008-11-15,Submission,1,UFC 91: Couture vs Lesnar
Rolando Delgado,John Polakowski,Rolando Delgado,2008-12-13,Submission,2,The Ultimate Fighter: Team Nogueira vs. Team Mir Finale
Dustin Hazelett,Tamdan McCrory,Dustin Hazelett,2008-11-15,Submission,1,UFC 91: Couture vs Lesnar
Demian Maia,Nate Quarry,Demian Maia,2008-11-15,Submission,1,UFC 91: Couture vs Lesnar
Gabriel Gonzaga,Josh Hendricks,Gabriel Gonzaga,2008-11-15,KO/TKO,1,UFC 91: Couture vs Lesnar
Jeremy Stephens,Rafael Dos Anjos,Jeremy Stephens,2008-11-15,KO/TKO,3,UFC 91: Couture vs Lesnar
Aaron Riley,Jorge Gurgel,Aaron Riley,2008-11-15,Decision - Unanimous,3,UFC 91: Couture vs Lesnar
Mark Bocek,Alvin Robinson,Mark Bocek,2008-11-15,Submission,3,UFC 91: Couture vs Lesnar
Michael Bisping,Chris Leben,Michael Bisping,2008-10-18,Decision - Unanimous,3,UFC 89: Bisping vs Leben
Matt Brown,Ryan Thomas,Matt Brown,2008-11-15,Submission,2,UFC 91: Couture vs Lesnar
Keith Jardine,Brandon Vera,Keith Jardine,2008-10-18,Decision - Split,3,UFC 89: Bisping vs Leben
Luiz Cane,Rameau Thierry Sokoudjou,Luiz Cane,2008-10-18,KO/TKO,2,UFC 89: Bisping vs Leben
Marcus Davis,Paul Kelly,Marcus Davis,2008-10-18,Submission,2,UFC 89: Bisping vs Leben
Chris Lytle,Paul Taylor,Chris Lytle,2008-10-18,Decision - Unanimous,3,UFC 89: Bisping vs Leben
Dan Hardy,Akihiro Gono,Dan Hardy,2008-10-18,Decision - Split,3,UFC 89: Bisping vs Leben
Shane Carwin,Neil Wain,Shane Carwin,2008-10-18,KO/TKO,1,UFC 89: Bisping vs Leben
David Bielkheden,Jess Liaudin,David Bielkheden,2008-10-18,Decision - Unanimous,3,UFC 89: Bisping vs Leben
Terry Etim,Sam Stout,Terry Etim,2008-10-18,Decision - Unanimous,3,UFC 89: Bisping vs Leben
Jim Miller,David Baron,Jim Miller,2008-10-18,Submission,3,UFC 89: Bisping vs Leben
Per Eklund,Samy Schiavo,Per Eklund,2008-10-18,Submission,3,UFC 89: Bisping vs Leben
Thiago Alves,Josh Koscheck,Thiago Alves,2008-10-25,Decision - Unanimous,3,UFC 90: Silva vs Cote
Anderson Silva,Patrick Cote,Anderson Silva,2008-10-25,KO/TKO,3,UFC 90: Silva vs Cote
Gray Maynard,Rich Clementi,Gray Maynard,2008-10-25,Decision - Unanimous,3,UFC 90: Silva vs Cote
Sean Sherk,Tyson Griffin,Sean Sherk,2008-10-25,Decision - Unanimous,3,UFC 90: Silva vs Cote
Thales Leites,Drew McFedries,Thales Leites,2008-10-25,Submission,1,UFC 90: Silva vs Cote
Junior Dos Santos,Fabricio Werdum,Junior Dos Santos,2008-10-25,KO/TKO,1,UFC 90: Silva vs Cote
Dan Miller,Matt Horwich,Dan Miller,2008-10-25,Decision - Unanimous,3,UFC 90: Silva vs Cote
Hermes Franca,Marcus Aurelio,Hermes Franca,2008-10-25,Decision - Unanimous,3,UFC 90: Silva vs Cote
Spencer Fisher,Shannon Gugerty,Spencer Fisher,2008-10-25,Submission,3,UFC 90: Silva vs Cote
Pete Sell,Joshua Burkman,Pete Sell,2008-10-25,Decision - Unanimous,3,UFC 90: Silva vs Cote
Clay Guida,Mac Danzig,Clay Guida,2008-09-17,Decision - Unanimous,3,UFC Fight Night: Diaz vs Neer
Nate Diaz,Josh Neer,Nate Diaz,2008-09-17,Decision - Split,3,UFC Fight Night: Diaz vs Neer
Alan Belcher,Ed Herman,Alan Belcher,2008-09-17,Decision - Split,3,UFC Fight Night: Diaz vs Neer
Eric Schafer,Houston Alexander,Eric Schafer,2008-09-17,Submission,1,UFC Fight Night: Diaz vs Neer
Alessio Sakara,Joe Vedepo,Alessio Sakara,2008-09-17,KO/TKO,1,UFC Fight Night: Diaz vs Neer
Wilson Gouveia,Ryan Jensen,Wilson Gouveia,2008-09-17,Submission,2,UFC Fight Night: Diaz vs Neer
Joe Lauzon,Kyle Bradley,Joe Lauzon,2008-09-17,KO/TKO,2,UFC Fight Night: Diaz vs Neer
Jason Brilz,Brad Morris,Jason Brilz,2008-09-17,KO/TKO,2,UFC Fight Night: Diaz vs Neer
Mike Massenzio,Drew McFedries,Mike Massenzio,2008-09-17,Submission,1,UFC Fight Night: Diaz vs Neer
Dan Miller,Rob Kimmons,Dan Miller,2008-09-17,Submission,1,UFC Fight Night: Diaz vs Neer
Rashad Evans,Chuck Liddell,Rashad Evans,2008-09-06,KO/TKO,2,UFC 88: Breakthrough
Rich Franklin,Matt Hamill,Rich Franklin,2008-09-06,KO/TKO,3,UFC 88: Breakthrough
Nate Marquardt,Martin Kampmann,Nate Marquardt,2008-09-06,KO/TKO,1,UFC 88: Breakthrough
Dan Henderson,Rousimar Palhares,Dan Henderson,2008-09-06,Decision - Unanimous,3,UFC 88: Breakthrough
Dong Hyun Kim,Matt Brown,Dong Hyun Kim,2008-09-06,Decision - Split,3,UFC 88: Breakthrough
Tim Boetsch,Michael Patt,Tim Boetsch,2008-09-06,KO/TKO,1,UFC 88: Breakthrough
Kurt Pellegrino,Thiago Tavares,Kurt Pellegrino,2008-09-06,Decision - Unanimous,3,UFC 88: Breakthrough
Jason MacDonald,Jason Lambert,Jason MacDonald,2008-09-06,Submission,2,UFC 88: Breakthrough
Ryo Chonan,Roan Carneiro,Ryo Chonan,2008-09-06,Decision - Split,3,UFC 88: Breakthrough
Georges St-Pierre,Jon Fitch,Georges St-Pierre,2008-08-09,Decision - Unanimous,5,UFC 87: Seek And Destroy
Rob Emerson,Manvel Gamburyan,Rob Emerson,2008-08-09,KO/TKO,1,UFC 87: Seek And Destroy
Kenny Florian,Roger Huerta,Kenny Florian,2008-08-09,Decision - Unanimous,3,UFC 87: Seek And Destroy
Brock Lesnar,Heath Herring,Brock Lesnar,2008-08-09,Decision - Unanimous,3,UFC 87: Seek And Destroy
Demian Maia,Jason MacDonald,Demian Maia,2008-08-09,Submission,3,UFC 87: Seek And Destroy
Cheick Kongo,Dan Evensen,Cheick Kongo,2008-08-09,KO/TKO,1,UFC 87: Seek And Destroy
Tamdan McCrory,Luke Cummo,Tamdan McCrory,2008-08-09,Decision - Unanimous,3,UFC 87: Seek And Destroy
Chris Wilson,Steve Bruno,Chris Wilson,2008-08-09,Decision - Unanimous,3,UFC 87: Seek And Destroy
Jon Jones,Andre Gusmao,Jon Jones,2008-08-09,Decision - Unanimous,3,UFC 87: Seek And Destroy
Brandon Vera,Reese Andy,Brandon Vera,2008-07-19,Decision - Unanimous,3,UFC: Silva vs Irvin
Anderson Silva,James Irvin,Anderson Silva,2008-07-19,KO/TKO,1,UFC: Silva vs Irvin
Ben Saunders,Ryan Thomas,Ben Saunders,2008-08-09,Submission,2,UFC 87: Seek And Destroy
Kevin Burns,Anthony Johnson,Kevin Burns,2008-07-19,KO/TKO,3,UFC: Silva vs Irvin
Cain Velasquez,Jake O'Brien,Cain Velasquez,2008-07-19,KO/TKO,1,UFC: Silva vs Irvin
Frankie Edgar,Hermes Franca,Frankie Edgar,2008-07-19,Decision - Unanimous,3,UFC: Silva vs Irvin
Rory Markham,Brodie Farber,Rory Markham,2008-07-19,KO/TKO,1,UFC: Silva vs Irvin
Tim Credeur,Cale Yarbrough,Tim Credeur,2008-07-19,KO/TKO,1,UFC: Silva vs Irvin
Nate Loughran,Johnny Rees,Nate Loughran,2008-07-19,Submission,1,UFC: Silva vs Irvin
CB Dollaway,Jesse Taylor,CB Dollaway,2008-07-19,Submission,1,UFC: Silva vs Irvin
Shannon Gugerty,Dale Hartt,Shannon Gugerty,2008-07-19,Submission,1,UFC: Silva vs Irvin
Brad Blackburn,James Giboo,Brad Blackburn,2008-07-19,KO/TKO,2,UFC: Silva vs Irvin
Kendall Grove,Evan Tanner,Kendall Grove,2008-06-21,Decision - Split,3,The Ultimate Fighter: Team Rampage vs Team Forrest Finale
Amir Sadollah,CB Dollaway,Amir Sadollah,2008-06-21,Submission,1,The Ultimate Fighter: Team Rampage vs Team Forrest Finale
Diego Sanchez,Luigi Fioravanti,Diego Sanchez,2008-06-21,KO/TKO,3,The Ultimate Fighter: Team Rampage vs Team Forrest Finale
Spencer Fisher,Jeremy Stephens,Spencer Fisher,2008-06-21,Decision - Unanimous,3,The Ultimate Fighter: Team Rampage vs Team Forrest Finale
Matthew Riddle,Dante Rivera,Matthew Riddle,2008-06-21,Decision - Unanimous,3,The Ultimate Fighter: Team Rampage vs Team Forrest Finale
Dustin Hazelett,Joshua Burkman,Dustin Hazelett,2008-06-21,Submission,2,The Ultimate Fighter: Team Rampage vs Team Forrest Finale
Matt Brown,Matt Arroyo,Matt Brown,2008-06-21,KO/TKO,2,The Ultimate Fighter: Team Rampage vs Team Forrest Finale
Drew McFedries,Marvin Eastman,Drew McFedries,2008-06-21,KO/TKO,1,The Ultimate Fighter: Team Rampage vs Team Forrest Finale
Dean Lister,Jeremy Horn,Dean Lister,2008-06-21,Submission,1,The Ultimate Fighter: Team Rampage vs Team Forrest Finale
Forrest Griffin,Quinton Jackson,Forrest Griffin,2008-07-05,Decision - Unanimous,5,UFC 86: Jackson vs Griffin
Rob Kimmons,Rob Yundt,Rob Kimmons,2008-06-21,Submission,1,The Ultimate Fighter: Team Rampage vs Team Forrest Finale
Joe Stevenson,Gleison Tibau,Joe Stevenson,2008-07-05,Submission,2,UFC 86: Jackson vs Griffin
Patrick Cote,Ricardo Almeida,Patrick Cote,2008-07-05,Decision - Split,3,UFC 86: Jackson vs Griffin
Josh Koscheck,Chris Lytle,Josh Koscheck,2008-07-05,Decision - Unanimous,3,UFC 86: Jackson vs Griffin
Tyson Griffin,Marcus Aurelio,Tyson Griffin,2008-07-05,Decision - Unanimous,3,UFC 86: Jackson vs Griffin
Gabriel Gonzaga,Justin McCully,Gabriel Gonzaga,2008-07-05,Submission,1,UFC 86: Jackson vs Griffin
Cole Miller,Jorge Gurgel,Cole Miller,2008-07-05,Submission,3,UFC 86: Jackson vs Griffin
Melvin Guillard,Dennis Siver,Melvin Guillard,2008-07-05,KO/TKO,1,UFC 86: Jackson vs Griffin
Justin Buchholz,Corey Hill,Justin Buchholz,2008-07-05,Submission,2,UFC 86: Jackson vs Griffin
Thiago Alves,Matt Hughes,Thiago Alves,2008-06-07,KO/TKO,2,UFC 85: Bedlam
Mike Swick,Marcus Davis,Mike Swick,2008-06-07,Decision - Unanimous,3,UFC 85: Bedlam
Michael Bisping,Jason Day,Michael Bisping,2008-06-07,KO/TKO,1,UFC 85: Bedlam
Thales Leites,Nate Marquardt,Thales Leites,2008-06-07,Decision - Split,3,UFC 85: Bedlam
Fabricio Werdum,Brandon Vera,Fabricio Werdum,2008-06-07,KO/TKO,1,UFC 85: Bedlam
Matt Wiman,Thiago Tavares,Matt Wiman,2008-06-07,KO/TKO,2,UFC 85: Bedlam
Martin Kampmann,Jorge Rivera,Martin Kampmann,2008-06-07,Submission,1,UFC 85: Bedlam
Luiz Cane,Jason Lambert,Luiz Cane,2008-06-07,KO/TKO,1,UFC 85: Bedlam
Kevin Burns,Roan Carneiro,Kevin Burns,2008-06-07,Submission,2,UFC 85: Bedlam
Paul Taylor,Jess Liaudin,Paul Taylor,2008-06-07,Decision - Split,3,UFC 85: Bedlam
Antoni Hardonk,Eddie Sanchez,Antoni Hardonk,2008-06-07,KO/TKO,2,UFC 85: Bedlam
BJ Penn,Sean Sherk,BJ Penn,2008-05-24,KO/TKO,3,UFC 84: Ill Will
Goran Reljic,Wilson Gouveia,Goran Reljic,2008-05-24,KO/TKO,2,UFC 84: Ill Will
Wanderlei Silva,Keith Jardine,Wanderlei Silva,2008-05-24,KO/TKO,1,UFC 84: Ill Will
Thiago Silva,Antonio Mendes,Thiago Silva,2008-05-24,KO/TKO,1,UFC 84: Ill Will
Lyoto Machida,Tito Ortiz,Lyoto Machida,2008-05-24,Decision - Unanimous,3,UFC 84: Ill Will
Rousimar Palhares,Ivan Salaverry,Rousimar Palhares,2008-05-24,Submission,1,UFC 84: Ill Will
Rich Clementi,Terry Etim,Rich Clementi,2008-05-24,Decision - Unanimous,3,UFC 84: Ill Will
Rameau Thierry Sokoudjou,Kazuhiro Nakamura,Rameau Thierry Sokoudjou,2008-05-24,KO/TKO,1,UFC 84: Ill Will
Shane Carwin,Christian Wellisch,Shane Carwin,2008-05-24,KO/TKO,1,UFC 84: Ill Will
Yoshiyuki Yoshida,War Machine,Yoshiyuki Yoshida,2008-05-24,Submission,1,UFC 84: Ill Will
Dong Hyun Kim,Jason Tan,Dong Hyun Kim,2008-05-24,KO/TKO,3,UFC 84: Ill Will
Nate Quarry,Kalib Starnes,Nate Quarry,2008-04-19,Decision - Unanimous,3,UFC 83: Serra vs St-Pierre 2
Rich Franklin,Travis Lutter,Rich Franklin,2008-04-19,KO/TKO,2,UFC 83: Serra vs St-Pierre 2
Georges St-Pierre,Matt Serra,Georges St-Pierre,2008-04-19,KO/TKO,2,UFC 83: Serra vs St-Pierre 2
Mac Danzig,Mark Bocek,Mac Danzig,2008-04-19,Submission,3,UFC 83: Serra vs St-Pierre 2
Michael Bisping,Charles McCarthy,Michael Bisping,2008-04-19,KO/TKO,1,UFC 83: Serra vs St-Pierre 2
Jason MacDonald,Joe Doerksen,Jason MacDonald,2008-04-19,KO/TKO,2,UFC 83: Serra vs St-Pierre 2
Jason Day,Alan Belcher,Jason Day,2008-04-19,KO/TKO,1,UFC 83: Serra vs St-Pierre 2
Demian Maia,Ed Herman,Demian Maia,2008-04-19,Submission,2,UFC 83: Serra vs St-Pierre 2
Rich Clementi,Sam Stout,Rich Clementi,2008-04-19,Decision - Split,3,UFC 83: Serra vs St-Pierre 2
Cain Velasquez,Brad Morris,Cain Velasquez,2008-04-19,KO/TKO,1,UFC 83: Serra vs St-Pierre 2
Gray Maynard,Frankie Edgar,Gray Maynard,2008-04-02,Decision - Unanimous,3,UFC Fight Night: Florian vs Lauzon
Kenny Florian,Joe Lauzon,Kenny Florian,2008-04-02,KO/TKO,2,UFC Fight Night: Florian vs Lauzon
Thiago Alves,Karo Parisyan,Thiago Alves,2008-04-02,KO/TKO,2,UFC Fight Night: Florian vs Lauzon
Nate Diaz,Kurt Pellegrino,Nate Diaz,2008-04-02,Submission,2,UFC Fight Night: Florian vs Lauzon
Matt Hamill,Tim Boetsch,Matt Hamill,2008-04-02,KO/TKO,2,UFC Fight Night: Florian vs Lauzon
Jonathan Goulet,Kuniyoshi Hironaka,Jonathan Goulet,2008-04-19,KO/TKO,2,UFC 83: Serra vs St-Pierre 2
James Irvin,Houston Alexander,James Irvin,2008-04-02,KO/TKO,1,UFC Fight Night: Florian vs Lauzon
Marcus Aurelio,Ryan Roberts,Marcus Aurelio,2008-04-02,Submission,1,UFC Fight Night: Florian vs Lauzon
Manvel Gamburyan,Jeff Cox,Manvel Gamburyan,2008-04-02,Submission,1,UFC Fight Night: Florian vs Lauzon
Clay Guida,Samy Schiavo,Clay Guida,2008-04-02,KO/TKO,1,UFC Fight Night: Florian vs Lauzon
Josh Neer,Din Thomas,Josh Neer,2008-04-02,Decision - Unanimous,3,UFC Fight Night: Florian vs Lauzon
George Sotiropoulos,Roman Mitichyan,George Sotiropoulos,2008-04-02,KO/TKO,2,UFC Fight Night: Florian vs Lauzon
Anthony Johnson,Tommy Speer,Anthony Johnson,2008-04-02,KO/TKO,1,UFC Fight Night: Florian vs Lauzon
Anderson Silva,Dan Henderson,Anderson Silva,2008-03-01,Submission,2,UFC 82: Pride of a Champion
Heath Herring,Cheick Kongo,Heath Herring,2008-03-01,Decision - Split,3,UFC 82: Pride of a Champion
Chris Leben,Alessio Sakara,Chris Leben,2008-03-01,KO/TKO,1,UFC 82: Pride of a Champion
Yushin Okami,Evan Tanner,Yushin Okami,2008-03-01,KO/TKO,2,UFC 82: Pride of a Champion
Jon Fitch,Chris Wilson,Jon Fitch,2008-03-01,Decision - Unanimous,3,UFC 82: Pride of a Champion
Andrei Arlovski,Jake O'Brien,Andrei Arlovski,2008-03-01,KO/TKO,2,UFC 82: Pride of a Champion
Josh Koscheck,Dustin Hazelett,Josh Koscheck,2008-03-01,KO/TKO,2,UFC 82: Pride of a Champion
Luigi Fioravanti,Luke Cummo,Luigi Fioravanti,2008-03-01,Decision - Unanimous,3,UFC 82: Pride of a Champion
Diego Sanchez,David Bielkheden,Diego Sanchez,2008-03-01,KO/TKO,1,UFC 82: Pride of a Champion
Jorge Gurgel,John Halverson,Jorge Gurgel,2008-03-01,Decision - Unanimous,3,UFC 82: Pride of a Champion
Nate Marquardt,Jeremy Horn,Nate Marquardt,2008-02-02,Submission,2,UFC 81: Breaking Point
Frank Mir,Brock Lesnar,Frank Mir,2008-02-02,Submission,1,UFC 81: Breaking Point
Antonio Rodrigo Nogueira,Tim Sylvia,Antonio Rodrigo Nogueira,2008-02-02,Submission,3,UFC 81: Breaking Point
Ricardo Almeida,Rob Yundt,Ricardo Almeida,2008-02-02,Submission,1,UFC 81: Breaking Point
Chris Lytle,Kyle Bradley,Chris Lytle,2008-02-02,KO/TKO,1,UFC 81: Breaking Point
Tyson Griffin,Gleison Tibau,Tyson Griffin,2008-02-02,Decision - Unanimous,3,UFC 81: Breaking Point
Tim Boetsch,David Heath,Tim Boetsch,2008-02-02,KO/TKO,1,UFC 81: Breaking Point
Marvin Eastman,Terry Martin,Marvin Eastman,2008-02-02,Decision - Unanimous,3,UFC 81: Breaking Point
Mike Swick,Joshua Burkman,Mike Swick,2008-01-23,Decision - Majority,3,UFC Fight Night: Swick vs Burkman
Patrick Cote,Drew McFedries,Patrick Cote,2008-01-23,KO/TKO,1,UFC Fight Night: Swick vs Burkman
Nate Diaz,Alvin Robinson,Nate Diaz,2008-01-23,Submission,1,UFC Fight Night: Swick vs Burkman
Rob Emerson,Keita Nakamura,Rob Emerson,2008-02-02,Decision - Split,3,UFC 81: Breaking Point
Thiago Tavares,Michihiro Omigawa,Thiago Tavares,2008-01-23,Decision - Unanimous,3,UFC Fight Night: Swick vs Burkman
Jeremy Stephens,Cole Miller,Jeremy Stephens,2008-01-23,KO/TKO,2,UFC Fight Night: Swick vs Burkman
Gray Maynard,Dennis Siver,Gray Maynard,2008-01-23,Decision - Unanimous,3,UFC Fight Night: Swick vs Burkman
Kurt Pellegrino,Alberto Crane,Kurt Pellegrino,2008-01-23,KO/TKO,2,UFC Fight Night: Swick vs Burkman
BJ Penn,Joe Stevenson,BJ Penn,2008-01-19,Submission,2,UFC 80: Rapid Fire
Matt Wiman,Justin Buchholz,Matt Wiman,2008-01-23,Submission,1,UFC Fight Night: Swick vs Burkman
Corey Hill,Joe Veres,Corey Hill,2008-01-23,KO/TKO,2,UFC Fight Night: Swick vs Burkman
Fabricio Werdum,Gabriel Gonzaga,Fabricio Werdum,2008-01-19,KO/TKO,2,UFC 80: Rapid Fire
Marcus Davis,Jess Liaudin,Marcus Davis,2008-01-19,KO/TKO,1,UFC 80: Rapid Fire
Wilson Gouveia,Jason Lambert,Wilson Gouveia,2008-01-19,KO/TKO,2,UFC 80: Rapid Fire
Jorge Rivera,Kendall Grove,Jorge Rivera,2008-01-19,KO/TKO,1,UFC 80: Rapid Fire
Paul Kelly,Paul Taylor,Paul Kelly,2008-01-19,Decision - Unanimous,3,UFC 80: Rapid Fire
Antoni Hardonk,Colin Robinson,Antoni Hardonk,2008-01-19,KO/TKO,1,UFC 80: Rapid Fire
Georges St-Pierre,Matt Hughes,Georges St-Pierre,2007-12-29,Submission,2,UFC 79: Nemesis
Sam Stout,Per Eklund,Sam Stout,2008-01-19,Decision - Unanimous,3,UFC 80: Rapid Fire
Alessio Sakara,James Lee,Alessio Sakara,2008-01-19,KO/TKO,1,UFC 80: Rapid Fire
Lyoto Machida,Rameau Thierry Sokoudjou,Lyoto Machida,2007-12-29,Submission,2,UFC 79: Nemesis
Eddie Sanchez,Soa Palelei,Eddie Sanchez,2007-12-29,KO/TKO,3,UFC 79: Nemesis
Rich Clementi,Melvin Guillard,Rich Clementi,2007-12-29,Submission,1,UFC 79: Nemesis
James Irvin,Luiz Cane,James Irvin,2007-12-29,DQ,1,UFC 79: Nemesis
Manvel Gamburyan,Nate Mohr,Manvel Gamburyan,2007-12-29,Submission,1,UFC 79: Nemesis
Roan Carneiro,Tony DeSouza,Roan Carneiro,2007-12-29,KO/TKO,2,UFC 79: Nemesis
Dean Lister,Jordan Radev,Dean Lister,2007-12-29,Decision - Unanimous,3,UFC 79: Nemesis
Chuck Liddell,Wanderlei Silva,Chuck Liddell,2007-12-29,Decision - Unanimous,3,UFC 79: Nemesis
Thiago Silva,Houston Alexander,Thiago Silva,2007-11-17,KO/TKO,1,UFC 78: Validation
Rashad Evans,Michael Bisping,Rashad Evans,2007-11-17,Decision - Split,3,UFC 78: Validation
Mark Bocek,Doug Evans,Mark Bocek,2007-12-29,Decision - Unanimous,3,UFC 79: Nemesis
Karo Parisyan,Ryo Chonan,Karo Parisyan,2007-11-17,Decision - Unanimous,3,UFC 78: Validation
Ed Herman,Joe Doerksen,Ed Herman,2007-11-17,KO/TKO,3,UFC 78: Validation
Frankie Edgar,Spencer Fisher,Frankie Edgar,2007-11-17,Decision - Unanimous,3,UFC 78: Validation
Thiago Alves,Chris Lytle,Thiago Alves,2007-11-17,TKO - Doctor's Stoppage,2,UFC 78: Validation
Marcus Aurelio,Luke Caudillo,Marcus Aurelio,2007-11-17,KO/TKO,1,UFC 78: Validation
Joe Lauzon,Jason Reinhardt,Joe Lauzon,2007-11-17,Submission,1,UFC 78: Validation
Akihiro Gono,Tamdan McCrory,Akihiro Gono,2007-11-17,Submission,2,UFC 78: Validation
Mac Danzig,Tommy Speer,Mac Danzig,2007-12-08,Submission,1,The Ultimate Fighter: Team Hughes vs. Team Serra Finale
Roger Huerta,Clay Guida,Roger Huerta,2007-12-08,Submission,3,The Ultimate Fighter: Team Hughes vs. Team Serra Finale
War Machine,Jared Rollins,War Machine,2007-12-08,KO/TKO,3,The Ultimate Fighter: Team Hughes vs. Team Serra Finale
George Sotiropoulos,Billy Miles,George Sotiropoulos,2007-12-08,Submission,1,The Ultimate Fighter: Team Hughes vs. Team Serra Finale
Ben Saunders,Dan Barrera,Ben Saunders,2007-12-08,Decision - Unanimous,3,The Ultimate Fighter: Team Hughes vs. Team Serra Finale
Troy Mandaloniz,Richie Hightower,Troy Mandaloniz,2007-12-08,KO/TKO,1,The Ultimate Fighter: Team Hughes vs. Team Serra Finale
Roman Mitichyan,Dorian Price,Roman Mitichyan,2007-12-08,Submission,1,The Ultimate Fighter: Team Hughes vs. Team Serra Finale
Matt Arroyo,John Kolosci,Matt Arroyo,2007-12-08,Submission,1,The Ultimate Fighter: Team Hughes vs. Team Serra Finale
Jonathan Goulet,Paul Georgieff,Jonathan Goulet,2007-12-08,Submission,1,The Ultimate Fighter: Team Hughes vs. Team Serra Finale
Anderson Silva,Rich Franklin,Anderson Silva,2007-10-20,KO/TKO,2,UFC 77: Hostile Territory
Tim Sylvia,Brandon Vera,Tim Sylvia,2007-10-20,Decision - Unanimous,3,UFC 77: Hostile Territory
Alvin Robinson,Jorge Gurgel,Alvin Robinson,2007-10-20,Decision - Unanimous,3,UFC 77: Hostile Territory
Stephan Bonnar,Eric Schafer,Stephan Bonnar,2007-10-20,KO/TKO,2,UFC 77: Hostile Territory
Alan Belcher,Kalib Starnes,Alan Belcher,2007-10-20,TKO - Doctor's Stoppage,2,UFC 77: Hostile Territory
Yushin Okami,Jason MacDonald,Yushin Okami,2007-10-20,Decision - Unanimous,3,UFC 77: Hostile Territory
Demian Maia,Ryan Jensen,Demian Maia,2007-10-20,Submission,1,UFC 77: Hostile Territory
Joshua Burkman,Forrest Petz,Joshua Burkman,2007-10-20,Decision - Split,3,UFC 77: Hostile Territory
Keith Jardine,Chuck Liddell,Keith Jardine,2007-09-22,Decision - Split,3,UFC 76: Knockout
Matt Grice,Jason Black,Matt Grice,2007-10-20,Decision - Split,3,UFC 77: Hostile Territory
Forrest Griffin,Mauricio Rua,Forrest Griffin,2007-09-22,Submission,3,UFC 76: Knockout
Jon Fitch,Diego Sanchez,Jon Fitch,2007-09-22,Decision - Split,3,UFC 76: Knockout
Lyoto Machida,Kazuhiro Nakamura,Lyoto Machida,2007-09-22,Decision - Unanimous,3,UFC 76: Knockout
Tyson Griffin,Thiago Tavares,Tyson Griffin,2007-09-22,Decision - Unanimous,3,UFC 76: Knockout
Jeremy Stephens,Diego Saraiva,Jeremy Stephens,2007-09-22,Decision - Unanimous,3,UFC 76: Knockout
Rich Clementi,Anthony Johnson,Rich Clementi,2007-09-22,Submission,2,UFC 76: Knockout
Christian Wellisch,Scott Junk,Christian Wellisch,2007-09-22,Submission,1,UFC 76: Knockout
Matt Wiman,Michihiro Omigawa,Matt Wiman,2007-09-22,Decision - Unanimous,3,UFC 76: Knockout
Kenny Florian,Din Thomas,Kenny Florian,2007-09-19,Submission,1,UFC Fight Night: Thomas vs Florian
Nate Diaz,Junior Assuncao,Nate Diaz,2007-09-19,Submission,1,UFC Fight Night: Thomas vs Florian
Chris Leben,Terry Martin,Chris Leben,2007-09-19,KO/TKO,3,UFC Fight Night: Thomas vs Florian
Nate Quarry,Pete Sell,Nate Quarry,2007-09-19,KO/TKO,3,UFC Fight Night: Thomas vs Florian
Luke Cummo,Edilberto de Oliveira,Luke Cummo,2007-09-19,KO/TKO,1,UFC Fight Night: Thomas vs Florian
Gray Maynard,Joe Veres,Gray Maynard,2007-09-19,KO/TKO,1,UFC Fight Night: Thomas vs Florian
Cole Miller,Leonard Garcia,Cole Miller,2007-09-19,Decision - Unanimous,3,UFC Fight Night: Thomas vs Florian
Dustin Hazelett,Jonathan Goulet,Dustin Hazelett,2007-09-19,Submission,1,UFC Fight Night: Thomas vs Florian
Thiago Alves,Kuniyoshi Hironaka,Thiago Alves,2007-09-19,KO/TKO,2,UFC Fight Night: Thomas vs Florian
Quinton Jackson,Dan Henderson,Quinton Jackson,2007-09-08,Decision - Unanimous,5,UFC 75: Champion vs Champion
Marcus Davis,Paul Taylor,Marcus Davis,2007-09-08,Submission,1,UFC 75: Champion vs Champion
Michael Bisping,Matt Hamill,Michael Bisping,2007-09-08,Decision - Split,3,UFC 75: Champion vs Champion
Cheick Kongo,Mirko Filipovic,Cheick Kongo,2007-09-08,Decision - Unanimous,3,UFC 75: Champion vs Champion
Houston Alexander,Alessio Sakara,Houston Alexander,2007-09-08,KO/TKO,1,UFC 75: Champion vs Champion
Gleison Tibau,Terry Etim,Gleison Tibau,2007-09-08,Decision - Unanimous,3,UFC 75: Champion vs Champion
Dennis Siver,Naoyuki Kotani,Dennis Siver,2007-09-08,KO/TKO,2,UFC 75: Champion vs Champion
Jess Liaudin,Anthony Torres,Jess Liaudin,2007-09-08,KO/TKO,1,UFC 75: Champion vs Champion
Thiago Silva,Tomasz Drwal,Thiago Silva,2007-09-08,KO/TKO,2,UFC 75: Champion vs Champion
Randy Couture,Gabriel Gonzaga,Randy Couture,2007-08-25,KO/TKO,3,UFC 74: Respect
Roger Huerta,Alberto Crane,Roger Huerta,2007-08-25,KO/TKO,3,UFC 74: Respect
Georges St-Pierre,Josh Koscheck,Georges St-Pierre,2007-08-25,Decision - Unanimous,3,UFC 74: Respect
Joe Stevenson,Kurt Pellegrino,Joe Stevenson,2007-08-25,Decision - Unanimous,3,UFC 74: Respect
Patrick Cote,Kendall Grove,Patrick Cote,2007-08-25,KO/TKO,1,UFC 74: Respect
Renato Sobral,David Heath,Renato Sobral,2007-08-25,Submission,2,UFC 74: Respect
Frank Mir,Antoni Hardonk,Frank Mir,2007-08-25,Submission,1,UFC 74: Respect
Thales Leites,Ryan Jensen,Thales Leites,2007-08-25,Submission,1,UFC 74: Respect
Clay Guida,Marcus Aurelio,Clay Guida,2007-08-25,Decision - Split,3,UFC 74: Respect
BJ Penn,Jens Pulver,BJ Penn,2007-06-23,Submission,2,The Ultimate Fighter: Team Pulver vs. Team Penn Finale
Nate Diaz,Manvel Gamburyan,Nate Diaz,2007-06-23,Submission,2,The Ultimate Fighter: Team Pulver vs. Team Penn Finale
Thales Leites,Floyd Sword,Thales Leites,2007-06-23,Submission,1,The Ultimate Fighter: Team Pulver vs. Team Penn Finale
Roger Huerta,Doug Evans,Roger Huerta,2007-06-23,KO/TKO,2,The Ultimate Fighter: Team Pulver vs. Team Penn Finale
Joe Lauzon,Brandon Melendez,Joe Lauzon,2007-06-23,Submission,2,The Ultimate Fighter: Team Pulver vs. Team Penn Finale
Cole Miller,Andy Wang,Cole Miller,2007-06-23,KO/TKO,1,The Ultimate Fighter: Team Pulver vs. Team Penn Finale
Kenny Florian,Alvin Robinson,Kenny Florian,2007-07-07,KO/TKO,1,UFC 73: Stacked
Leonard Garcia,Allen Berube,Leonard Garcia,2007-06-23,Submission,1,The Ultimate Fighter: Team Pulver vs. Team Penn Finale
Matt Wiman,Brian Geraghty,Matt Wiman,2007-06-23,KO/TKO,1,The Ultimate Fighter: Team Pulver vs. Team Penn Finale
Anderson Silva,Nate Marquardt,Anderson Silva,2007-07-07,KO/TKO,1,UFC 73: Stacked
Sean Sherk,Hermes Franca,Sean Sherk,2007-07-07,Decision - Unanimous,5,UFC 73: Stacked
Antonio Rodrigo Nogueira,Heath Herring,Antonio Rodrigo Nogueira,2007-07-07,Decision - Unanimous,3,UFC 73: Stacked
Stephan Bonnar,Mike Nickels,Stephan Bonnar,2007-07-07,Submission,1,UFC 73: Stacked
Jorge Gurgel,Diego Saraiva,Jorge Gurgel,2007-07-07,Decision - Unanimous,3,UFC 73: Stacked
Frankie Edgar,Mark Bocek,Frankie Edgar,2007-07-07,KO/TKO,1,UFC 73: Stacked
Chris Lytle,Jason Gilliam,Chris Lytle,2007-07-07,Submission,1,UFC 73: Stacked
Rich Franklin,Yushin Okami,Rich Franklin,2007-06-16,Decision - Unanimous,3,UFC 72: Victory
Forrest Griffin,Hector Ramirez,Forrest Griffin,2007-06-16,Decision - Unanimous,3,UFC 72: Victory
Jason MacDonald,Rory Singer,Jason MacDonald,2007-06-16,KO/TKO,2,UFC 72: Victory
Tyson Griffin,Clay Guida,Tyson Griffin,2007-06-16,Decision - Split,3,UFC 72: Victory
Marcus Davis,Jason Tan,Marcus Davis,2007-06-16,KO/TKO,1,UFC 72: Victory
Eddie Sanchez,Colin Robinson,Eddie Sanchez,2007-06-16,KO/TKO,2,UFC 72: Victory
Ed Herman,Scott Smith,Ed Herman,2007-06-16,Submission,2,UFC 72: Victory
Quinton Jackson,Chuck Liddell,Quinton Jackson,2007-05-26,KO/TKO,1,UFC 71: Liddell vs Jackson
Karo Parisyan,Joshua Burkman,Karo Parisyan,2007-05-26,Decision - Unanimous,3,UFC 71: Liddell vs Jackson
Dustin Hazelett,Stevie Lynch,Dustin Hazelett,2007-06-16,Submission,1,UFC 72: Victory
Terry Martin,Ivan Salaverry,Terry Martin,2007-05-26,KO/TKO,1,UFC 71: Liddell vs Jackson
Houston Alexander,Keith Jardine,Houston Alexander,2007-05-26,KO/TKO,1,UFC 71: Liddell vs Jackson
Kalib Starnes,Chris Leben,Kalib Starnes,2007-05-26,Decision - Unanimous,3,UFC 71: Liddell vs Jackson
Thiago Silva,James Irvin,Thiago Silva,2007-05-26,KO/TKO,1,UFC 71: Liddell vs Jackson
Din Thomas,Jeremy Stephens,Din Thomas,2007-05-26,Submission,2,UFC 71: Liddell vs Jackson
Wilson Gouveia,Carmelo Marrero,Wilson Gouveia,2007-05-26,Submission,1,UFC 71: Liddell vs Jackson
Alan Belcher,Sean Salmon,Alan Belcher,2007-05-26,Submission,1,UFC 71: Liddell vs Jackson
Jon Fitch,Roan Carneiro,Jon Fitch,2007-06-12,Submission,2,UFC Fight Night: Stout vs Fisher
Spencer Fisher,Sam Stout,Spencer Fisher,2007-06-12,Decision - Unanimous,3,UFC Fight Night: Stout vs Fisher
Drew McFedries,Jordan Radev,Drew McFedries,2007-06-12,KO/TKO,1,UFC Fight Night: Stout vs Fisher
Thiago Tavares,Jason Black,Thiago Tavares,2007-06-12,Submission,2,UFC Fight Night: Stout vs Fisher
Tamdan McCrory,Pete Spratt,Tamdan McCrory,2007-06-12,Submission,2,UFC Fight Night: Stout vs Fisher
Forrest Petz,Luigi Fioravanti,Forrest Petz,2007-06-12,Decision - Unanimous,3,UFC Fight Night: Stout vs Fisher
Gleison Tibau,Jeff Cox,Gleison Tibau,2007-06-12,Submission,1,UFC Fight Night: Stout vs Fisher
Nate Mohr,Luke Caudillo,Nate Mohr,2007-06-12,Decision - Unanimous,3,UFC Fight Night: Stout vs Fisher
Matt Serra,Georges St-Pierre,Matt Serra,2007-04-07,KO/TKO,1,UFC 69: Shootout
Anthony Johnson,Chad Reiner,Anthony Johnson,2007-06-12,KO/TKO,1,UFC Fight Night: Stout vs Fisher
Josh Koscheck,Diego Sanchez,Josh Koscheck,2007-04-07,Decision - Unanimous,3,UFC 69: Shootout
Kendall Grove,Alan Belcher,Kendall Grove,2007-04-07,Submission,2,UFC 69: Shootout
Roger Huerta,Leonard Garcia,Roger Huerta,2007-04-07,Decision - Unanimous,3,UFC 69: Shootout
Yushin Okami,Mike Swick,Yushin Okami,2007-04-07,Decision - Unanimous,3,UFC 69: Shootout
Heath Herring,Brad Imes,Heath Herring,2007-04-07,Decision - Unanimous,3,UFC 69: Shootout
Thales Leites,Pete Sell,Thales Leites,2007-04-07,Decision - Unanimous,3,UFC 69: Shootout
Marcus Davis,Pete Spratt,Marcus Davis,2007-04-07,Submission,2,UFC 69: Shootout
Luke Cummo,Josh Haynes,Luke Cummo,2007-04-07,KO/TKO,2,UFC 69: Shootout
Gabriel Gonzaga,Mirko Filipovic,Gabriel Gonzaga,2007-04-21,KO/TKO,1,UFC 70: Nations Collide
Andrei Arlovski,Fabricio Werdum,Andrei Arlovski,2007-04-21,Decision - Unanimous,3,UFC 70: Nations Collide
Michael Bisping,Elvis Sinosic,Michael Bisping,2007-04-21,KO/TKO,2,UFC 70: Nations Collide
Lyoto Machida,David Heath,Lyoto Machida,2007-04-21,Decision - Unanimous,3,UFC 70: Nations Collide
Cheick Kongo,Assuerio Silva,Cheick Kongo,2007-04-21,Decision - Majority,3,UFC 70: Nations Collide
Junior Assuncao,David Lee,Junior Assuncao,2007-04-21,Submission,2,UFC 70: Nations Collide
Terry Etim,Matt Grice,Terry Etim,2007-04-21,Submission,1,UFC 70: Nations Collide
Alessio Sakara,Victor Valimaki,Alessio Sakara,2007-04-21,KO/TKO,1,UFC 70: Nations Collide
Jess Liaudin,Dennis Siver,Jess Liaudin,2007-04-21,Submission,1,UFC 70: Nations Collide
Paul Taylor,Edilberto de Oliveira,Paul Taylor,2007-04-21,KO/TKO,3,UFC 70: Nations Collide
Joe Stevenson,Melvin Guillard,Joe Stevenson,2007-04-05,Submission,1,UFC Fight Night: Stevenson vs Guillard
Kenny Florian,Dokonjonosuke Mishima,Kenny Florian,2007-04-05,Submission,3,UFC Fight Night: Stevenson vs Guillard
Justin McCully,Antoni Hardonk,Justin McCully,2007-04-05,Decision - Unanimous,3,UFC Fight Night: Stevenson vs Guillard
Wilson Gouveia,Seth Petruzelli,Wilson Gouveia,2007-04-05,Submission,2,UFC Fight Night: Stevenson vs Guillard
Drew Fickett,Keita Nakamura,Drew Fickett,2007-04-05,Decision - Unanimous,3,UFC Fight Night: Stevenson vs Guillard
Kuniyoshi Hironaka,Forrest Petz,Kuniyoshi Hironaka,2007-04-05,Decision - Unanimous,3,UFC Fight Night: Stevenson vs Guillard
Kurt Pellegrino,Nate Mohr,Kurt Pellegrino,2007-04-05,Submission,1,UFC Fight Night: Stevenson vs Guillard
Roan Carneiro,Rich Clementi,Roan Carneiro,2007-04-05,Decision - Unanimous,3,UFC Fight Night: Stevenson vs Guillard
Thiago Tavares,Naoyuki Kotani,Thiago Tavares,2007-04-05,Decision - Unanimous,3,UFC Fight Night: Stevenson vs Guillard
Mirko Filipovic,Eddie Sanchez,Mirko Filipovic,2007-02-03,KO/TKO,1,UFC 67: All or Nothing
Anderson Silva,Travis Lutter,Anderson Silva,2007-02-03,Submission,2,UFC 67: All or Nothing
Quinton Jackson,Marvin Eastman,Quinton Jackson,2007-02-03,KO/TKO,2,UFC 67: All or Nothing
Patrick Cote,Scott Smith,Patrick Cote,2007-02-03,Decision - Unanimous,3,UFC 67: All or Nothing
Roger Huerta,John Halverson,Roger Huerta,2007-02-03,KO/TKO,1,UFC 67: All or Nothing
Frankie Edgar,Tyson Griffin,Frankie Edgar,2007-02-03,Decision - Unanimous,3,UFC 67: All or Nothing
Terry Martin,Jorge Rivera,Terry Martin,2007-02-03,KO/TKO,1,UFC 67: All or Nothing
Lyoto Machida,Sam Hoger,Lyoto Machida,2007-02-03,Decision - Unanimous,3,UFC 67: All or Nothing
Randy Couture,Tim Sylvia,Randy Couture,2007-03-03,Decision - Unanimous,5,UFC 68: The Uprising
Martin Kampmann,Drew McFedries,Martin Kampmann,2007-03-03,Submission,1,UFC 68: The Uprising
Dustin Hazelett,Diego Saraiva,Dustin Hazelett,2007-02-03,Decision - Unanimous,3,UFC 67: All or Nothing
Rich Franklin,Jason MacDonald,Rich Franklin,2007-03-03,KO/TKO,2,UFC 68: The Uprising
Jason Lambert,Renato Sobral,Jason Lambert,2007-03-03,KO/TKO,2,UFC 68: The Uprising
Matt Hughes,Chris Lytle,Matt Hughes,2007-03-03,Decision - Unanimous,3,UFC 68: The Uprising
Matt Hamill,Rex Holman,Matt Hamill,2007-03-03,KO/TKO,1,UFC 68: The Uprising
Jon Fitch,Luigi Fioravanti,Jon Fitch,2007-03-03,Submission,2,UFC 68: The Uprising
Jamie Varner,Jason Gilliam,Jamie Varner,2007-03-03,Submission,1,UFC 68: The Uprising
Gleison Tibau,Jason Dent,Gleison Tibau,2007-03-03,Decision - Unanimous,3,UFC 68: The Uprising
Rashad Evans,Sean Salmon,Rashad Evans,2007-01-25,KO/TKO,2,UFC Fight Night: Evans vs Salmon
Hermes Franca,Spencer Fisher,Hermes Franca,2007-01-25,KO/TKO,2,UFC Fight Night: Evans vs Salmon
Jake O'Brien,Heath Herring,Jake O'Brien,2007-01-25,Decision - Unanimous,3,UFC Fight Night: Evans vs Salmon
Nate Marquardt,Dean Lister,Nate Marquardt,2007-01-25,Decision - Unanimous,3,UFC Fight Night: Evans vs Salmon
Joshua Burkman,Chad Reiner,Joshua Burkman,2007-01-25,Decision - Unanimous,3,UFC Fight Night: Evans vs Salmon
Din Thomas,Clay Guida,Din Thomas,2007-01-25,Decision - Unanimous,3,UFC Fight Night: Evans vs Salmon
Ed Herman,Chris Price,Ed Herman,2007-01-25,Submission,1,UFC Fight Night: Evans vs Salmon
Rich Clementi,Ross Pointon,Rich Clementi,2007-01-25,Submission,2,UFC Fight Night: Evans vs Salmon
Chuck Liddell,Tito Ortiz,Chuck Liddell,2006-12-30,KO/TKO,3,UFC 66: Liddell vs Ortiz 2
Keith Jardine,Forrest Griffin,Keith Jardine,2006-12-30,KO/TKO,1,UFC 66: Liddell vs Ortiz 2
Jason MacDonald,Chris Leben,Jason MacDonald,2006-12-30,Submission,2,UFC 66: Liddell vs Ortiz 2
Thiago Alves,Tony DeSouza,Thiago Alves,2006-12-30,KO/TKO,2,UFC 66: Liddell vs Ortiz 2
Andrei Arlovski,Marcio Cruz,Andrei Arlovski,2006-12-30,KO/TKO,1,UFC 66: Liddell vs Ortiz 2
Michael Bisping,Eric Schafer,Michael Bisping,2006-12-30,KO/TKO,1,UFC 66: Liddell vs Ortiz 2
Gabriel Gonzaga,Carmelo Marrero,Gabriel Gonzaga,2006-12-30,Submission,1,UFC 66: Liddell vs Ortiz 2
Christian Wellisch,Anthony Perosh,Christian Wellisch,2006-12-30,Decision - Unanimous,3,UFC 66: Liddell vs Ortiz 2
Yushin Okami,Rory Singer,Yushin Okami,2006-12-30,KO/TKO,3,UFC 66: Liddell vs Ortiz 2
Karo Parisyan,Drew Fickett,Karo Parisyan,2006-12-13,Decision - Unanimous,3,UFC Fight Night: Sanchez vs Riggs
Josh Koscheck,Jeff Joslin,Josh Koscheck,2006-12-13,Decision - Unanimous,3,UFC Fight Night: Sanchez vs Riggs
Diego Sanchez,Joe Riggs,Diego Sanchez,2006-12-13,KO/TKO,1,UFC Fight Night: Sanchez vs Riggs
David Heath,Victor Valimaki,David Heath,2006-12-13,Decision - Split,3,UFC Fight Night: Sanchez vs Riggs
Marcus Davis,Shonie Carter,Marcus Davis,2006-12-13,Decision - Unanimous,3,UFC Fight Night: Sanchez vs Riggs
Alan Belcher,Jorge Santiago,Alan Belcher,2006-12-13,KO/TKO,3,UFC Fight Night: Sanchez vs Riggs
Luigi Fioravanti,Dave Menne,Luigi Fioravanti,2006-12-13,KO/TKO,1,UFC Fight Night: Sanchez vs Riggs
Brock Larson,Keita Nakamura,Brock Larson,2006-12-13,Decision - Unanimous,3,UFC Fight Night: Sanchez vs Riggs
Tim Sylvia,Jeff Monson,Tim Sylvia,2006-11-18,Decision - Unanimous,5,UFC 65: Bad Intentions
Georges St-Pierre,Matt Hughes,Georges St-Pierre,2006-11-18,KO/TKO,2,UFC 65: Bad Intentions
Logan Clark,Steve Byrnes,Logan Clark,2006-12-13,Decision - Unanimous,3,UFC Fight Night: Sanchez vs Riggs
Drew McFedries,Alessio Sakara,Drew McFedries,2006-11-18,KO/TKO,1,UFC 65: Bad Intentions
Nick Diaz,Gleison Tibau,Nick Diaz,2006-11-18,KO/TKO,2,UFC 65: Bad Intentions
Joe Stevenson,Dokonjonosuke Mishima,Joe Stevenson,2006-11-18,Submission,1,UFC 65: Bad Intentions
Brandon Vera,Frank Mir,Brandon Vera,2006-11-18,KO/TKO,1,UFC 65: Bad Intentions
Antoni Hardonk,Sherman Pendergarst,Antoni Hardonk,2006-11-18,KO/TKO,1,UFC 65: Bad Intentions
James Irvin,Hector Ramirez,James Irvin,2006-11-18,KO/TKO,2,UFC 65: Bad Intentions
Jake O'Brien,Josh Shockman,Jake O'Brien,2006-11-18,Decision - Unanimous,3,UFC 65: Bad Intentions
Sean Sherk,Kenny Florian,Sean Sherk,2006-10-14,Decision - Unanimous,5,UFC 64: Unstoppable
Anderson Silva,Rich Franklin,Anderson Silva,2006-10-14,KO/TKO,1,UFC 64: Unstoppable
Carmelo Marrero,Cheick Kongo,Carmelo Marrero,2006-10-14,Decision - Split,3,UFC 64: Unstoppable
Spencer Fisher,Dan Lauzon,Spencer Fisher,2006-10-14,KO/TKO,1,UFC 64: Unstoppable
Jon Fitch,Kuniyoshi Hironaka,Jon Fitch,2006-10-14,Decision - Unanimous,3,UFC 64: Unstoppable
Yushin Okami,Kalib Starnes,Yushin Okami,2006-10-14,KO/TKO,3,UFC 64: Unstoppable
Clay Guida,Justin James,Clay Guida,2006-10-14,Submission,2,UFC 64: Unstoppable
Matt Serra,Chris Lytle,Matt Serra,2006-11-11,Decision - Split,3,The Ultimate Fighter: The Comeback Finale
Kurt Pellegrino,Junior Assuncao,Kurt Pellegrino,2006-10-14,Submission,1,UFC 64: Unstoppable
Travis Lutter,Patrick Cote,Travis Lutter,2006-11-11,Submission,1,The Ultimate Fighter: The Comeback Finale
Din Thomas,Rich Clementi,Din Thomas,2006-11-11,Submission,2,The Ultimate Fighter: The Comeback Finale
Pete Spratt,Jeremy Jackson,Pete Spratt,2006-11-11,Submission,2,The Ultimate Fighter: The Comeback Finale
Jorge Rivera,Edwin DeWees,Jorge Rivera,2006-11-11,KO/TKO,1,The Ultimate Fighter: The Comeback Finale
Scott Smith,Pete Sell,Scott Smith,2006-11-11,KO/TKO,2,The Ultimate Fighter: The Comeback Finale
Martin Kampmann,Thales Leites,Martin Kampmann,2006-11-11,Decision - Unanimous,3,The Ultimate Fighter: The Comeback Finale
Charles McCarthy,Gideon Ray,Charles McCarthy,2006-11-11,Submission,1,The Ultimate Fighter: The Comeback Finale
Tito Ortiz,Ken Shamrock,Tito Ortiz,2006-10-10,KO/TKO,1,Ortiz vs Shamrock 3: The Final Chapter
Jason MacDonald,Ed Herman,Jason MacDonald,2006-10-10,Submission,1,Ortiz vs Shamrock 3: The Final Chapter
Kendall Grove,Chris Price,Kendall Grove,2006-10-10,KO/TKO,1,Ortiz vs Shamrock 3: The Final Chapter
Tony DeSouza,Dustin Hazelett,Tony DeSouza,2006-10-10,Submission,1,Ortiz vs Shamrock 3: The Final Chapter
Matt Hamill,Seth Petruzelli,Matt Hamill,2006-10-10,Decision - Unanimous,3,Ortiz vs Shamrock 3: The Final Chapter
Nate Marquardt,Crafton Wallace,Nate Marquardt,2006-10-10,Submission,2,Ortiz vs Shamrock 3: The Final Chapter
Rory Singer,Josh Haynes,Rory Singer,2006-10-10,Decision - Unanimous,3,Ortiz vs Shamrock 3: The Final Chapter
Marcus Davis,Forrest Petz,Marcus Davis,2006-10-10,Submission,1,Ortiz vs Shamrock 3: The Final Chapter
Thiago Alves,John Alessio,Thiago Alves,2006-10-10,Decision - Unanimous,3,Ortiz vs Shamrock 3: The Final Chapter
Matt Hughes,BJ Penn,Matt Hughes,2006-09-23,KO/TKO,3,UFC 63: Hughes vs Penn
Mike Swick,David Loiseau,Mike Swick,2006-09-23,Decision - Unanimous,3,UFC 63: Hughes vs Penn
Melvin Guillard,Gabe Ruediger,Melvin Guillard,2006-09-23,KO/TKO,2,UFC 63: Hughes vs Penn
Rashad Evans,Jason Lambert,Rashad Evans,2006-09-23,KO/TKO,2,UFC 63: Hughes vs Penn
Joe Lauzon,Jens Pulver,Joe Lauzon,2006-09-23,KO/TKO,1,UFC 63: Hughes vs Penn
Roger Huerta,Jason Dent,Roger Huerta,2006-09-23,Decision - Unanimous,3,UFC 63: Hughes vs Penn
Jorge Gurgel,Danny Abbadi,Jorge Gurgel,2006-09-23,Decision - Split,3,UFC 63: Hughes vs Penn
Eddie Sanchez,Mario Neto,Eddie Sanchez,2006-09-23,KO/TKO,2,UFC 63: Hughes vs Penn
Tyson Griffin,David Lee,Tyson Griffin,2006-09-23,Submission,1,UFC 63: Hughes vs Penn
Chuck Liddell,Renato Sobral,Chuck Liddell,2006-08-26,KO/TKO,1,UFC 62: Liddell vs Sobral
Cheick Kongo,Christian Wellisch,Cheick Kongo,2006-08-26,KO/TKO,1,UFC 62: Liddell vs Sobral
Forrest Griffin,Stephan Bonnar,Forrest Griffin,2006-08-26,Decision - Unanimous,3,UFC 62: Liddell vs Sobral
Hermes Franca,Jamie Varner,Hermes Franca,2006-08-26,Submission,3,UFC 62: Liddell vs Sobral
Nick Diaz,Josh Neer,Nick Diaz,2006-08-26,Submission,3,UFC 62: Liddell vs Sobral
Eric Schafer,Rob MacDonald,Eric Schafer,2006-08-26,Submission,1,UFC 62: Liddell vs Sobral
Wilson Gouveia,Wes Combs,Wilson Gouveia,2006-08-26,Submission,1,UFC 62: Liddell vs Sobral
David Heath,Cory Walmsley,David Heath,2006-08-26,Submission,1,UFC 62: Liddell vs Sobral
Yushin Okami,Alan Belcher,Yushin Okami,2006-08-26,Decision - Unanimous,3,UFC 62: Liddell vs Sobral
Chris Leben,Jorge Santiago,Chris Leben,2006-08-17,KO/TKO,2,UFC Fight Night 6
Diego Sanchez,Karo Parisyan,Diego Sanchez,2006-08-17,Decision - Unanimous,3,UFC Fight Night 6
Josh Koscheck,Jonathan Goulet,Josh Koscheck,2006-08-17,KO/TKO,1,UFC Fight Night 6
Dean Lister,Yuki Sasaki,Dean Lister,2006-08-17,Decision - Unanimous,3,UFC Fight Night 6
Martin Kampmann,Crafton Wallace,Martin Kampmann,2006-08-17,Submission,1,UFC Fight Night 6
Joe Riggs,Jason Von Flue,Joe Riggs,2006-08-17,Submission,1,UFC Fight Night 6
Jake O'Brien,Kristof Midoux,Jake O'Brien,2006-08-17,KO/TKO,2,UFC Fight Night 6
Forrest Petz,Sammy Morgan,Forrest Petz,2006-08-17,Decision - Unanimous,3,UFC Fight Night 6
Tim Sylvia,Andrei Arlovski,Tim Sylvia,2006-07-08,Decision - Unanimous,5,UFC 61: Bitter Rivals
Anthony Torres,Pat Healy,Anthony Torres,2006-08-17,Submission,1,UFC Fight Night 6
Joshua Burkman,Josh Neer,Joshua Burkman,2006-07-08,Decision - Unanimous,3,UFC 61: Bitter Rivals
Tito Ortiz,Ken Shamrock,Tito Ortiz,2006-07-08,KO/TKO,1,UFC 61: Bitter Rivals
Frank Mir,Dan Christison,Frank Mir,2006-07-08,Decision - Unanimous,3,UFC 61: Bitter Rivals
Jeff Monson,Anthony Perosh,Jeff Monson,2006-07-08,KO/TKO,1,UFC 61: Bitter Rivals
Hermes Franca,Joe Jordan,Hermes Franca,2006-07-08,Submission,3,UFC 61: Bitter Rivals
Joe Stevenson,Yves Edwards,Joe Stevenson,2006-07-08,TKO - Doctor's Stoppage,2,UFC 61: Bitter Rivals
Drew Fickett,Kurt Pellegrino,Drew Fickett,2006-07-08,Submission,3,UFC 61: Bitter Rivals
Cheick Kongo,Gilbert Aldana,Cheick Kongo,2006-07-08,TKO - Doctor's Stoppage,1,UFC 61: Bitter Rivals
Jonathan Goulet,Luke Cummo,Jonathan Goulet,2006-06-28,Decision - Majority,3,UFC Fight Night 5
Anderson Silva,Chris Leben,Anderson Silva,2006-06-28,KO/TKO,1,UFC Fight Night 5
Rashad Evans,Stephan Bonnar,Rashad Evans,2006-06-28,Decision - Majority,3,UFC Fight Night 5
Josh Koscheck,Dave Menne,Josh Koscheck,2006-06-28,Decision - Unanimous,3,UFC Fight Night 5
Jason Lambert,Branden Lee Hinkle,Jason Lambert,2006-06-28,KO/TKO,1,UFC Fight Night 5
Mark Hominick,Jorge Gurgel,Mark Hominick,2006-06-28,Decision - Unanimous,3,UFC Fight Night 5
Jon Fitch,Thiago Alves,Jon Fitch,2006-06-28,KO/TKO,2,UFC Fight Night 5
Jorge Santiago,Justin Levens,Jorge Santiago,2006-06-28,KO/TKO,1,UFC Fight Night 5
Rob MacDonald,Kristian Rothaermel,Rob MacDonald,2006-06-28,Submission,1,UFC Fight Night 5
Michael Bisping,Josh Haynes,Michael Bisping,2006-06-24,KO/TKO,2,The Ultimate Fighter: Team Ortiz vs. Team Shamrock Finale
Kendall Grove,Ed Herman,Kendall Grove,2006-06-24,Decision - Unanimous,3,The Ultimate Fighter: Team Ortiz vs. Team Shamrock Finale
Kenny Florian,Sam Stout,Kenny Florian,2006-06-24,Submission,1,The Ultimate Fighter: Team Ortiz vs. Team Shamrock Finale
Rory Singer,Ross Pointon,Rory Singer,2006-06-24,Submission,1,The Ultimate Fighter: Team Ortiz vs. Team Shamrock Finale
Kalib Starnes,Danny Abbadi,Kalib Starnes,2006-06-24,Submission,1,The Ultimate Fighter: Team Ortiz vs. Team Shamrock Finale
Keith Jardine,Wilson Gouveia,Keith Jardine,2006-06-24,Decision - Unanimous,3,The Ultimate Fighter: Team Ortiz vs. Team Shamrock Finale
Mike Nickels,Wes Combs,Mike Nickels,2006-06-24,Submission,1,The Ultimate Fighter: Team Ortiz vs. Team Shamrock Finale
Luigi Fioravanti,Solomon Hutcherson,Luigi Fioravanti,2006-06-24,KO/TKO,1,The Ultimate Fighter: Team Ortiz vs. Team Shamrock Finale
Matt Hamill,Jesse Forbes,Matt Hamill,2006-06-24,KO/TKO,1,The Ultimate Fighter: Team Ortiz vs. Team Shamrock Finale
Tim Sylvia,Andrei Arlovski,Tim Sylvia,2006-04-15,KO/TKO,1,UFC 59: Reality Check
Tito Ortiz,Forrest Griffin,Tito Ortiz,2006-04-15,Decision - Split,3,UFC 59: Reality Check
Evan Tanner,Justin Levens,Evan Tanner,2006-04-15,Submission,1,UFC 59: Reality Check
Sean Sherk,Nick Diaz,Sean Sherk,2006-04-15,Decision - Unanimous,3,UFC 59: Reality Check
David Terrell,Scott Smith,David Terrell,2006-04-15,Submission,1,UFC 59: Reality Check
Karo Parisyan,Nick Thompson,Karo Parisyan,2006-04-15,KO/TKO,1,UFC 59: Reality Check
Jeff Monson,Marcio Cruz,Jeff Monson,2006-04-15,Decision - Split,3,UFC 59: Reality Check
Thiago Alves,Derrick Noble,Thiago Alves,2006-04-15,KO/TKO,1,UFC 59: Reality Check
Jason Lambert,Terry Martin,Jason Lambert,2006-04-15,KO/TKO,2,UFC 59: Reality Check
Matt Hughes,Royce Gracie,Matt Hughes,2006-05-27,KO/TKO,1,UFC 60: Hughes vs Gracie
Diego Sanchez,John Alessio,Diego Sanchez,2006-05-27,Decision - Unanimous,3,UFC 60: Hughes vs Gracie
Dean Lister,Alessio Sakara,Dean Lister,2006-05-27,Submission,1,UFC 60: Hughes vs Gracie
Brandon Vera,Assuerio Silva,Brandon Vera,2006-05-27,Submission,1,UFC 60: Hughes vs Gracie
Mike Swick,Joe Riggs,Mike Swick,2006-05-27,Submission,1,UFC 60: Hughes vs Gracie
Spencer Fisher,Matt Wiman,Spencer Fisher,2006-05-27,KO/TKO,2,UFC 60: Hughes vs Gracie
Jeremy Horn,Chael Sonnen,Jeremy Horn,2006-05-27,Submission,2,UFC 60: Hughes vs Gracie
Gabriel Gonzaga,Fabiano Scherner,Gabriel Gonzaga,2006-05-27,KO/TKO,2,UFC 60: Hughes vs Gracie
Stephan Bonnar,Keith Jardine,Stephan Bonnar,2006-04-06,Decision - Unanimous,3,UFC Fight Night 4
Rashad Evans,Sam Hoger,Rashad Evans,2006-04-06,Decision - Split,3,UFC Fight Night 4
Melvin Guillard,Rick Davis,Melvin Guillard,2006-05-27,KO/TKO,1,UFC 60: Hughes vs Gracie
Josh Neer,Joe Stevenson,Josh Neer,2006-04-06,Decision - Unanimous,3,UFC Fight Night 4
Chris Leben,Luigi Fioravanti,Chris Leben,2006-04-06,Decision - Unanimous,3,UFC Fight Night 4
Luke Cummo,Jason Von Flue,Luke Cummo,2006-04-06,Decision - Unanimous,3,UFC Fight Night 4
Dan Christison,Brad Imes,Dan Christison,2006-04-06,Submission,3,UFC Fight Night 4
Jon Fitch,Joshua Burkman,Jon Fitch,2006-04-06,Submission,2,UFC Fight Night 4
Josh Koscheck,Ansar Chalangov,Josh Koscheck,2006-04-06,Submission,1,UFC Fight Night 4
Chuck Liddell,Randy Couture,Chuck Liddell,2006-02-04,KO/TKO,2,UFC 57: Liddell vs Couture 3
Chael Sonnen,Trevor Prangley,Chael Sonnen,2006-04-06,Decision - Unanimous,3,UFC Fight Night 4
Marcio Cruz,Frank Mir,Marcio Cruz,2006-02-04,KO/TKO,1,UFC 57: Liddell vs Couture 3
Brandon Vera,Justin Eilers,Brandon Vera,2006-02-04,KO/TKO,1,UFC 57: Liddell vs Couture 3
Alessio Sakara,Elvis Sinosic,Alessio Sakara,2006-02-04,Decision - Unanimous,3,UFC 57: Liddell vs Couture 3
Renato Sobral,Mike van Arsdale,Renato Sobral,2006-02-04,Submission,1,UFC 57: Liddell vs Couture 3
Joe Riggs,Nick Diaz,Joe Riggs,2006-02-04,Decision - Unanimous,3,UFC 57: Liddell vs Couture 3
Jeff Monson,Branden Lee Hinkle,Jeff Monson,2006-02-04,Submission,1,UFC 57: Liddell vs Couture 3
Keith Jardine,Mike Whitehead,Keith Jardine,2006-02-04,Decision - Unanimous,3,UFC 57: Liddell vs Couture 3
Tim Sylvia,Assuerio Silva,Tim Sylvia,2006-01-16,Decision - Unanimous,3,UFC Fight Night 3
Paul Buentello,Gilbert Aldana,Paul Buentello,2006-02-04,KO/TKO,2,UFC 57: Liddell vs Couture 3
Joshua Burkman,Drew Fickett,Joshua Burkman,2006-01-16,Submission,1,UFC Fight Night 3
Chris Leben,Jorge Rivera,Chris Leben,2006-01-16,KO/TKO,1,UFC Fight Night 3
Stephan Bonnar,James Irvin,Stephan Bonnar,2006-01-16,Submission,1,UFC Fight Night 3
Josh Neer,Melvin Guillard,Josh Neer,2006-01-16,Submission,1,UFC Fight Night 3
Duane Ludwig,Jonathan Goulet,Duane Ludwig,2006-01-16,KO/TKO,1,UFC Fight Night 3
Spencer Fisher,Aaron Riley,Spencer Fisher,2006-01-16,TKO - Doctor's Stoppage,1,UFC Fight Night 3
Jason Von Flue,Alex Karalexis,Jason Von Flue,2006-01-16,Submission,3,UFC Fight Night 3
Mike Swick,Steve Vigneault,Mike Swick,2006-03-04,Submission,1,UFC 58: USA vs Canada
Rich Franklin,David Loiseau,Rich Franklin,2006-03-04,Decision - Unanimous,5,UFC 58: USA vs Canada
Georges St-Pierre,BJ Penn,Georges St-Pierre,2006-03-04,Decision - Split,3,UFC 58: USA vs Canada
Mark Hominick,Yves Edwards,Mark Hominick,2006-03-04,Submission,2,UFC 58: USA vs Canada
Nate Marquardt,Joe Doerksen,Nate Marquardt,2006-03-04,Decision - Unanimous,3,UFC 58: USA vs Canada
Jason Lambert,Rob MacDonald,Jason Lambert,2006-03-04,Submission,1,UFC 58: USA vs Canada
Sam Stout,Spencer Fisher,Sam Stout,2006-03-04,Decision - Split,3,UFC 58: USA vs Canada
Rich Franklin,Nate Quarry,Rich Franklin,2005-11-19,KO/TKO,1,UFC 56: Full Force
Tom Murphy,Icho Larenas,Tom Murphy,2006-03-04,KO/TKO,3,UFC 58: USA vs Canada
Gabriel Gonzaga,Kevin Jordan,Gabriel Gonzaga,2005-11-19,KO/TKO,3,UFC 56: Full Force
Matt Hughes,Joe Riggs,Matt Hughes,2005-11-19,Submission,1,UFC 56: Full Force
Georges St-Pierre,Sean Sherk,Georges St-Pierre,2005-11-19,KO/TKO,2,UFC 56: Full Force
Jeremy Horn,Trevor Prangley,Jeremy Horn,2005-11-19,Decision - Unanimous,3,UFC 56: Full Force
Sam Hoger,Jeff Newton,Sam Hoger,2005-11-19,Submission,2,UFC 56: Full Force
Thiago Alves,Ansar Chalangov,Thiago Alves,2005-11-19,KO/TKO,1,UFC 56: Full Force
Nick Thompson,Keith Wisniewski,Nick Thompson,2005-11-19,Decision - Unanimous,3,UFC 56: Full Force
Joe Stevenson,Luke Cummo,Joe Stevenson,2005-11-05,Decision - Unanimous,3,The Ultimate Fighter: Team Hughes vs. Team Franklin Finale
Diego Sanchez,Nick Diaz,Diego Sanchez,2005-11-05,Decision - Unanimous,3,The Ultimate Fighter: Team Hughes vs. Team Franklin Finale
Rashad Evans,Brad Imes,Rashad Evans,2005-11-05,Decision - Split,3,The Ultimate Fighter: Team Hughes vs. Team Franklin Finale
Kenny Florian,Kit Cope,Kenny Florian,2005-11-05,Submission,2,The Ultimate Fighter: Team Hughes vs. Team Franklin Finale
Melvin Guillard,Marcus Davis,Melvin Guillard,2005-11-05,TKO - Doctor's Stoppage,2,The Ultimate Fighter: Team Hughes vs. Team Franklin Finale
Joshua Burkman,Sammy Morgan,Joshua Burkman,2005-11-05,KO/TKO,1,The Ultimate Fighter: Team Hughes vs. Team Franklin Finale
Andrei Arlovski,Paul Buentello,Andrei Arlovski,2005-10-07,KO/TKO,1,UFC 55: Fury
Forrest Griffin,Elvis Sinosic,Forrest Griffin,2005-10-07,KO/TKO,1,UFC 55: Fury
Renato Sobral,Chael Sonnen,Renato Sobral,2005-10-07,Submission,2,UFC 55: Fury
Branden Lee Hinkle,Sean Gannon,Branden Lee Hinkle,2005-10-07,KO/TKO,1,UFC 55: Fury
Keith Jardine,Kerry Schall,Keith Jardine,2005-11-05,KO/TKO,2,The Ultimate Fighter: Team Hughes vs. Team Franklin Finale
Marcio Cruz,Keigo Kunihara,Marcio Cruz,2005-10-07,Submission,2,UFC 55: Fury
Joe Riggs,Chris Lytle,Joe Riggs,2005-10-07,TKO - Doctor's Stoppage,2,UFC 55: Fury
Chris Leben,Edwin DeWees,Chris Leben,2005-10-03,Submission,1,UFC Fight Night 2
Brandon Vera,Fabiano Scherner,Brandon Vera,2005-10-03,KO/TKO,2,UFC Fight Night 2
Jorge Rivera,Dennis Hallman,Jorge Rivera,2005-10-07,Decision - Unanimous,3,UFC 55: Fury
Spencer Fisher,Thiago Alves,Spencer Fisher,2005-10-03,Submission,2,UFC Fight Night 2
Drew Fickett,Josh Koscheck,Drew Fickett,2005-10-03,Submission,3,UFC Fight Night 2
David Loiseau,Evan Tanner,David Loiseau,2005-10-03,TKO - Doctor's Stoppage,2,UFC Fight Night 2
Jon Fitch,Brock Larson,Jon Fitch,2005-10-03,Decision - Unanimous,3,UFC Fight Night 2
Chris Leben,Patrick Cote,Chris Leben,2005-08-06,Decision - Split,3,UFC Fight Night 1
Nate Marquardt,Ivan Salaverry,Nate Marquardt,2005-08-06,Decision - Unanimous,3,UFC Fight Night 1
Jonathan Goulet,Jay Hieron,Jonathan Goulet,2005-10-03,TKO - Doctor's Stoppage,3,UFC Fight Night 2
Nate Quarry,Pete Sell,Nate Quarry,2005-08-06,KO/TKO,1,UFC Fight Night 1
Josh Koscheck,Pete Spratt,Josh Koscheck,2005-08-06,Submission,1,UFC Fight Night 1
Stephan Bonnar,Sam Hoger,Stephan Bonnar,2005-08-06,Decision - Unanimous,3,UFC Fight Night 1
Mike Swick,Gideon Ray,Mike Swick,2005-08-06,KO/TKO,1,UFC Fight Night 1
Drew Fickett,Josh Neer,Drew Fickett,2005-08-06,Submission,1,UFC Fight Night 1
Kenny Florian,Alex Karalexis,Kenny Florian,2005-08-06,TKO - Doctor's Stoppage,2,UFC Fight Night 1
Andrei Arlovski,Justin Eilers,Andrei Arlovski,2005-06-04,KO/TKO,1,UFC 53: Heavy Hitters
Karo Parisyan,Matt Serra,Karo Parisyan,2005-06-04,Decision - Unanimous,3,UFC 53: Heavy Hitters
Rich Franklin,Evan Tanner,Rich Franklin,2005-06-04,TKO - Doctor's Stoppage,4,UFC 53: Heavy Hitters
Paul Buentello,Kevin Jordan,Paul Buentello,2005-06-04,Submission,1,UFC 53: Heavy Hitters
Forrest Griffin,Bill Mahood,Forrest Griffin,2005-06-04,Submission,1,UFC 53: Heavy Hitters
Nate Quarry,Shonie Carter,Nate Quarry,2005-06-04,KO/TKO,1,UFC 53: Heavy Hitters
David Loiseau,Charles McCarthy,David Loiseau,2005-06-04,KO/TKO,2,UFC 53: Heavy Hitters
Chuck Liddell,Randy Couture,Chuck Liddell,2005-04-16,KO/TKO,1,UFC 52: Couture vs Liddell 2
Nick Diaz,Koji Oishi,Nick Diaz,2005-06-04,KO/TKO,1,UFC 53: Heavy Hitters
Renato Sobral,Travis Wiuff,Renato Sobral,2005-04-16,Submission,2,UFC 52: Couture vs Liddell 2
Matt Hughes,Frank Trigg,Matt Hughes,2005-04-16,Submission,1,UFC 52: Couture vs Liddell 2
Matt Lindland,Travis Lutter,Matt Lindland,2005-04-16,Submission,2,UFC 52: Couture vs Liddell 2
Ivan Salaverry,Joe Riggs,Ivan Salaverry,2005-04-16,Submission,1,UFC 52: Couture vs Liddell 2
Georges St-Pierre,Jason Miller,Georges St-Pierre,2005-04-16,Decision - Unanimous,3,UFC 52: Couture vs Liddell 2
Chuck Liddell,Jeremy Horn,Chuck Liddell,2005-08-20,KO/TKO,4,UFC 54: Boiling Point
Mike van Arsdale,John Marsh,Mike van Arsdale,2005-04-16,Decision - Unanimous,3,UFC 52: Couture vs Liddell 2
Joe Doerksen,Patrick Cote,Joe Doerksen,2005-04-16,Submission,3,UFC 52: Couture vs Liddell 2
Randy Couture,Mike van Arsdale,Randy Couture,2005-08-20,Submission,3,UFC 54: Boiling Point
Diego Sanchez,Brian Gassaway,Diego Sanchez,2005-08-20,KO/TKO,2,UFC 54: Boiling Point
Tim Sylvia,Tra Telligman,Tim Sylvia,2005-08-20,KO/TKO,1,UFC 54: Boiling Point
Georges St-Pierre,Frank Trigg,Georges St-Pierre,2005-08-20,Submission,1,UFC 54: Boiling Point
Matt Lindland,Joe Doerksen,Matt Lindland,2005-08-20,Decision - Unanimous,3,UFC 54: Boiling Point
Trevor Prangley,Travis Lutter,Trevor Prangley,2005-08-20,Decision - Unanimous,3,UFC 54: Boiling Point
Rich Franklin,Ken Shamrock,Rich Franklin,2005-04-09,KO/TKO,1,The Ultimate Fighter: Team Couture vs. Team Liddell Finale
Forrest Griffin,Stephan Bonnar,Forrest Griffin,2005-04-09,Decision - Unanimous,3,The Ultimate Fighter: Team Couture vs. Team Liddell Finale
James Irvin,Terry Martin,James Irvin,2005-08-20,KO/TKO,2,UFC 54: Boiling Point
Diego Sanchez,Kenny Florian,Diego Sanchez,2005-04-09,KO/TKO,1,The Ultimate Fighter: Team Couture vs. Team Liddell Finale
Sam Hoger,Bobby Southworth,Sam Hoger,2005-04-09,Decision - Unanimous,3,The Ultimate Fighter: Team Couture vs. Team Liddell Finale
Chris Leben,Jason Thacker,Chris Leben,2005-04-09,KO/TKO,1,The Ultimate Fighter: Team Couture vs. Team Liddell Finale
Josh Koscheck,Chris Sanford,Josh Koscheck,2005-04-09,KO/TKO,1,The Ultimate Fighter: Team Couture vs. Team Liddell Finale
Alex Karalexis,Josh Rafferty,Alex Karalexis,2005-04-09,KO/TKO,1,The Ultimate Fighter: Team Couture vs. Team Liddell Finale
Mike Swick,Alex Schoenauer,Mike Swick,2005-04-09,KO/TKO,1,The Ultimate Fighter: Team Couture vs. Team Liddell Finale
Nate Quarry,Lodune Sincaid,Nate Quarry,2005-04-09,KO/TKO,1,The Ultimate Fighter: Team Couture vs. Team Liddell Finale
Matt Hughes,Georges St-Pierre,Matt Hughes,2004-10-22,Submission,1,UFC 50: The War Of '04
Tito Ortiz,Patrick Cote,Tito Ortiz,2004-10-22,Decision - Unanimous,3,UFC 50: The War Of '04
Rich Franklin,Jorge Rivera,Rich Franklin,2004-10-22,Submission,3,UFC 50: The War Of '04
Frank Trigg,Renato Verissimo,Frank Trigg,2004-10-22,KO/TKO,2,UFC 50: The War Of '04
Evan Tanner,Robbie Lawler,Evan Tanner,2004-10-22,Submission,1,UFC 50: The War Of '04
Ivan Salaverry,Tony Fryklund,Ivan Salaverry,2004-10-22,Submission,1,UFC 50: The War Of '04
Travis Lutter,Marvin Eastman,Travis Lutter,2004-10-22,KO/TKO,2,UFC 50: The War Of '04
Tito Ortiz,Vitor Belfort,Tito Ortiz,2005-02-05,Decision - Split,3,UFC 51: Super Saturday
Evan Tanner,David Terrell,Evan Tanner,2005-02-05,KO/TKO,1,UFC 51: Super Saturday
Pete Sell,Phil Baroni,Pete Sell,2005-02-05,Submission,3,UFC 51: Super Saturday
Andrei Arlovski,Tim Sylvia,Andrei Arlovski,2005-02-05,Submission,1,UFC 51: Super Saturday
Paul Buentello,Justin Eilers,Paul Buentello,2005-02-05,KO/TKO,1,UFC 51: Super Saturday
David Loiseau,Gideon Ray,David Loiseau,2005-02-05,TKO - Doctor's Stoppage,1,UFC 51: Super Saturday
Karo Parisyan,Chris Lytle,Karo Parisyan,2005-02-05,Decision - Unanimous,3,UFC 51: Super Saturday
Mike Kyle,James Irvin,Mike Kyle,2005-02-05,KO/TKO,1,UFC 51: Super Saturday
Nick Diaz,Drew Fickett,Nick Diaz,2005-02-05,KO/TKO,1,UFC 51: Super Saturday
Yves Edwards,Hermes Franca,Yves Edwards,2004-04-02,Decision - Split,3,UFC 47: It's On!
Chris Lytle,Tiki Ghosn,Chris Lytle,2004-04-02,Submission,2,UFC 47: It's On!
Chuck Liddell,Tito Ortiz,Chuck Liddell,2004-04-02,KO/TKO,2,UFC 47: It's On!
Nick Diaz,Robbie Lawler,Nick Diaz,2004-04-02,KO/TKO,2,UFC 47: It's On!
Andrei Arlovski,Wesley Correira,Andrei Arlovski,2004-04-02,KO/TKO,2,UFC 47: It's On!
Mike Kyle,Wes Sims,Mike Kyle,2004-04-02,KO/TKO,1,UFC 47: It's On!
Jonathan Wiezorek,Wade Shipp,Jonathan Wiezorek,2004-04-02,KO/TKO,1,UFC 47: It's On!
Randy Couture,Vitor Belfort,Randy Couture,2004-08-21,TKO - Doctor's Stoppage,3,UFC 49: Unfinished Business
Genki Sudo,Mike Brown,Genki Sudo,2004-04-02,Submission,1,UFC 47: It's On!
Joe Riggs,Joe Doerksen,Joe Riggs,2004-08-21,KO/TKO,2,UFC 49: Unfinished Business
David Terrell,Matt Lindland,David Terrell,2004-08-21,KO/TKO,1,UFC 49: Unfinished Business
Chuck Liddell,Vernon White,Chuck Liddell,2004-08-21,KO/TKO,1,UFC 49: Unfinished Business
Justin Eilers,Mike Kyle,Justin Eilers,2004-08-21,KO/TKO,1,UFC 49: Unfinished Business
Chris Lytle,Ronald Jhun,Chris Lytle,2004-08-21,Submission,2,UFC 49: Unfinished Business
Karo Parisyan,Nick Diaz,Karo Parisyan,2004-08-21,Decision - Split,3,UFC 49: Unfinished Business
Frank Trigg,Dennis Hallman,Frank Trigg,2004-06-19,KO/TKO,1,UFC 48: Payback
Ken Shamrock,Kimo Leopoldo,Ken Shamrock,2004-06-19,KO/TKO,1,UFC 48: Payback
Yves Edwards,Josh Thomson,Yves Edwards,2004-08-21,KO/TKO,1,UFC 49: Unfinished Business
Matt Hughes,Renato Verissimo,Matt Hughes,2004-06-19,Decision - Unanimous,3,UFC 48: Payback
Frank Mir,Tim Sylvia,Frank Mir,2004-06-19,Submission,1,UFC 48: Payback
Evan Tanner,Phil Baroni,Evan Tanner,2004-06-19,Decision - Unanimous,3,UFC 48: Payback
Georges St-Pierre,Jay Hieron,Georges St-Pierre,2004-06-19,KO/TKO,1,UFC 48: Payback
Matt Serra,Ivan Menjivar,Matt Serra,2004-06-19,Decision - Unanimous,3,UFC 48: Payback
Trevor Prangley,Curtis Stout,Trevor Prangley,2004-06-19,Submission,2,UFC 48: Payback
Vitor Belfort,Randy Couture,Vitor Belfort,2004-01-31,TKO - Doctor's Stoppage,1,UFC 46: Supernatural
Renato Verissimo,Carlos Newton,Renato Verissimo,2004-01-31,Decision - Unanimous,3,UFC 46: Supernatural
BJ Penn,Matt Hughes,BJ Penn,2004-01-31,Submission,1,UFC 46: Supernatural
Frank Mir,Wes Sims,Frank Mir,2004-01-31,KO/TKO,2,UFC 46: Supernatural
Lee Murray,Jorge Rivera,Lee Murray,2004-01-31,Submission,1,UFC 46: Supernatural
Georges St-Pierre,Karo Parisyan,Georges St-Pierre,2004-01-31,Decision - Unanimous,3,UFC 46: Supernatural
Josh Thomson,Hermes Franca,Josh Thomson,2004-01-31,Decision - Majority,3,UFC 46: Supernatural
Randy Couture,Tito Ortiz,Randy Couture,2003-09-26,Decision - Unanimous,5,UFC 44: Undisputed
Matt Serra,Jeff Curran,Matt Serra,2004-01-31,Decision - Unanimous,3,UFC 46: Supernatural
Andrei Arlovski,Vladimir Matyushenko,Andrei Arlovski,2003-09-26,KO/TKO,1,UFC 44: Undisputed
Rich Franklin,Edwin DeWees,Rich Franklin,2003-09-26,KO/TKO,1,UFC 44: Undisputed
Tim Sylvia,Gan McGee,Tim Sylvia,2003-09-26,KO/TKO,1,UFC 44: Undisputed
Jorge Rivera,David Loiseau,Jorge Rivera,2003-09-26,Decision - Unanimous,3,UFC 44: Undisputed
Nick Diaz,Jeremy Jackson,Nick Diaz,2003-09-26,Submission,3,UFC 44: Undisputed
Karo Parisyan,Dave Strasser,Karo Parisyan,2003-09-26,Submission,1,UFC 44: Undisputed
Josh Thomson,Gerald Strebendt,Josh Thomson,2003-09-26,KO/TKO,1,UFC 44: Undisputed
Matt Hughes,Frank Trigg,Matt Hughes,2003-11-21,Submission,1,UFC 45: Revolution
Hermes Franca,Caol Uno,Hermes Franca,2003-09-26,KO/TKO,2,UFC 44: Undisputed
Evan Tanner,Phil Baroni,Evan Tanner,2003-11-21,KO/TKO,1,UFC 45: Revolution
Matt Lindland,Falaniko Vitale,Matt Lindland,2003-11-21,KO/TKO,3,UFC 45: Revolution
Wesley Correira,David Abbott,Wesley Correira,2003-11-21,TKO - Doctor's Stoppage,1,UFC 45: Revolution
Robbie Lawler,Chris Lytle,Robbie Lawler,2003-11-21,Decision - Unanimous,3,UFC 45: Revolution
Pedro Rizzo,Ricco Rodriguez,Pedro Rizzo,2003-11-21,Decision - Unanimous,3,UFC 45: Revolution
Keith Rockel,Chris Liguori,Keith Rockel,2003-11-21,Submission,1,UFC 45: Revolution
Yves Edwards,Nick Agallar,Yves Edwards,2003-11-21,KO/TKO,2,UFC 45: Revolution
Randy Couture,Chuck Liddell,Randy Couture,2003-06-06,KO/TKO,3,UFC 43: Meltdown
Kimo Leopoldo,David Abbott,Kimo Leopoldo,2003-06-06,Submission,1,UFC 43: Meltdown
Vitor Belfort,Marvin Eastman,Vitor Belfort,2003-06-06,KO/TKO,1,UFC 43: Meltdown
Frank Mir,Wes Sims,Frank Mir,2003-06-06,DQ,1,UFC 43: Meltdown
Yves Edwards,Eddie Ruiz,Yves Edwards,2003-06-06,Decision - Unanimous,3,UFC 43: Meltdown
Falaniko Vitale,Matt Lindland,Falaniko Vitale,2003-06-06,KO/TKO,1,UFC 43: Meltdown
Pedro Rizzo,Tra Telligman,Pedro Rizzo,2003-06-06,TKO - Doctor's Stoppage,2,UFC 43: Meltdown
Frank Mir,David Abbott,Frank Mir,2003-02-28,Submission,1,UFC 41: Onslaught
Tim Sylvia,Ricco Rodriguez,Tim Sylvia,2003-02-28,KO/TKO,1,UFC 41: Onslaught
Matt Lindland,Phil Baroni,Matt Lindland,2003-02-28,Decision - Unanimous,3,UFC 41: Onslaught
Vladimir Matyushenko,Pedro Rizzo,Vladimir Matyushenko,2003-02-28,Decision - Unanimous,3,UFC 41: Onslaught
Din Thomas,Matt Serra,Din Thomas,2003-02-28,Decision - Split,3,UFC 41: Onslaught
Gan McGee,Alexandre Dantas,Gan McGee,2003-02-28,KO/TKO,1,UFC 41: Onslaught
Pete Spratt,Robbie Lawler,Pete Spratt,2003-04-25,Submission,2,UFC 42: Sudden Impact
Matt Hughes,Sean Sherk,Matt Hughes,2003-04-25,Decision - Unanimous,5,UFC 42: Sudden Impact
Yves Edwards,Rich Clementi,Yves Edwards,2003-02-28,Submission,3,UFC 41: Onslaught
Rich Franklin,Evan Tanner,Rich Franklin,2003-04-25,KO/TKO,1,UFC 42: Sudden Impact
Dave Strasser,Romie Aram,Dave Strasser,2003-04-25,Decision - Unanimous,3,UFC 42: Sudden Impact
Wesley Correira,Sean Alvarez,Wesley Correira,2003-04-25,KO/TKO,2,UFC 42: Sudden Impact
Duane Ludwig,Genki Sudo,Duane Ludwig,2003-04-25,Decision - Unanimous,3,UFC 42: Sudden Impact
Tito Ortiz,Ken Shamrock,Tito Ortiz,2002-11-22,KO/TKO,3,UFC 40: Vendetta
David Loiseau,Mark Weir,David Loiseau,2003-04-25,KO/TKO,1,UFC 42: Sudden Impact
Hermes Franca,Richard Crunkilton,Hermes Franca,2003-04-25,Decision - Unanimous,3,UFC 42: Sudden Impact
Carlos Newton,Pete Spratt,Carlos Newton,2002-11-22,Submission,1,UFC 40: Vendetta
Matt Hughes,Gil Castillo,Matt Hughes,2002-11-22,TKO - Doctor's Stoppage,1,UFC 40: Vendetta
Chuck Liddell,Renato Sobral,Chuck Liddell,2002-11-22,KO/TKO,1,UFC 40: Vendetta
Robbie Lawler,Tiki Ghosn,Robbie Lawler,2002-11-22,KO/TKO,1,UFC 40: Vendetta
Andrei Arlovski,Ian Freeman,Andrei Arlovski,2002-11-22,KO/TKO,1,UFC 40: Vendetta
Vladimir Matyushenko,Travis Wiuff,Vladimir Matyushenko,2002-11-22,KO/TKO,1,UFC 40: Vendetta
Phillip Miller,Mark Weir,Phillip Miller,2002-11-22,Submission,2,UFC 40: Vendetta
Ricco Rodriguez,Randy Couture,Ricco Rodriguez,2002-09-27,KO/TKO,5,UFC 39: The Warriors Return
Tim Sylvia,Wesley Correira,Tim Sylvia,2002-09-27,KO/TKO,2,UFC 39: The Warriors Return
BJ Penn,Matt Serra,BJ Penn,2002-09-27,Decision - Unanimous,3,UFC 39: The Warriors Return
Caol Uno,Din Thomas,Caol Uno,2002-09-27,Decision - Unanimous,3,UFC 39: The Warriors Return
Gan McGee,Pedro Rizzo,Gan McGee,2002-09-27,KO/TKO,1,UFC 39: The Warriors Return
Matt Lindland,Ivan Salaverry,Matt Lindland,2002-09-27,Decision - Unanimous,3,UFC 39: The Warriors Return
Phil Baroni,Dave Menne,Phil Baroni,2002-09-27,KO/TKO,1,UFC 39: The Warriors Return
Sean Sherk,Benji Radach,Sean Sherk,2002-09-27,TKO - Doctor's Stoppage,1,UFC 39: The Warriors Return
Ian Freeman,Frank Mir,Ian Freeman,2002-07-13,KO/TKO,1,UFC 38: Brawl at the Hall
Matt Hughes,Carlos Newton,Matt Hughes,2002-07-13,KO/TKO,4,UFC 38: Brawl at the Hall
Mark Weir,Eugene Jackson,Mark Weir,2002-07-13,KO/TKO,1,UFC 38: Brawl at the Hall
Renato Sobral,Elvis Sinosic,Renato Sobral,2002-07-13,Decision - Unanimous,3,UFC 38: Brawl at the Hall
Genki Sudo,Leigh Remedios,Genki Sudo,2002-07-13,Submission,2,UFC 38: Brawl at the Hall
Phillip Miller,James Zikic,Phillip Miller,2002-07-13,Decision - Unanimous,3,UFC 38: Brawl at the Hall
Chuck Liddell,Vitor Belfort,Chuck Liddell,2002-06-22,Decision - Unanimous,3,UFC 37.5: As Real As It Gets
Benji Radach,Nick Serra,Benji Radach,2002-06-22,Decision - Unanimous,3,UFC 37.5: As Real As It Gets
Evan Tanner,Chris Haseman,Evan Tanner,2002-07-13,Decision - Unanimous,3,UFC 38: Brawl at the Hall
Robbie Lawler,Steve Berger,Robbie Lawler,2002-06-22,KO/TKO,2,UFC 37.5: As Real As It Gets
Tony Fryklund,Rodrigo Ruas,Tony Fryklund,2002-06-22,KO/TKO,2,UFC 37.5: As Real As It Gets
Pete Spratt,Zach Light,Pete Spratt,2002-06-22,Submission,1,UFC 37.5: As Real As It Gets
Yves Edwards,Joao Pierini,Yves Edwards,2002-06-22,KO/TKO,1,UFC 37.5: As Real As It Gets
Murilo Bustamante,Matt Lindland,Murilo Bustamante,2002-05-10,Submission,3,UFC 37: High Impact
Ricco Rodriguez,Tsuyoshi Kohsaka,Ricco Rodriguez,2002-05-10,KO/TKO,2,UFC 37: High Impact
BJ Penn,Paul Creighton,BJ Penn,2002-05-10,KO/TKO,2,UFC 37: High Impact
Caol Uno,Yves Edwards,Caol Uno,2002-05-10,Decision - Unanimous,3,UFC 37: High Impact
Phil Baroni,Amar Suloev,Phil Baroni,2002-05-10,KO/TKO,1,UFC 37: High Impact
Robbie Lawler,Aaron Riley,Robbie Lawler,2002-05-10,Decision - Unanimous,3,UFC 37: High Impact
Ivan Salaverry,Andrei Semenov,Ivan Salaverry,2002-05-10,KO/TKO,3,UFC 37: High Impact
Pedro Rizzo,Andrei Arlovski,Pedro Rizzo,2002-03-22,KO/TKO,3,UFC 36: Worlds Collide
Josh Barnett,Randy Couture,Josh Barnett,2002-03-22,KO/TKO,2,UFC 36: Worlds Collide
Matt Hughes,Hayato Sakurai,Matt Hughes,2002-03-22,KO/TKO,4,UFC 36: Worlds Collide
Evan Tanner,Elvis Sinosic,Evan Tanner,2002-03-22,TKO - Doctor's Stoppage,1,UFC 36: Worlds Collide
Matt Lindland,Pat Miletich,Matt Lindland,2002-03-22,KO/TKO,1,UFC 36: Worlds Collide
Frank Mir,Pete Williams,Frank Mir,2002-03-22,Submission,1,UFC 36: Worlds Collide
Matt Serra,Kelly Dullanty,Matt Serra,2002-03-22,Submission,1,UFC 36: Worlds Collide
Sean Sherk,Jutaro Nakao,Sean Sherk,2002-03-22,Decision - Unanimous,3,UFC 36: Worlds Collide
Ricco Rodriguez,Jeff Monson,Ricco Rodriguez,2002-01-11,KO/TKO,3,UFC 35: Throwdown
Jens Pulver,BJ Penn,Jens Pulver,2002-01-11,Decision - Majority,5,UFC 35: Throwdown
Murilo Bustamante,Dave Menne,Murilo Bustamante,2002-01-11,KO/TKO,2,UFC 35: Throwdown
Chuck Liddell,Amar Suloev,Chuck Liddell,2002-01-11,Decision - Unanimous,3,UFC 35: Throwdown
Kevin Randleman,Renato Sobral,Kevin Randleman,2002-01-11,Decision - Unanimous,3,UFC 35: Throwdown
Andrei Semenov,Ricardo Almeida,Andrei Semenov,2002-01-11,KO/TKO,2,UFC 35: Throwdown
Gil Castillo,Chris Brennan,Gil Castillo,2002-01-11,Decision - Unanimous,3,UFC 35: Throwdown
Eugene Jackson,Keith Rockel,Eugene Jackson,2002-01-11,Submission,2,UFC 35: Throwdown
Randy Couture,Pedro Rizzo,Randy Couture,2001-11-02,KO/TKO,3,UFC 34: High Voltage
Matt Hughes,Carlos Newton,Matt Hughes,2001-11-02,KO/TKO,2,UFC 34: High Voltage
BJ Penn,Caol Uno,BJ Penn,2001-11-02,KO/TKO,1,UFC 34: High Voltage
Ricco Rodriguez,Pete Williams,Ricco Rodriguez,2001-11-02,KO/TKO,2,UFC 34: High Voltage
Josh Barnett,Bobby Hoffman,Josh Barnett,2001-11-02,KO/TKO,2,UFC 34: High Voltage
Evan Tanner,Homer Moore,Evan Tanner,2001-11-02,Submission,2,UFC 34: High Voltage
Matt Lindland,Phil Baroni,Matt Lindland,2001-11-02,Decision - Majority,3,UFC 34: High Voltage
Tito Ortiz,Vladimir Matyushenko,Tito Ortiz,2001-09-28,Decision - Unanimous,5,UFC 33: Victory in Vegas
Jens Pulver,Dennis Hallman,Jens Pulver,2001-09-28,Decision - Unanimous,5,UFC 33: Victory in Vegas
Frank Mir,Roberto Traven,Frank Mir,2001-11-02,Submission,1,UFC 34: High Voltage
Chuck Liddell,Murilo Bustamante,Chuck Liddell,2001-09-28,Decision - Unanimous,3,UFC 33: Victory in Vegas
Matt Serra,Yves Edwards,Matt Serra,2001-09-28,Decision - Majority,3,UFC 33: Victory in Vegas
Dave Menne,Gil Castillo,Dave Menne,2001-09-28,Decision - Unanimous,5,UFC 33: Victory in Vegas
Ricardo Almeida,Eugene Jackson,Ricardo Almeida,2001-09-28,Submission,1,UFC 33: Victory in Vegas
Jutaro Nakao,Tony DeSouza,Jutaro Nakao,2001-09-28,KO/TKO,2,UFC 33: Victory in Vegas
Din Thomas,Fabiano Iha,Din Thomas,2001-09-28,Decision - Unanimous,3,UFC 33: Victory in Vegas
BJ Penn,Din Thomas,BJ Penn,2001-06-29,KO/TKO,1,UFC 32: Showdown in the Meadowlands
Tito Ortiz,Elvis Sinosic,Tito Ortiz,2001-06-29,KO/TKO,1,UFC 32: Showdown in the Meadowlands
Josh Barnett,Semmy Schilt,Josh Barnett,2001-06-29,Submission,1,UFC 32: Showdown in the Meadowlands
Pat Miletich,Shonie Carter,Pat Miletich,2001-06-29,KO/TKO,2,UFC 32: Showdown in the Meadowlands
Caol Uno,Fabiano Iha,Caol Uno,2001-06-29,KO/TKO,1,UFC 32: Showdown in the Meadowlands
Vladimir Matyushenko,Yuki Kondo,Vladimir Matyushenko,2001-06-29,Decision - Unanimous,3,UFC 32: Showdown in the Meadowlands
Ricco Rodriguez,Andrei Arlovski,Ricco Rodriguez,2001-06-29,KO/TKO,3,UFC 32: Showdown in the Meadowlands
Tony DeSouza,Paul Rodriguez,Tony DeSouza,2001-06-29,Submission,1,UFC 32: Showdown in the Meadowlands
Randy Couture,Pedro Rizzo,Randy Couture,2001-05-04,Decision - Unanimous,5,UFC 31: Locked and Loaded
Carlos Newton,Pat Miletich,Carlos Newton,2001-05-04,Submission,3,UFC 31: Locked and Loaded
Chuck Liddell,Kevin Randleman,Chuck Liddell,2001-05-04,KO/TKO,1,UFC 31: Locked and Loaded
Shonie Carter,Matt Serra,Shonie Carter,2001-05-04,KO/TKO,3,UFC 31: Locked and Loaded
Semmy Schilt,Pete Williams,Semmy Schilt,2001-05-04,KO/TKO,2,UFC 31: Locked and Loaded
Matt Lindland,Ricardo Almeida,Matt Lindland,2001-05-04,DQ,3,UFC 31: Locked and Loaded
Tony DeSouza,Steve Berger,Tony DeSouza,2001-05-04,Decision - Unanimous,3,UFC 31: Locked and Loaded
BJ Penn,Joey Gilbert,BJ Penn,2001-05-04,KO/TKO,1,UFC 31: Locked and Loaded
Tito Ortiz,Evan Tanner,Tito Ortiz,2001-02-23,KO/TKO,1,UFC 30: Battle on the Boardwalk
Jens Pulver,Caol Uno,Jens Pulver,2001-02-23,Decision - Unanimous,5,UFC 30: Battle on the Boardwalk
Elvis Sinosic,Jeremy Horn,Elvis Sinosic,2001-02-23,Submission,1,UFC 30: Battle on the Boardwalk
Fabiano Iha,Phil Johns,Fabiano Iha,2001-02-23,Submission,1,UFC 30: Battle on the Boardwalk
Pedro Rizzo,Josh Barnett,Pedro Rizzo,2001-02-23,KO/TKO,2,UFC 30: Battle on the Boardwalk
Phil Baroni,Curtis Stout,Phil Baroni,2001-02-23,Decision - Unanimous,2,UFC 30: Battle on the Boardwalk
Sean Sherk,Tiki Ghosn,Sean Sherk,2001-02-23,Submission,2,UFC 30: Battle on the Boardwalk
Tito Ortiz,Yuki Kondo,Tito Ortiz,2000-12-16,Submission,1,UFC 29: Defense of the Belts
Pat Miletich,Kenichi Yamamoto,Pat Miletich,2000-12-16,Submission,2,UFC 29: Defense of the Belts
Matt Lindland,Yoji Anjo,Matt Lindland,2000-12-16,KO/TKO,1,UFC 29: Defense of the Belts
Fabiano Iha,Daiju Takase,Fabiano Iha,2000-12-16,KO/TKO,1,UFC 29: Defense of the Belts
Dennis Hallman,Matt Hughes,Dennis Hallman,2000-12-16,Submission,1,UFC 29: Defense of the Belts
Evan Tanner,Lance Gibson,Evan Tanner,2000-12-16,KO/TKO,1,UFC 29: Defense of the Belts
Chuck Liddell,Jeff Monson,Chuck Liddell,2000-12-16,Decision - Unanimous,3,UFC 29: Defense of the Belts
Randy Couture,Kevin Randleman,Randy Couture,2000-11-17,KO/TKO,3,UFC 28: High Stakes
Josh Barnett,Gan McGee,Josh Barnett,2000-11-17,KO/TKO,2,UFC 28: High Stakes
Renato Sobral,Maurice Smith,Renato Sobral,2000-11-17,Decision - Majority,3,UFC 28: High Stakes
Andrei Arlovski,Aaron Brink,Andrei Arlovski,2000-11-17,Submission,1,UFC 28: High Stakes
Jens Pulver,John Lewis,Jens Pulver,2000-11-17,KO/TKO,1,UFC 28: High Stakes
Mark Hughes,Alex Stiebling,Mark Hughes,2000-11-17,Decision - Unanimous,2,UFC 28: High Stakes
Ben Earwood,Chris Lytle,Ben Earwood,2000-11-17,Decision - Unanimous,2,UFC 28: High Stakes
Pedro Rizzo,Dan Severn,Pedro Rizzo,2000-09-22,KO/TKO,1,UFC 27: Ultimate Bad Boyz
Maurice Smith,Bobby Hoffman,Maurice Smith,2000-09-22,Decision - Split,3,UFC 27: Ultimate Bad Boyz
Jeremy Horn,Eugene Jackson,Jeremy Horn,2000-09-22,Submission,1,UFC 27: Ultimate Bad Boyz
Fabiano Iha,Laverne Clark,Fabiano Iha,2000-09-22,Submission,1,UFC 27: Ultimate Bad Boyz
Yuki Kondo,Alexandre Dantas,Yuki Kondo,2000-09-22,KO/TKO,3,UFC 27: Ultimate Bad Boyz
Ian Freeman,Tedd Williams,Ian Freeman,2000-09-22,Decision - Unanimous,3,UFC 27: Ultimate Bad Boyz
Jeff Monson,Tim Lajcik,Jeff Monson,2000-09-22,Decision - Unanimous,2,UFC 27: Ultimate Bad Boyz
Kevin Randleman,Pedro Rizzo,Kevin Randleman,2000-06-09,Decision - Unanimous,5,UFC 26: Ultimate Field Of Dreams
Pat Miletich,John Alessio,Pat Miletich,2000-06-09,Submission,2,UFC 26: Ultimate Field Of Dreams
Tyrone Roberts,David Dodd,Tyrone Roberts,2000-06-09,Decision - Unanimous,3,UFC 26: Ultimate Field Of Dreams
Amaury Bitetti,Alex Andrade,Amaury Bitetti,2000-06-09,DQ,2,UFC 26: Ultimate Field Of Dreams
Matt Hughes,Marcelo Aguiar,Matt Hughes,2000-06-09,TKO - Doctor's Stoppage,1,UFC 26: Ultimate Field Of Dreams
Jens Pulver,Joao Roque,Jens Pulver,2000-06-09,Decision - Unanimous,3,UFC 26: Ultimate Field Of Dreams
Shonie Carter,Adrian Serrano,Shonie Carter,2000-06-09,Decision - Unanimous,2,UFC 26: Ultimate Field Of Dreams
Ian Freeman,Nate Schroeder,Ian Freeman,2000-06-09,KO/TKO,2,UFC 26: Ultimate Field Of Dreams
Murilo Bustamante,Yoji Anjo,Murilo Bustamante,2000-04-14,Submission,2,UFC 25: Ultimate Japan 3
Tito Ortiz,Wanderlei Silva,Tito Ortiz,2000-04-14,Decision - Unanimous,5,UFC 25: Ultimate Japan 3
Sanae Kikuta,Eugene Jackson,Sanae Kikuta,2000-04-14,Submission,1,UFC 25: Ultimate Japan 3
Laverne Clark,Koji Oishi,Laverne Clark,2000-04-14,Decision - Majority,3,UFC 25: Ultimate Japan 3
Ikuhisa Minowa,Joe Slick,Ikuhisa Minowa,2000-04-14,TKO - Doctor's Stoppage,3,UFC 25: Ultimate Japan 3
Ron Waterman,Satoshi Honma,Ron Waterman,2000-04-14,Decision - Unanimous,3,UFC 25: Ultimate Japan 3
Tedd Williams,Steve Judson,Tedd Williams,2000-03-10,KO/TKO,1,UFC 24: First Defense
Dave Menne,Fabiano Iha,Dave Menne,2000-03-10,Decision - Unanimous,3,UFC 24: First Defense
Lance Gibson,Jermaine Andre,Lance Gibson,2000-03-10,KO/TKO,3,UFC 24: First Defense
Bob Cook,Tiki Ghosn,Bob Cook,2000-03-10,Submission,2,UFC 24: First Defense
Jens Pulver,David Velasquez,Jens Pulver,2000-03-10,KO/TKO,2,UFC 24: First Defense
Shonie Carter,Brad Gumm,Shonie Carter,2000-03-10,Decision - Unanimous,2,UFC 24: First Defense
Scott Adams,Ian Freeman,Scott Adams,2000-03-10,Submission,1,UFC 24: First Defense
Pedro Rizzo,Tsuyoshi Kohsaka,Pedro Rizzo,1999-11-19,KO/TKO,3,UFC 23: Ultimate Japan 2
Kevin Randleman,Pete Williams,Kevin Randleman,1999-11-19,Decision - Unanimous,5,UFC 23: Ultimate Japan 2
Kenichi Yamamoto,Katsuhisa Fujii,Kenichi Yamamoto,1999-11-19,Submission,2,UFC 23: Ultimate Japan 2
Kenichi Yamamoto,Daiju Takase,Kenichi Yamamoto,1999-11-19,Decision - Unanimous,3,UFC 23: Ultimate Japan 2
Eugene Jackson,Keiichiro Yamamiya,Eugene Jackson,1999-11-19,KO/TKO,3,UFC 23: Ultimate Japan 2
Joe Slick,Jason DeLucia,Joe Slick,1999-11-19,KO/TKO,1,UFC 23: Ultimate Japan 2
Katsuhisa Fujii,Masutatsu Yano,Katsuhisa Fujii,1999-11-19,KO/TKO,2,UFC 23: Ultimate Japan 2
Frank Shamrock,Tito Ortiz,Frank Shamrock,1999-09-24,KO/TKO,4,UFC 22: Only One Can be Champion
Jeremy Horn,Jason Godsey,Jeremy Horn,1999-09-24,Submission,1,UFC 22: Only One Can be Champion
Brad Kohler,Steve Judson,Brad Kohler,1999-09-24,KO/TKO,1,UFC 22: Only One Can be Champion
Chuck Liddell,Paul Jones,Chuck Liddell,1999-09-24,TKO - Doctor's Stoppage,1,UFC 22: Only One Can be Champion
Matt Hughes,Valeri Ignatov,Matt Hughes,1999-09-24,Decision - Unanimous,3,UFC 22: Only One Can be Champion
John Lewis,Lowell Anderson,John Lewis,1999-09-24,KO/TKO,3,UFC 22: Only One Can be Champion
Pete Williams,Travis Fulton,Pete Williams,1999-05-07,Submission,1,UFC 20: Battle for the Gold
Pedro Rizzo,Tra Telligman,Pedro Rizzo,1999-05-07,KO/TKO,1,UFC 20: Battle for the Gold
Bas Rutten,Kevin Randleman,Bas Rutten,1999-05-07,Decision - Split,3,UFC 20: Battle for the Gold
Laverne Clark,Fabiano Iha,Laverne Clark,1999-05-07,TKO - Doctor's Stoppage,1,UFC 20: Battle for the Gold
Wanderlei Silva,Tony Petarra,Wanderlei Silva,1999-05-07,KO/TKO,1,UFC 20: Battle for the Gold
Marcelo Mello,David Roberts,Marcelo Mello,1999-05-07,KO/TKO,1,UFC 20: Battle for the Gold
Ron Waterman,Chris Condo,Ron Waterman,1999-05-07,KO/TKO,1,UFC 20: Battle for the Gold
Maurice Smith,Marco Ruas,Maurice Smith,1999-07-16,KO/TKO,1,UFC 21: Return of the Champions
Jeremy Horn,Daiju Takase,Jeremy Horn,1999-07-16,KO/TKO,1,UFC 21: Return of the Champions
Pat Miletich,Andre Pederneiras,Pat Miletich,1999-07-16,TKO - Doctor's Stoppage,2,UFC 21: Return of the Champions
Paul Jones,Flavio Luiz Moura,Paul Jones,1999-07-16,Submission,1,UFC 21: Return of the Champions
Tsuyoshi Kohsaka,Tim Lajcik,Tsuyoshi Kohsaka,1999-07-16,KO/TKO,2,UFC 21: Return of the Champions
Eugene Jackson,Royce Alger,Eugene Jackson,1999-07-16,KO/TKO,2,UFC 21: Return of the Champions
Andre Roberts,Ron Waterman,Andre Roberts,1999-07-16,KO/TKO,1,UFC 21: Return of the Champions
Travis Fulton,David Dodd,Travis Fulton,1999-07-16,Decision - Unanimous,2,UFC 21: Return of the Champions
Jeremy Horn,Chuck Liddell,Jeremy Horn,1999-03-05,Submission,1,UFC 19: Ultimate Young Guns
Tito Ortiz,Guy Mezger,Tito Ortiz,1999-03-05,KO/TKO,1,UFC 19: Ultimate Young Guns
Kevin Randleman,Maurice Smith,Kevin Randleman,1999-03-05,Decision - Unanimous,2,UFC 19: Ultimate Young Guns
Gary Goodridge,Andre Roberts,Gary Goodridge,1999-03-05,KO/TKO,1,UFC 19: Ultimate Young Guns
Evan Tanner,Valeri Ignatov,Evan Tanner,1999-03-05,KO/TKO,1,UFC 19: Ultimate Young Guns
Pete Williams,Jason Godsey,Pete Williams,1999-03-05,Submission,1,UFC 19: Ultimate Young Guns
Bas Rutten,Tsuyoshi Kohsaka,Bas Rutten,1999-01-08,KO/TKO,2,UFC 18: The Road to the Heavyweight Title
Sione Latu,Joey Roberts,Sione Latu,1999-03-05,TKO - Doctor's Stoppage,1,UFC 19: Ultimate Young Guns
Pat Miletich,Jorge Patino,Pat Miletich,1999-01-08,Decision - Unanimous,3,UFC 18: The Road to the Heavyweight Title
Pedro Rizzo,Mark Coleman,Pedro Rizzo,1999-01-08,Decision - Split,2,UFC 18: The Road to the Heavyweight Title
Tito Ortiz,Jerry Bohlander,Tito Ortiz,1999-01-08,TKO - Doctor's Stoppage,2,UFC 18: The Road to the Heavyweight Title
Evan Tanner,Darrel Gholar,Evan Tanner,1999-01-08,Submission,1,UFC 18: The Road to the Heavyweight Title
Mikey Burnett,Townsend Saunders,Mikey Burnett,1999-01-08,Decision - Unanimous,2,UFC 18: The Road to the Heavyweight Title
Vitor Belfort,Wanderlei Silva,Vitor Belfort,1998-10-16,KO/TKO,1,UFC - Ultimate Brazil
Laverne Clark,Frank Caracci,Laverne Clark,1999-01-08,KO/TKO,1,UFC 18: The Road to the Heavyweight Title
Frank Shamrock,John Lober,Frank Shamrock,1998-10-16,Submission,1,UFC - Ultimate Brazil
Pedro Rizzo,David Abbott,Pedro Rizzo,1998-10-16,KO/TKO,1,UFC - Ultimate Brazil
Pat Miletich,Mikey Burnett,Pat Miletich,1998-10-16,Decision - Split,3,UFC - Ultimate Brazil
Ebenezer Fontes Braga,Jeremy Horn,Ebenezer Fontes Braga,1998-10-16,Submission,1,UFC - Ultimate Brazil
Tsuyoshi Kohsaka,Pete Williams,Tsuyoshi Kohsaka,1998-10-16,Decision - Unanimous,2,UFC - Ultimate Brazil
Frank Shamrock,Jeremy Horn,Frank Shamrock,1998-05-15,Submission,2,UFC 17: Redemption
Tulio Palhares,Adriano Santos,Tulio Palhares,1998-10-16,KO/TKO,1,UFC - Ultimate Brazil
Cesar Marscucci,Paulo Santos,Cesar Marscucci,1998-10-16,KO/TKO,1,UFC - Ultimate Brazil
Pete Williams,Mark Coleman,Pete Williams,1998-05-15,KO/TKO,2,UFC 17: Redemption
Mike van Arsdale,Joe Pardo,Mike van Arsdale,1998-05-15,Submission,1,UFC 17: Redemption
David Abbott,Hugo Duarte,David Abbott,1998-05-15,KO/TKO,1,UFC 17: Redemption
Dan Henderson,Carlos Newton,Dan Henderson,1998-05-15,Decision - Split,2,UFC 17: Redemption
Carlos Newton,Bob Gilstrap,Carlos Newton,1998-05-15,Submission,1,UFC 17: Redemption
Andre Roberts,Harry Moskowitz,Andre Roberts,1998-05-15,Decision - Unanimous,2,UFC 17: Redemption
Dan Henderson,Allan Goes,Dan Henderson,1998-05-15,Decision - Unanimous,2,UFC 17: Redemption
Maurice Smith,David Abbott,Maurice Smith,1997-10-17,Submission,1,UFC 15: Collision Course
Chuck Liddell,Noe Hernandez,Chuck Liddell,1998-05-15,Decision - Unanimous,1,UFC 17: Redemption
Mark Kerr,Dwayne Cason,Mark Kerr,1997-10-17,Submission,1,UFC 15: Collision Course
Randy Couture,Vitor Belfort,Randy Couture,1997-10-17,KO/TKO,1,UFC 15: Collision Course
Dave Beneteau,Carlos Barreto,Dave Beneteau,1997-10-17,Decision - Unanimous,2,UFC 15: Collision Course
Mark Kerr,Greg Stott,Mark Kerr,1997-10-17,KO/TKO,1,UFC 15: Collision Course
Dwayne Cason,Houston Dorr,Dwayne Cason,1997-10-17,KO/TKO,1,UFC 15: Collision Course
Alex Hunter,Harry Moskowitz,Alex Hunter,1997-10-17,Decision - Split,1,UFC 15: Collision Course
Tsuyoshi Kohsaka,Kimo Leopoldo,Tsuyoshi Kohsaka,1998-03-13,Decision - Unanimous,2,UFC 16: Battle in the Bayou
Frank Shamrock,Igor Zinoviev,Frank Shamrock,1998-03-13,KO/TKO,1,UFC 16: Battle in the Bayou
Pat Miletich,Chris Brennan,Pat Miletich,1998-03-13,Submission,1,UFC 16: Battle in the Bayou
Pat Miletich,Townsend Saunders,Pat Miletich,1998-03-13,Decision - Split,2,UFC 16: Battle in the Bayou
Jerry Bohlander,Kevin Jackson,Jerry Bohlander,1998-03-13,Submission,1,UFC 16: Battle in the Bayou
Mikey Burnett,Eugenio Tadeu,Mikey Burnett,1998-03-13,KO/TKO,1,UFC 16: Battle in the Bayou
Chris Brennan,Courtney Turner,Chris Brennan,1998-03-13,Submission,1,UFC 16: Battle in the Bayou
Laverne Clark,Josh Stuart,Laverne Clark,1998-03-13,KO/TKO,1,UFC 16: Battle in the Bayou
Randy Couture,Maurice Smith,Randy Couture,1997-12-21,Decision - Majority,3,UFC - Ultimate Japan
Vitor Belfort,Joe Charles,Vitor Belfort,1997-12-21,Submission,1,UFC - Ultimate Japan
Frank Shamrock,Kevin Jackson,Frank Shamrock,1997-12-21,Submission,1,UFC - Ultimate Japan
Kazushi Sakuraba,Marcus Silveira,Kazushi Sakuraba,1997-12-21,Submission,1,UFC - Ultimate Japan
David Abbott,Yoji Anjo,David Abbott,1997-12-21,Decision - Unanimous,2,UFC - Ultimate Japan
Tra Telligman,Brad Kohler,Tra Telligman,1997-12-21,Submission,1,UFC - Ultimate Japan
Maurice Smith,Mark Coleman,Maurice Smith,1997-07-27,Decision - Unanimous,3,UFC 14: Showdown
Kevin Jackson,Tony Fryklund,Kevin Jackson,1997-07-27,Submission,1,UFC 14: Showdown
Mark Kerr,Dan Bobish,Mark Kerr,1997-07-27,Submission,1,UFC 14: Showdown
Dan Bobish,Brian Johnston,Dan Bobish,1997-07-27,Submission,1,UFC 14: Showdown
Kevin Jackson,Todd Butler,Kevin Jackson,1997-07-27,KO/TKO,1,UFC 14: Showdown
Mark Kerr,Moti Horenstein,Mark Kerr,1997-07-27,KO/TKO,1,UFC 14: Showdown
Tony Fryklund,Donnie Chappell,Tony Fryklund,1997-07-27,Submission,1,UFC 14: Showdown
Alex Hunter,Sam Fulton,Alex Hunter,1997-07-27,Submission,1,UFC 14: Showdown
Joe Moreira,Yuri Vaulin,Joe Moreira,1997-07-27,Decision - Unanimous,2,UFC 14: Showdown
Vitor Belfort,David Abbott,Vitor Belfort,1997-05-30,KO/TKO,1,UFC 13: The Ultimate Force
Guy Mezger,Tito Ortiz,Guy Mezger,1997-05-30,Submission,1,UFC 13: The Ultimate Force
Randy Couture,Steven Graham,Randy Couture,1997-05-30,KO/TKO,1,UFC 13: The Ultimate Force
Randy Couture,Tony Halme,Randy Couture,1997-05-30,Submission,1,UFC 13: The Ultimate Force
Enson Inoue,Royce Alger,Enson Inoue,1997-05-30,Submission,1,UFC 13: The Ultimate Force
Steven Graham,Dmitri Stepanov,Steven Graham,1997-05-30,Submission,1,UFC 13: The Ultimate Force
Guy Mezger,Christophe Leninger,Guy Mezger,1997-05-30,Decision - Unanimous,2,UFC 13: The Ultimate Force
Mark Coleman,Dan Severn,Mark Coleman,1997-02-07,Submission,1,UFC 12: Judgement Day
Jack Nilson,Saeed Hosseini,Jack Nilson,1997-05-30,KO/TKO,1,UFC 13: The Ultimate Force
Vitor Belfort,Scott Ferrozzo,Vitor Belfort,1997-02-07,KO/TKO,1,UFC 12: Judgement Day
Tito Ortiz,Wes Albritton,Tito Ortiz,1997-05-30,KO/TKO,1,UFC 13: The Ultimate Force
Vitor Belfort,Tra Telligman,Vitor Belfort,1997-02-07,KO/TKO,1,UFC 12: Judgement Day
Jerry Bohlander,Nick Sanzo,Jerry Bohlander,1997-02-07,Submission,1,UFC 12: Judgement Day
Scott Ferrozzo,Jim Mullen,Scott Ferrozzo,1997-02-07,KO/TKO,1,UFC 12: Judgement Day
Jerry Bohlander,Rainy Martinez,Jerry Bohlander,1997-02-07,Submission,1,UFC 12: Judgement Day
Yoshiki Takahashi,Wallid Ismail,Yoshiki Takahashi,1997-02-07,Decision - Unanimous,2,UFC 12: Judgement Day
Justin Martin,Eric Martin,Justin Martin,1997-02-07,Submission,1,UFC 12: Judgement Day
Nick Sanzo,Jackie Lee,Nick Sanzo,1997-02-07,KO/TKO,1,UFC 12: Judgement Day
Don Frye,David Abbott,Don Frye,1996-12-07,Submission,1,UFC - Ultimate Ultimate '96
David Abbott,Steve Nelmark,David Abbott,1996-12-07,KO/TKO,1,UFC - Ultimate Ultimate '96
Don Frye,Mark Hall,Don Frye,1996-12-07,Submission,1,UFC - Ultimate Ultimate '96
Ken Shamrock,Brian Johnston,Ken Shamrock,1996-12-07,Submission,1,UFC - Ultimate Ultimate '96
Kimo Leopoldo,Paul Varelans,Kimo Leopoldo,1996-12-07,KO/TKO,1,UFC - Ultimate Ultimate '96
Don Frye,Gary Goodridge,Don Frye,1996-12-07,Submission,1,UFC - Ultimate Ultimate '96
David Abbott,Cal Worsham,David Abbott,1996-12-07,KO/TKO,1,UFC - Ultimate Ultimate '96
Tai Bowden,Jack Nilson,Tai Bowden,1996-12-07,KO/TKO,1,UFC - Ultimate Ultimate '96
Steve Nelmark,Marcus Bossett,Steve Nelmark,1996-12-07,Submission,1,UFC - Ultimate Ultimate '96
Mark Hall,Felix Lee Mitchell,Mark Hall,1996-12-07,KO/TKO,1,UFC - Ultimate Ultimate '96
Scott Ferrozzo,David Abbott,Scott Ferrozzo,1996-09-20,Decision - Unanimous,2,UFC 11: The Proving Ground
Mark Coleman,Brian Johnston,Mark Coleman,1996-09-20,KO/TKO,1,UFC 11: The Proving Ground
David Abbott,Sam Adkins,David Abbott,1996-09-20,Submission,1,UFC 11: The Proving Ground
Jerry Bohlander,Fabio Gurgel,Jerry Bohlander,1996-09-20,Decision - Unanimous,1,UFC 11: The Proving Ground
Brian Johnston,Reza Nasri,Brian Johnston,1996-09-20,KO/TKO,1,UFC 11: The Proving Ground
Scott Ferrozzo,Sam Fulton,Scott Ferrozzo,1996-09-20,Submission,1,UFC 11: The Proving Ground
Roberto Traven,Dave Berry,Roberto Traven,1996-09-20,KO/TKO,1,UFC 11: The Proving Ground
Mark Coleman,Julian Sanchez,Mark Coleman,1996-09-20,Submission,1,UFC 11: The Proving Ground
Mark Coleman,Don Frye,Mark Coleman,1996-07-12,KO/TKO,1,UFC 10: The Tournament
Mark Coleman,Gary Goodridge,Mark Coleman,1996-07-12,Submission,1,UFC 10: The Tournament
Don Frye,Brian Johnston,Don Frye,1996-07-12,KO/TKO,1,UFC 10: The Tournament
Mark Coleman,Moti Horenstein,Mark Coleman,1996-07-12,KO/TKO,1,UFC 10: The Tournament
Don Frye,Mark Hall,Don Frye,1996-07-12,KO/TKO,1,UFC 10: The Tournament
Gary Goodridge,John Campetella,Gary Goodridge,1996-07-12,KO/TKO,1,UFC 10: The Tournament
Brian Johnston,Scott Fiedler,Brian Johnston,1996-07-12,KO/TKO,1,UFC 10: The Tournament
Sam Adkins,Felix Lee Mitchell,Sam Adkins,1996-07-12,Decision - Unanimous,2,UFC 10: The Tournament
Don Frye,Gary Goodridge,Don Frye,1996-02-16,KO/TKO,1,UFC 8: David vs Goliath
Ken Shamrock,Kimo Leopoldo,Ken Shamrock,1996-02-16,Submission,1,UFC 8: David vs Goliath
Gary Goodridge,Jerry Bohlander,Gary Goodridge,1996-02-16,KO/TKO,1,UFC 8: David vs Goliath
Don Frye,Sam Adkins,Don Frye,1996-02-16,TKO - Doctor's Stoppage,1,UFC 8: David vs Goliath
Geza Kalman,Dieusel Berto,Geza Kalman,1996-07-12,KO/TKO,1,UFC 10: The Tournament
Jerry Bohlander,Scott Ferrozzo,Jerry Bohlander,1996-02-16,Submission,1,UFC 8: David vs Goliath
Gary Goodridge,Paul Herrera,Gary Goodridge,1996-02-16,KO/TKO,1,UFC 8: David vs Goliath
Paul Varelans,Joe Moreira,Paul Varelans,1996-02-16,Decision - Unanimous,1,UFC 8: David vs Goliath
Don Frye,Thomas Ramirez,Don Frye,1996-02-16,KO/TKO,1,UFC 8: David vs Goliath
Dan Severn,Ken Shamrock,Dan Severn,1996-05-17,Decision - Split,3,UFC 9: Motor City Madness
Sam Adkins,Keith Mielke,Sam Adkins,1996-02-16,KO/TKO,1,UFC 8: David vs Goliath
Don Frye,Amaury Bitetti,Don Frye,1996-05-17,KO/TKO,1,UFC 9: Motor City Madness
Mark Hall,Koji Kitao,Mark Hall,1996-05-17,TKO - Doctor's Stoppage,1,UFC 9: Motor City Madness
Mark Schultz,Gary Goodridge,Mark Schultz,1996-05-17,TKO - Doctor's Stoppage,1,UFC 9: Motor City Madness
Steve Nelmark,Tai Bowden,Steve Nelmark,1996-05-17,TKO - Doctor's Stoppage,1,UFC 9: Motor City Madness
Cal Worsham,Zane Frazier,Cal Worsham,1996-05-17,KO/TKO,1,UFC 9: Motor City Madness
Rafael Carino,Matt Andersen,Rafael Carino,1996-05-17,KO/TKO,1,UFC 9: Motor City Madness
Dan Severn,David Abbott,Dan Severn,1995-12-16,Decision - Unanimous,1,UFC - Ultimate Ultimate '95
Dan Severn,Oleg Taktarov,Dan Severn,1995-12-16,Decision - Unanimous,2,UFC - Ultimate Ultimate '95
Oleg Taktarov,Marco Ruas,Oleg Taktarov,1995-12-16,Decision - Unanimous,1,UFC - Ultimate Ultimate '95
Oleg Taktarov,Dave Beneteau,Oleg Taktarov,1995-12-16,Submission,1,UFC - Ultimate Ultimate '95
Dan Severn,Paul Varelans,Dan Severn,1995-12-16,Submission,1,UFC - Ultimate Ultimate '95
Marco Ruas,Keith Hackney,Marco Ruas,1995-12-16,Submission,1,UFC - Ultimate Ultimate '95
David Abbott,Steve Jennum,David Abbott,1995-12-16,Submission,1,UFC - Ultimate Ultimate '95
Mark Hall,Trent Jenkins,Mark Hall,1995-12-16,Submission,1,UFC - Ultimate Ultimate '95
Joe Charles,Scott Bessac,Joe Charles,1995-12-16,Submission,1,UFC - Ultimate Ultimate '95
Paul Varelans,Mark Hall,Paul Varelans,1995-09-08,Submission,1,UFC 7: The Brawl in Buffalo
Marco Ruas,Remco Pardoel,Marco Ruas,1995-09-08,Submission,1,UFC 7: The Brawl in Buffalo
Marco Ruas,Larry Cureton,Marco Ruas,1995-09-08,Submission,1,UFC 7: The Brawl in Buffalo
Marco Ruas,Paul Varelans,Marco Ruas,1995-09-08,KO/TKO,1,UFC 7: The Brawl in Buffalo
Remco Pardoel,Ryan Parker,Remco Pardoel,1995-09-08,Submission,1,UFC 7: The Brawl in Buffalo
Mark Hall,Harold Howard,Mark Hall,1995-09-08,KO/TKO,1,UFC 7: The Brawl in Buffalo
Scott Bessac,David Hood,Scott Bessac,1995-09-08,Submission,1,UFC 7: The Brawl in Buffalo
Onassis Parungao,Francesco Maturi,Onassis Parungao,1995-09-08,KO/TKO,1,UFC 7: The Brawl in Buffalo
Paul Varelans,Gerry Harris,Paul Varelans,1995-09-08,KO/TKO,1,UFC 7: The Brawl in Buffalo
Oleg Taktarov,David Abbott,Oleg Taktarov,1995-07-14,Submission,1,UFC 6: Clash of the Titans
Ken Shamrock,Dan Severn,Ken Shamrock,1995-07-14,Submission,1,UFC 6: Clash of the Titans
Oleg Taktarov,Anthony Macias,Oleg Taktarov,1995-07-14,Submission,1,UFC 6: Clash of the Titans
Joel Sutton,Geza Kalman,Joel Sutton,1995-09-08,TKO - Doctor's Stoppage,1,UFC 7: The Brawl in Buffalo
David Abbott,Paul Varelans,David Abbott,1995-07-14,KO/TKO,1,UFC 6: Clash of the Titans
Paul Varelans,Cal Worsham,Paul Varelans,1995-07-14,KO/TKO,1,UFC 6: Clash of the Titans
Oleg Taktarov,Dave Beneteau,Oleg Taktarov,1995-07-14,Submission,1,UFC 6: Clash of the Titans
Patrick Smith,Rudyard Moncayo,Patrick Smith,1995-07-14,Submission,1,UFC 6: Clash of the Titans
Anthony Macias,He-Man Gipson,Anthony Macias,1995-07-14,KO/TKO,1,UFC 6: Clash of the Titans
David Abbott,John Matua,David Abbott,1995-07-14,KO/TKO,1,UFC 6: Clash of the Titans
Joel Sutton,Jack McGlaughlin,Joel Sutton,1995-07-14,KO/TKO,1,UFC 6: Clash of the Titans
Dan Severn,Dave Beneteau,Dan Severn,1995-04-07,Submission,1,UFC 5: The Return of the Beast
Dan Severn,Oleg Taktarov,Dan Severn,1995-04-07,TKO - Doctor's Stoppage,1,UFC 5: The Return of the Beast
Dan Severn,Joe Charles,Dan Severn,1995-04-07,Submission,1,UFC 5: The Return of the Beast
Dave Beneteau,Todd Medina,Dave Beneteau,1995-04-07,KO/TKO,1,UFC 5: The Return of the Beast
Todd Medina,Larry Cureton,Todd Medina,1995-04-07,Submission,1,UFC 5: The Return of the Beast
Oleg Taktarov,Ernie Verdicia,Oleg Taktarov,1995-04-07,Submission,1,UFC 5: The Return of the Beast
Guy Mezger,John Dowdy,Guy Mezger,1995-04-07,KO/TKO,1,UFC 5: The Return of the Beast
Jon Hess,Andy Anderson,Jon Hess,1995-04-07,KO/TKO,1,UFC 5: The Return of the Beast
Dave Beneteau,Asbel Cancio,Dave Beneteau,1995-04-07,KO/TKO,1,UFC 5: The Return of the Beast
Ken Shamrock,Felix Lee Mitchell,Ken Shamrock,1994-09-09,Submission,1,UFC 3: The American Dream
Steve Jennum,Harold Howard,Steve Jennum,1994-09-09,KO/TKO,1,UFC 3: The American Dream
Royce Gracie,Kimo Leopoldo,Royce Gracie,1994-09-09,Submission,1,UFC 3: The American Dream
Ken Shamrock,Christophe Leninger,Ken Shamrock,1994-09-09,KO/TKO,1,UFC 3: The American Dream
Harold Howard,Roland Payne,Harold Howard,1994-09-09,KO/TKO,1,UFC 3: The American Dream
Keith Hackney,Emmanuel Yarborough,Keith Hackney,1994-09-09,KO/TKO,1,UFC 3: The American Dream
Royce Gracie,Dan Severn,Royce Gracie,1994-12-16,Submission,1,UFC 4: Revenge of the Warriors
Dan Severn,Marcus Bossett,Dan Severn,1994-12-16,Submission,1,UFC 4: Revenge of the Warriors
Royce Gracie,Keith Hackney,Royce Gracie,1994-12-16,Submission,1,UFC 4: Revenge of the Warriors
Dan Severn,Anthony Macias,Dan Severn,1994-12-16,Submission,1,UFC 4: Revenge of the Warriors
Steve Jennum,Melton Bowen,Steve Jennum,1994-12-16,Submission,1,UFC 4: Revenge of the Warriors
Royce Gracie,Ron van Clief,Royce Gracie,1994-12-16,Submission,1,UFC 4: Revenge of the Warriors
Keith Hackney,Joe Son,Keith Hackney,1994-12-16,Submission,1,UFC 4: Revenge of the Warriors
Guy Mezger,Jason Fairn,Guy Mezger,1994-12-16,KO/TKO,1,UFC 4: Revenge of the Warriors
Marcus Bossett,Eldo Xavier Dias,Marcus Bossett,1994-12-16,KO/TKO,1,UFC 4: Revenge of the Warriors
Royce Gracie,Patrick Smith,Royce Gracie,1994-03-11,KO/TKO,1,UFC 2: No Way Out
Joe Charles,Kevin Rosier,Joe Charles,1994-12-16,Submission,1,UFC 4: Revenge of the Warriors
Royce Gracie,Remco Pardoel,Royce Gracie,1994-03-11,Submission,1,UFC 2: No Way Out
Royce Gracie,Jason DeLucia,Royce Gracie,1994-03-11,Submission,1,UFC 2: No Way Out
Patrick Smith,Johnny Rhodes,Patrick Smith,1994-03-11,Submission,1,UFC 2: No Way Out
Remco Pardoel,Orlando Wiet,Remco Pardoel,1994-03-11,KO/TKO,1,UFC 2: No Way Out
Johnny Rhodes,Fred Ettish,Johnny Rhodes,1994-03-11,Submission,1,UFC 2: No Way Out
Patrick Smith,Scott Morris,Patrick Smith,1994-03-11,KO/TKO,1,UFC 2: No Way Out
Royce Gracie,Minoki Ichihara,Royce Gracie,1994-03-11,Submission,1,UFC 2: No Way Out
Remco Pardoel,Alberta Cerra Leon,Remco Pardoel,1994-03-11,Submission,1,UFC 2: No Way Out
Jason DeLucia,Scott Baker,Jason DeLucia,1994-03-11,Submission,1,UFC 2: No Way Out
Orlando Wiet,Robert Lucarelli,Orlando Wiet,1994-03-11,KO/TKO,1,UFC 2: No Way Out
Johnny Rhodes,David Levicki,Johnny Rhodes,1994-03-11,KO/TKO,1,UFC 2: No Way Out
Frank Hamaker,Thaddeus Luster,Frank Hamaker,1994-03-11,Submission,1,UFC 2: No Way Out
Patrick Smith,Ray Wizard,Patrick Smith,1994-03-11,Submission,1,UFC 2: No Way Out
Scott Morris,Sean Daugherty,Scott Morris,1994-03-11,Submission,1,UFC 2: No Way Out
